seed,condition,step,selected,aversion_penalty,candidate_id,cost_penalty,domain,efficacy,efficacy_term,novelty_term,priority,probability,question_bonus,score,uncertainty
400,updated,0,finish,0.05691334916616003,understand,0.05,understand,0.75,0.26249999999999996,0.2848140748757189,0.3258822598143184,0.92,0.1,0.8662829855238773,0.5
400,updated,0,finish,0.05691334916616003,create,0.05,create,0.75,0.26249999999999996,0.2848140748757189,0.0936391767989647,0.02,0.0,0.5340399025085236,0.5
400,updated,0,finish,0.05691334916616003,explore,0.05,explore,0.75,0.26249999999999996,0.2848140748757189,0.2561419015492934,0.02,0.0,0.6965426272588522,0.5
400,updated,0,finish,0.05691334916616003,finish,0.05,finish,0.75,0.26249999999999996,0.2848140748757189,0.20067266233326989,0.02,0.0,0.6410733880428288,0.5
400,updated,0,finish,0.05691334916616003,connect,0.05,connect,0.75,0.26249999999999996,0.2848140748757189,0.12366399950415356,0.02,0.1,0.6640647252137123,0.5
400,updated,1,connect,0.05691334916616003,understand,0.05,understand,0.75,0.26249999999999996,0.2848140748757189,0.321424707669289,0.92,0.1,0.8618254333788479,0.5
400,updated,1,connect,0.05691334916616003,create,0.05,create,0.75,0.26249999999999996,0.2848140748757189,0.09520897939869472,0.02,0.0,0.5356097051082536,0.5
400,updated,1,connect,0.05691334916616003,explore,0.05,explore,0.75,0.26249999999999996,0.2848140748757189,0.25349430591118016,0.02,0.0,0.6938950316207391,0.5
400,updated,1,connect,0.04553067933292803,finish,0.05,finish,0.8,0.27999999999999997,0.2697797639120239,0.20541743267798213,0.02,0.0,0.6596665172570779,0.4472135954999579
400,updated,1,connect,0.05691334916616003,connect,0.05,connect,0.75,0.26249999999999996,0.2848140748757189,0.1244545743428539,0.02,0.1,0.6648553000524128,0.5
400,updated,2,understand,0.05691334916616003,understand,0.05,understand,0.75,0.26249999999999996,0.2848140748757189,0.3212958693276721,0.92,0.1,0.861696595037231,0.5
400,updated,2,understand,0.05691334916616003,create,0.05,create,0.75,0.26249999999999996,0.2848140748757189,0.09798597918984955,0.02,0.0,0.5383867048994084,0.5
400,updated,2,understand,0.05691334916616003,explore,0.05,explore,0.75,0.26249999999999996,0.2848140748757189,0.25423806273928157,0.02,0.0,0.6946387884488403,0.5
400,updated,2,understand,0.04553067933292803,finish,0.05,finish,0.8,0.27999999999999997,0.2697797639120239,0.20677875757976913,0.02,0.0,0.6610278421588649,0.4472135954999579
400,updated,2,understand,0.08821569120754805,connect,0.05,connect,0.6,0.21,0.2697797639120239,0.11970133116342756,0.02,0.1,0.5612654038679034,0.4472135954999579
400,updated,3,understand,0.04553067933292803,understand,0.05,understand,0.8,0.27999999999999997,0.2697797639120239,0.34504426978205843,0.92,0.1,0.8992933543611542,0.4472135954999579
400,updated,3,understand,0.05691334916616003,create,0.05,create,0.75,0.26249999999999996,0.2848140748757189,0.09624741688598512,0.02,0.0,0.536648142595544,0.5
400,updated,3,understand,0.05691334916616003,explore,0.05,explore,0.75,0.26249999999999996,0.2848140748757189,0.24334857574220417,0.02,0.0,0.683749301451763,0.5
400,updated,3,understand,0.04553067933292803,finish,0.05,finish,0.8,0.27999999999999997,0.2697797639120239,0.19866873129541573,0.02,0.0,0.6529178158745116,0.4472135954999579
400,updated,3,understand,0.08821569120754805,connect,0.05,connect,0.6,0.21,0.2697797639120239,0.11669100629433654,0.02,0.1,0.5582550789988124,0.4472135954999579
400,updated,4,understand,0.03642454346634243,understand,0.05,understand,0.8333333333333334,0.2916666666666667,0.2586818966059184,0.36919013563111636,0.92,0.1,0.9331141554373589,0.4082482904638631
400,updated,4,understand,0.05691334916616003,create,0.05,create,0.75,0.26249999999999996,0.2848140748757189,0.09434787939306578,0.02,0.0,0.5347486051026247,0.5
400,updated,4,understand,0.05691334916616003,explore,0.05,explore,0.75,0.26249999999999996,0.2848140748757189,0.23243239312776248,0.02,0.0,0.6728331188373213,0.5
400,updated,4,understand,0.04553067933292803,finish,0.05,finish,0.8,0.27999999999999997,0.2697797639120239,0.19049122392047557,0.02,0.0,0.6447403084995714,0.4472135954999579
400,updated,4,understand,0.08821569120754805,connect,0.05,connect,0.6,0.21,0.2697797639120239,0.11353836792757983,0.02,0.1,0.5551024406320556,0.4472135954999579
400,updated,5,understand,0.029139634773073943,understand,0.05,understand,0.8571428571428571,0.3,0.2500566391538711,0.39359694701332487,0.92,0.1,0.964513951394122,0.3779644730092272
400,updated,5,understand,0.05691334916616003,create,0.05,create,0.75,0.26249999999999996,0.2848140748757189,0.0923043832743722,0.02,0.0,0.532705108983931,0.5
400,updated,5,understand,0.05691334916616003,explore,0.05,explore,0.75,0.26249999999999996,0.2848140748757189,0.22154383098134572,0.02,0.0,0.6619445566909046,0.5
400,updated,5,understand,0.04553067933292803,finish,0.05,finish,0.8,0.27999999999999997,0.2697797639120239,0.18228922235123632,0.02,0.0,0.6365383069303321,0.4472135954999579
400,updated,5,understand,0.08821569120754805,connect,0.05,connect,0.6,0.21,0.2697797639120239,0.11026561637972085,0.02,0.1,0.5518296890841966,0.4472135954999579
400,updated,6,understand,0.023311707818459152,understand,0.05,understand,0.875,0.30624999999999997,0.24310401929885642,0.41812210294668867,0.92,0.1,0.9941644144270858,0.35355339059327373
400,updated,6,understand,0.05691334916616003,create,0.05,create,0.75,0.26249999999999996,0.2848140748757189,0.09013579703935352,0.02,0.0,0.5305365227489123,0.5
400,updated,6,understand,0.05691334916616003,explore,0.05,explore,0.75,0.26249999999999996,0.2848140748757189,0.21073833445164555,0.02,0.0,0.6511390601612044,0.5
400,updated,6,understand,0.04553067933292803,finish,0.05,finish,0.8,0.27999999999999997,0.2697797639120239,0.17410706211247876,0.02,0.0,0.6283561466915746,0.4472135954999579
400,updated,6,understand,0.08821569120754805,connect,0.05,connect,0.6,0.21,0.2697797639120239,0.10689670344983353,0.02,0.1,0.5484607761543093,0.4472135954999579
400,updated,7,explore,0.018649366254767326,understand,0.05,understand,0.8888888888888888,0.31111111111111106,0.2373450623964324,0.4426202122585421,0.92,0.1,1.0224270195113183,0.3333333333333333
400,updated,7,explore,0.05691334916616003,create,0.05,create,0.75,0.26249999999999996,0.2848140748757189,0.0878624373192191,0.02,0.0,0.528263163028778,0.5
400,updated,7,explore,0.05691334916616003,explore,0.05,explore,0.75,0.26249999999999996,0.2848140748757189,0.2000711608950622,0.02,0.0,0.6404718866046211,0.5
400,updated,7,explore,0.04553067933292803,finish,0.05,finish,0.8,0.27999999999999997,0.2697797639120239,0.16598938782186928,0.02,0.0,0.6202384724009651,0.4472135954999579
400,updated,7,explore,0.08821569120754805,connect,0.05,connect,0.6,0.21,0.2697797639120239,0.10345680170530738,0.02,0.1,0.5450208744097832,0.4472135954999579
400,updated,8,understand,0.018649366254767326,understand,0.05,understand,0.8888888888888888,0.31111111111111106,0.2373450623964324,0.44780851385639375,0.92,0.1,1.0276153211091699,0.3333333333333333
400,updated,8,understand,0.05691334916616003,create,0.05,create,0.75,0.26249999999999996,0.2848140748757189,0.09209832142881458,0.02,0.0,0.5324990471383735,0.5
400,updated,8,understand,0.11667236579062806,explore,0.05,explore,0.6,0.21,0.2697797639120239,0.18192359354194543,0.02,0.0,0.49503099166334114,0.4472135954999579
400,updated,8,understand,0.04553067933292803,finish,0.05,finish,0.8,0.27999999999999997,0.2697797639120239,0.1704350191990915,0.02,0.0,0.6246841037781874,0.4472135954999579
400,updated,8,understand,0.08821569120754805,connect,0.05,connect,0.6,0.21,0.2697797639120239,0.10773455197375476,0.02,0.1,0.5492986246782307,0.4472135954999579
400,updated,9,understand,0.01491949300381386,understand,0.05,understand,0.9,0.315,0.23247315606596047,0.4720799942921888,0.92,0.1,1.0546336573543353,0.31622776601683794
400,updated,9,understand,0.05691334916616003,create,0.05,create,0.75,0.26249999999999996,0.2848140748757189,0.08938156493643812,0.02,0.0,0.529782290645997,0.5
400,updated,9,understand,0.11667236579062806,explore,0.05,explore,0.6,0.21,0.2697797639120239,0.17265585468327593,0.02,0.0,0.48576325280467164,0.4472135954999579
400,updated,9,understand,0.04553067933292803,finish,0.05,finish,0.8,0.27999999999999997,0.2697797639120239,0.16200514529939583,0.02,0.0,0.6162542298784917,0.4472135954999579
400,updated,9,understand,0.08821569120754805,connect,0.05,connect,0.6,0.21,0.2697797639120239,0.10387744078870133,0.02,0.1,0.5454415134931772,0.4472135954999579
400,frozen,0,finish,0.05691334916616003,understand,0.05,understand,0.75,0.26249999999999996,0.2848140748757189,0.3258822598143184,0.92,0.1,0.8662829855238773,0.5
400,frozen,0,finish,0.05691334916616003,create,0.05,create,0.75,0.26249999999999996,0.2848140748757189,0.0936391767989647,0.02,0.0,0.5340399025085236,0.5
400,frozen,0,finish,0.05691334916616003,explore,0.05,explore,0.75,0.26249999999999996,0.2848140748757189,0.2561419015492934,0.02,0.0,0.6965426272588522,0.5
400,frozen,0,finish,0.05691334916616003,finish,0.05,finish,0.75,0.26249999999999996,0.2848140748757189,0.20067266233326989,0.02,0.0,0.6410733880428288,0.5
400,frozen,0,finish,0.05691334916616003,connect,0.05,connect,0.75,0.26249999999999996,0.2848140748757189,0.12366399950415356,0.02,0.1,0.6640647252137123,0.5
400,frozen,1,connect,0.05691334916616003,understand,0.05,understand,0.75,0.26249999999999996,0.2848140748757189,0.3258822598143184,0.92,0.1,0.8662829855238773,0.5
400,frozen,1,connect,0.05691334916616003,create,0.05,create,0.75,0.26249999999999996,0.2848140748757189,0.0936391767989647,0.02,0.0,0.5340399025085236,0.5
400,frozen,1,connect,0.05691334916616003,explore,0.05,explore,0.75,0.26249999999999996,0.2848140748757189,0.2561419015492934,0.02,0.0,0.6965426272588522,0.5
400,frozen,1,connect,0.05691334916616003,finish,0.05,finish,0.75,0.26249999999999996,0.2848140748757189,0.20067266233326989,0.02,0.0,0.6410733880428288,0.5
400,frozen,1,connect,0.05691334916616003,connect,0.05,connect,0.75,0.26249999999999996,0.2848140748757189,0.12366399950415356,0.02,0.1,0.6640647252137123,0.5
400,frozen,2,understand,0.05691334916616003,understand,0.05,understand,0.75,0.26249999999999996,0.2848140748757189,0.3258822598143184,0.92,0.1,0.8662829855238773,0.5
400,frozen,2,understand,0.05691334916616003,create,0.05,create,0.75,0.26249999999999996,0.2848140748757189,0.0936391767989647,0.02,0.0,0.5340399025085236,0.5
400,frozen,2,understand,0.05691334916616003,explore,0.05,explore,0.75,0.26249999999999996,0.2848140748757189,0.2561419015492934,0.02,0.0,0.6965426272588522,0.5
400,frozen,2,understand,0.05691334916616003,finish,0.05,finish,0.75,0.26249999999999996,0.2848140748757189,0.20067266233326989,0.02,0.0,0.6410733880428288,0.5
400,frozen,2,understand,0.05691334916616003,connect,0.05,connect,0.75,0.26249999999999996,0.2848140748757189,0.12366399950415356,0.02,0.1,0.6640647252137123,0.5
400,frozen,3,understand,0.05691334916616003,understand,0.05,understand,0.75,0.26249999999999996,0.2848140748757189,0.3258822598143184,0.92,0.1,0.8662829855238773,0.5
400,frozen,3,understand,0.05691334916616003,create,0.05,create,0.75,0.26249999999999996,0.2848140748757189,0.0936391767989647,0.02,0.0,0.5340399025085236,0.5
400,frozen,3,understand,0.05691334916616003,explore,0.05,explore,0.75,0.26249999999999996,0.2848140748757189,0.2561419015492934,0.02,0.0,0.6965426272588522,0.5
400,frozen,3,understand,0.05691334916616003,finish,0.05,finish,0.75,0.26249999999999996,0.2848140748757189,0.20067266233326989,0.02,0.0,0.6410733880428288,0.5
400,frozen,3,understand,0.05691334916616003,connect,0.05,connect,0.75,0.26249999999999996,0.2848140748757189,0.12366399950415356,0.02,0.1,0.6640647252137123,0.5
400,frozen,4,understand,0.05691334916616003,understand,0.05,understand,0.75,0.26249999999999996,0.2848140748757189,0.3258822598143184,0.92,0.1,0.8662829855238773,0.5
400,frozen,4,understand,0.05691334916616003,create,0.05,create,0.75,0.26249999999999996,0.2848140748757189,0.0936391767989647,0.02,0.0,0.5340399025085236,0.5
400,frozen,4,understand,0.05691334916616003,explore,0.05,explore,0.75,0.26249999999999996,0.2848140748757189,0.2561419015492934,0.02,0.0,0.6965426272588522,0.5
400,frozen,4,understand,0.05691334916616003,finish,0.05,finish,0.75,0.26249999999999996,0.2848140748757189,0.20067266233326989,0.02,0.0,0.6410733880428288,0.5
400,frozen,4,understand,0.05691334916616003,connect,0.05,connect,0.75,0.26249999999999996,0.2848140748757189,0.12366399950415356,0.02,0.1,0.6640647252137123,0.5
400,frozen,5,understand,0.05691334916616003,understand,0.05,understand,0.75,0.26249999999999996,0.2848140748757189,0.3258822598143184,0.92,0.1,0.8662829855238773,0.5
400,frozen,5,understand,0.05691334916616003,create,0.05,create,0.75,0.26249999999999996,0.2848140748757189,0.0936391767989647,0.02,0.0,0.5340399025085236,0.5
400,frozen,5,understand,0.05691334916616003,explore,0.05,explore,0.75,0.26249999999999996,0.2848140748757189,0.2561419015492934,0.02,0.0,0.6965426272588522,0.5
400,frozen,5,understand,0.05691334916616003,finish,0.05,finish,0.75,0.26249999999999996,0.2848140748757189,0.20067266233326989,0.02,0.0,0.6410733880428288,0.5
400,frozen,5,understand,0.05691334916616003,connect,0.05,connect,0.75,0.26249999999999996,0.2848140748757189,0.12366399950415356,0.02,0.1,0.6640647252137123,0.5
400,frozen,6,understand,0.05691334916616003,understand,0.05,understand,0.75,0.26249999999999996,0.2848140748757189,0.3258822598143184,0.92,0.1,0.8662829855238773,0.5
400,frozen,6,understand,0.05691334916616003,create,0.05,create,0.75,0.26249999999999996,0.2848140748757189,0.0936391767989647,0.02,0.0,0.5340399025085236,0.5
400,frozen,6,understand,0.05691334916616003,explore,0.05,explore,0.75,0.26249999999999996,0.2848140748757189,0.2561419015492934,0.02,0.0,0.6965426272588522,0.5
400,frozen,6,understand,0.05691334916616003,finish,0.05,finish,0.75,0.26249999999999996,0.2848140748757189,0.20067266233326989,0.02,0.0,0.6410733880428288,0.5
400,frozen,6,understand,0.05691334916616003,connect,0.05,connect,0.75,0.26249999999999996,0.2848140748757189,0.12366399950415356,0.02,0.1,0.6640647252137123,0.5
400,frozen,7,explore,0.05691334916616003,understand,0.05,understand,0.75,0.26249999999999996,0.2848140748757189,0.3258822598143184,0.92,0.1,0.8662829855238773,0.5
400,frozen,7,explore,0.05691334916616003,create,0.05,create,0.75,0.26249999999999996,0.2848140748757189,0.0936391767989647,0.02,0.0,0.5340399025085236,0.5
400,frozen,7,explore,0.05691334916616003,explore,0.05,explore,0.75,0.26249999999999996,0.2848140748757189,0.2561419015492934,0.02,0.0,0.6965426272588522,0.5
400,frozen,7,explore,0.05691334916616003,finish,0.05,finish,0.75,0.26249999999999996,0.2848140748757189,0.20067266233326989,0.02,0.0,0.6410733880428288,0.5
400,frozen,7,explore,0.05691334916616003,connect,0.05,connect,0.75,0.26249999999999996,0.2848140748757189,0.12366399950415356,0.02,0.1,0.6640647252137123,0.5
400,frozen,8,understand,0.05691334916616003,understand,0.05,understand,0.75,0.26249999999999996,0.2848140748757189,0.3258822598143184,0.92,0.1,0.8662829855238773,0.5
400,frozen,8,understand,0.05691334916616003,create,0.05,create,0.75,0.26249999999999996,0.2848140748757189,0.0936391767989647,0.02,0.0,0.5340399025085236,0.5
400,frozen,8,understand,0.05691334916616003,explore,0.05,explore,0.75,0.26249999999999996,0.2848140748757189,0.2561419015492934,0.02,0.0,0.6965426272588522,0.5
400,frozen,8,understand,0.05691334916616003,finish,0.05,finish,0.75,0.26249999999999996,0.2848140748757189,0.20067266233326989,0.02,0.0,0.6410733880428288,0.5
400,frozen,8,understand,0.05691334916616003,connect,0.05,connect,0.75,0.26249999999999996,0.2848140748757189,0.12366399950415356,0.02,0.1,0.6640647252137123,0.5
400,frozen,9,understand,0.05691334916616003,understand,0.05,understand,0.75,0.26249999999999996,0.2848140748757189,0.3258822598143184,0.92,0.1,0.8662829855238773,0.5
400,frozen,9,understand,0.05691334916616003,create,0.05,create,0.75,0.26249999999999996,0.2848140748757189,0.0936391767989647,0.02,0.0,0.5340399025085236,0.5
400,frozen,9,understand,0.05691334916616003,explore,0.05,explore,0.75,0.26249999999999996,0.2848140748757189,0.2561419015492934,0.02,0.0,0.6965426272588522,0.5
400,frozen,9,understand,0.05691334916616003,finish,0.05,finish,0.75,0.26249999999999996,0.2848140748757189,0.20067266233326989,0.02,0.0,0.6410733880428288,0.5
400,frozen,9,understand,0.05691334916616003,connect,0.05,connect,0.75,0.26249999999999996,0.2848140748757189,0.12366399950415356,0.02,0.1,0.6640647252137123,0.5
400,neutral,0,finish,0.05691334916616003,understand,0.05,understand,0.75,0.26249999999999996,0.2848140748757189,0.2,0.47000000000000003,0.1,0.7404007257095587,0.5
400,neutral,0,finish,0.05691334916616003,create,0.05,create,0.75,0.26249999999999996,0.2848140748757189,0.2,0.02,0.0,0.6404007257095587,0.5
400,neutral,0,finish,0.05691334916616003,explore,0.05,explore,0.75,0.26249999999999996,0.2848140748757189,0.2,0.02,0.0,0.6404007257095587,0.5
400,neutral,0,finish,0.05691334916616003,finish,0.05,finish,0.75,0.26249999999999996,0.2848140748757189,0.2,0.02,0.0,0.6404007257095587,0.5
400,neutral,0,finish,0.05691334916616003,connect,0.05,connect,0.75,0.26249999999999996,0.2848140748757189,0.2,0.47000000000000003,0.1,0.7404007257095587,0.5
400,neutral,1,connect,0.05691334916616003,understand,0.05,understand,0.75,0.26249999999999996,0.2848140748757189,0.2,0.47000000000000003,0.1,0.7404007257095587,0.5
400,neutral,1,connect,0.05691334916616003,create,0.05,create,0.75,0.26249999999999996,0.2848140748757189,0.2,0.02,0.0,0.6404007257095587,0.5
400,neutral,1,connect,0.05691334916616003,explore,0.05,explore,0.75,0.26249999999999996,0.2848140748757189,0.2,0.02,0.0,0.6404007257095587,0.5
400,neutral,1,connect,0.04553067933292803,finish,0.05,finish,0.8,0.27999999999999997,0.2697797639120239,0.2,0.02,0.0,0.6542490845790958,0.4472135954999579
400,neutral,1,connect,0.05691334916616003,connect,0.05,connect,0.75,0.26249999999999996,0.2848140748757189,0.2,0.47000000000000003,0.1,0.7404007257095587,0.5
400,neutral,2,understand,0.05691334916616003,understand,0.05,understand,0.75,0.26249999999999996,0.2848140748757189,0.2,0.92,0.1,0.7404007257095587,0.5
400,neutral,2,understand,0.05691334916616003,create,0.05,create,0.75,0.26249999999999996,0.2848140748757189,0.2,0.02,0.0,0.6404007257095587,0.5
400,neutral,2,understand,0.05691334916616003,explore,0.05,explore,0.75,0.26249999999999996,0.2848140748757189,0.2,0.02,0.0,0.6404007257095587,0.5
400,neutral,2,understand,0.04553067933292803,finish,0.05,finish,0.8,0.27999999999999997,0.2697797639120239,0.2,0.02,0.0,0.6542490845790958,0.4472135954999579
400,neutral,2,understand,0.08821569120754805,connect,0.05,connect,0.6,0.21,0.2697797639120239,0.2,0.02,0.1,0.6415640727044759,0.4472135954999579
400,neutral,3,understand,0.04553067933292803,understand,0.05,understand,0.8,0.27999999999999997,0.2697797639120239,0.2,0.92,0.1,0.7542490845790958,0.4472135954999579
400,neutral,3,understand,0.05691334916616003,create,0.05,create,0.75,0.26249999999999996,0.2848140748757189,0.2,0.02,0.0,0.6404007257095587,0.5
400,neutral,3,understand,0.05691334916616003,explore,0.05,explore,0.75,0.26249999999999996,0.2848140748757189,0.2,0.02,0.0,0.6404007257095587,0.5
400,neutral,3,understand,0.04553067933292803,finish,0.05,finish,0.8,0.27999999999999997,0.2697797639120239,0.2,0.02,0.0,0.6542490845790958,0.4472135954999579
400,neutral,3,understand,0.08821569120754805,connect,0.05,connect,0.6,0.21,0.2697797639120239,0.2,0.02,0.1,0.6415640727044759,0.4472135954999579
400,neutral,4,understand,0.03642454346634243,understand,0.05,understand,0.8333333333333334,0.2916666666666667,0.2586818966059184,0.2,0.92,0.1,0.7639240198062426,0.4082482904638631
400,neutral,4,understand,0.05691334916616003,create,0.05,create,0.75,0.26249999999999996,0.2848140748757189,0.2,0.02,0.0,0.6404007257095587,0.5
400,neutral,4,understand,0.05691334916616003,explore,0.05,explore,0.75,0.26249999999999996,0.2848140748757189,0.2,0.02,0.0,0.6404007257095587,0.5
400,neutral,4,understand,0.04553067933292803,finish,0.05,finish,0.8,0.27999999999999997,0.2697797639120239,0.2,0.02,0.0,0.6542490845790958,0.4472135954999579
400,neutral,4,understand,0.08821569120754805,connect,0.05,connect,0.6,0.21,0.2697797639120239,0.2,0.02,0.1,0.6415640727044759,0.4472135954999579
400,neutral,5,understand,0.029139634773073943,understand,0.05,understand,0.8571428571428571,0.3,0.2500566391538711,0.2,0.92,0.1,0.7709170043807971,0.3779644730092272
400,neutral,5,understand,0.05691334916616003,create,0.05,create,0.75,0.26249999999999996,0.2848140748757189,0.2,0.02,0.0,0.6404007257095587,0.5
400,neutral,5,understand,0.05691334916616003,explore,0.05,explore,0.75,0.26249999999999996,0.2848140748757189,0.2,0.02,0.0,0.6404007257095587,0.5
400,neutral,5,understand,0.04553067933292803,finish,0.05,finish,0.8,0.27999999999999997,0.2697797639120239,0.2,0.02,0.0,0.6542490845790958,0.4472135954999579
400,neutral,5,understand,0.08821569120754805,connect,0.05,connect,0.6,0.21,0.2697797639120239,0.2,0.02,0.1,0.6415640727044759,0.4472135954999579
400,neutral,6,understand,0.023311707818459152,understand,0.05,understand,0.875,0.30624999999999997,0.24310401929885642,0.2,0.92,0.1,0.7760423114803972,0.35355339059327373
400,neutral,6,understand,0.05691334916616003,create,0.05,create,0.75,0.26249999999999996,0.2848140748757189,0.2,0.02,0.0,0.6404007257095587,0.5
400,neutral,6,understand,0.05691334916616003,explore,0.05,explore,0.75,0.26249999999999996,0.2848140748757189,0.2,0.02,0.0,0.6404007257095587,0.5
400,neutral,6,understand,0.04553067933292803,finish,0.05,finish,0.8,0.27999999999999997,0.2697797639120239,0.2,0.02,0.0,0.6542490845790958,0.4472135954999579
400,neutral,6,understand,0.08821569120754805,connect,0.05,connect,0.6,0.21,0.2697797639120239,0.2,0.02,0.1,0.6415640727044759,0.4472135954999579
400,neutral,7,explore,0.018649366254767326,understand,0.05,understand,0.8888888888888888,0.31111111111111106,0.2373450623964324,0.2,0.92,0.1,0.7798068072527761,0.3333333333333333
400,neutral,7,explore,0.05691334916616003,create,0.05,create,0.75,0.26249999999999996,0.2848140748757189,0.2,0.02,0.0,0.6404007257095587,0.5
400,neutral,7,explore,0.05691334916616003,explore,0.05,explore,0.75,0.26249999999999996,0.2848140748757189,0.2,0.02,0.0,0.6404007257095587,0.5
400,neutral,7,explore,0.04553067933292803,finish,0.05,finish,0.8,0.27999999999999997,0.2697797639120239,0.2,0.02,0.0,0.6542490845790958,0.4472135954999579
400,neutral,7,explore,0.08821569120754805,connect,0.05,connect,0.6,0.21,0.2697797639120239,0.2,0.02,0.1,0.6415640727044759,0.4472135954999579
400,neutral,8,understand,0.018649366254767326,understand,0.05,understand,0.8888888888888888,0.31111111111111106,0.2373450623964324,0.2,0.92,0.1,0.7798068072527761,0.3333333333333333
400,neutral,8,understand,0.05691334916616003,create,0.05,create,0.75,0.26249999999999996,0.2848140748757189,0.2,0.02,0.0,0.6404007257095587,0.5
400,neutral,8,understand,0.11667236579062806,explore,0.05,explore,0.6,0.21,0.2697797639120239,0.2,0.02,0.0,0.5131073981213958,0.4472135954999579
400,neutral,8,understand,0.04553067933292803,finish,0.05,finish,0.8,0.27999999999999997,0.2697797639120239,0.2,0.02,0.0,0.6542490845790958,0.4472135954999579
400,neutral,8,understand,0.08821569120754805,connect,0.05,connect,0.6,0.21,0.2697797639120239,0.2,0.02,0.1,0.6415640727044759,0.4472135954999579
400,neutral,9,understand,0.01491949300381386,understand,0.05,understand,0.9,0.315,0.23247315606596047,0.2,0.92,0.1,0.7825536630621465,0.31622776601683794
400,neutral,9,understand,0.05691334916616003,create,0.05,create,0.75,0.26249999999999996,0.2848140748757189,0.2,0.02,0.0,0.6404007257095587,0.5
400,neutral,9,understand,0.11667236579062806,explore,0.05,explore,0.6,0.21,0.2697797639120239,0.2,0.02,0.0,0.5131073981213958,0.4472135954999579
400,neutral,9,understand,0.04553067933292803,finish,0.05,finish,0.8,0.27999999999999997,0.2697797639120239,0.2,0.02,0.0,0.6542490845790958,0.4472135954999579
400,neutral,9,understand,0.08821569120754805,connect,0.05,connect,0.6,0.21,0.2697797639120239,0.2,0.02,0.1,0.6415640727044759,0.4472135954999579
400,no-aversion,0,finish,0.0,understand,0.05,understand,0.75,0.26249999999999996,0.2848140748757189,0.3258822598143184,0.92,0.1,0.9231963346900373,0.5
400,no-aversion,0,finish,0.0,create,0.05,create,0.75,0.26249999999999996,0.2848140748757189,0.0936391767989647,0.02,0.0,0.5909532516746836,0.5
400,no-aversion,0,finish,0.0,explore,0.05,explore,0.75,0.26249999999999996,0.2848140748757189,0.2561419015492934,0.02,0.0,0.7534559764250122,0.5
400,no-aversion,0,finish,0.0,finish,0.05,finish,0.75,0.26249999999999996,0.2848140748757189,0.20067266233326989,0.02,0.0,0.6979867372089887,0.5
400,no-aversion,0,finish,0.0,connect,0.05,connect,0.75,0.26249999999999996,0.2848140748757189,0.12366399950415356,0.02,0.1,0.7209780743798724,0.5
400,no-aversion,1,connect,0.0,understand,0.05,understand,0.75,0.26249999999999996,0.2848140748757189,0.321424707669289,0.92,0.1,0.9187387825450078,0.5
400,no-aversion,1,connect,0.0,create,0.05,create,0.75,0.26249999999999996,0.2848140748757189,0.09520897939869472,0.02,0.0,0.5925230542744135,0.5
400,no-aversion,1,connect,0.0,explore,0.05,explore,0.75,0.26249999999999996,0.2848140748757189,0.25349430591118016,0.02,0.0,0.750808380786899,0.5
400,no-aversion,1,connect,0.0,finish,0.05,finish,0.8,0.27999999999999997,0.2697797639120239,0.20541743267798213,0.02,0.0,0.7051971965900059,0.4472135954999579
400,no-aversion,1,connect,0.0,connect,0.05,connect,0.75,0.26249999999999996,0.2848140748757189,0.1244545743428539,0.02,0.1,0.7217686492185728,0.5
400,no-aversion,2,understand,0.0,understand,0.05,understand,0.75,0.26249999999999996,0.2848140748757189,0.3212958693276721,0.92,0.1,0.9186099442033909,0.5
400,no-aversion,2,understand,0.0,create,0.05,create,0.75,0.26249999999999996,0.2848140748757189,0.09798597918984955,0.02,0.0,0.5953000540655684,0.5
400,no-aversion,2,understand,0.0,explore,0.05,explore,0.75,0.26249999999999996,0.2848140748757189,0.25423806273928157,0.02,0.0,0.7515521376150003,0.5
400,no-aversion,2,understand,0.0,finish,0.05,finish,0.8,0.27999999999999997,0.2697797639120239,0.20677875757976913,0.02,0.0,0.7065585214917929,0.4472135954999579
400,no-aversion,2,understand,0.0,connect,0.05,connect,0.6,0.21,0.2697797639120239,0.11970133116342756,0.02,0.1,0.6494810950754514,0.4472135954999579
400,no-aversion,3,understand,0.0,understand,0.05,understand,0.8,0.27999999999999997,0.2697797639120239,0.34504426978205843,0.92,0.1,0.9448240336940822,0.4472135954999579
400,no-aversion,3,understand,0.0,create,0.05,create,0.75,0.26249999999999996,0.2848140748757189,0.09624741688598512,0.02,0.0,0.593561491761704,0.5
400,no-aversion,3,understand,0.0,explore,0.05,explore,0.75,0.26249999999999996,0.2848140748757189,0.24334857574220417,0.02,0.0,0.740662650617923,0.5
400,no-aversion,3,understand,0.0,finish,0.05,finish,0.8,0.27999999999999997,0.2697797639120239,0.19866873129541573,0.02,0.0,0.6984484952074396,0.4472135954999579
400,no-aversion,3,understand,0.0,connect,0.05,connect,0.6,0.21,0.2697797639120239,0.11669100629433654,0.02,0.1,0.6464707702063605,0.4472135954999579
400,no-aversion,4,understand,0.0,understand,0.05,understand,0.8333333333333334,0.2916666666666667,0.2586818966059184,0.36919013563111636,0.92,0.1,0.9695386989037013,0.4082482904638631
400,no-aversion,4,understand,0.0,create,0.05,create,0.75,0.26249999999999996,0.2848140748757189,0.09434787939306578,0.02,0.0,0.5916619542687847,0.5
400,no-aversion,4,understand,0.0,explore,0.05,explore,0.75,0.26249999999999996,0.2848140748757189,0.23243239312776248,0.02,0.0,0.7297464680034813,0.5
400,no-aversion,4,understand,0.0,finish,0.05,finish,0.8,0.27999999999999997,0.2697797639120239,0.19049122392047557,0.02,0.0,0.6902709878324994,0.4472135954999579
400,no-aversion,4,understand,0.0,connect,0.05,connect,0.6,0.21,0.2697797639120239,0.11353836792757983,0.02,0.1,0.6433181318396036,0.4472135954999579
400,no-aversion,5,understand,0.0,understand,0.05,understand,0.8571428571428571,0.3,0.2500566391538711,0.39359694701332487,0.92,0.1,0.9936535861671959,0.3779644730092272
400,no-aversion,5,understand,0.0,create,0.05,create,0.75,0.26249999999999996,0.2848140748757189,0.0923043832743722,0.02,0.0,0.589618458150091,0.5
400,no-aversion,5,understand,0.0,explore,0.05,explore,0.75,0.26249999999999996,0.2848140748757189,0.22154383098134572,0.02,0.0,0.7188579058570645,0.5
400,no-aversion,5,understand,0.0,finish,0.05,finish,0.8,0.27999999999999997,0.2697797639120239,0.18228922235123632,0.02,0.0,0.6820689862632601,0.4472135954999579
400,no-aversion,5,understand,0.0,connect,0.05,connect,0.6,0.21,0.2697797639120239,0.11026561637972085,0.02,0.1,0.6400453802917446,0.4472135954999579
400,no-aversion,6,understand,0.0,understand,0.05,understand,0.875,0.30624999999999997,0.24310401929885642,0.41812210294668867,0.92,0.1,1.017476122245545,0.35355339059327373
400,no-aversion,6,understand,0.0,create,0.05,create,0.75,0.26249999999999996,0.2848140748757189,0.09013579703935352,0.02,0.0,0.5874498719150724,0.5
400,no-aversion,6,understand,0.0,explore,0.05,explore,0.75,0.26249999999999996,0.2848140748757189,0.21073833445164555,0.02,0.0,0.7080524093273644,0.5
400,no-aversion,6,understand,0.0,finish,0.05,finish,0.8,0.27999999999999997,0.2697797639120239,0.17410706211247876,0.02,0.0,0.6738868260245026,0.4472135954999579
400,no-aversion,6,understand,0.0,connect,0.05,connect,0.6,0.21,0.2697797639120239,0.10689670344983353,0.02,0.1,0.6366764673618573,0.4472135954999579
400,no-aversion,7,explore,0.0,understand,0.05,understand,0.8888888888888888,0.31111111111111106,0.2373450623964324,0.4426202122585421,0.92,0.1,1.0410763857660856,0.3333333333333333
400,no-aversion,7,explore,0.0,create,0.05,create,0.75,0.26249999999999996,0.2848140748757189,0.0878624373192191,0.02,0.0,0.5851765121949379,0.5
400,no-aversion,7,explore,0.0,explore,0.05,explore,0.75,0.26249999999999996,0.2848140748757189,0.2000711608950622,0.02,0.0,0.697385235770781,0.5
400,no-aversion,7,explore,0.0,finish,0.05,finish,0.8,0.27999999999999997,0.2697797639120239,0.16598938782186928,0.02,0.0,0.6657691517338931,0.4472135954999579
400,no-aversion,7,explore,0.0,connect,0.05,connect,0.6,0.21,0.2697797639120239,0.10345680170530738,0.02,0.1,0.6332365656173312,0.4472135954999579
400,no-aversion,8,understand,0.0,understand,0.05,understand,0.8888888888888888,0.31111111111111106,0.2373450623964324,0.44780851385639375,0.92,0.1,1.0462646873639372,0.3333333333333333
400,no-aversion,8,understand,0.0,create,0.05,create,0.75,0.26249999999999996,0.2848140748757189,0.09209832142881458,0.02,0.0,0.5894123963045335,0.5
400,no-aversion,8,understand,0.0,explore,0.05,explore,0.6,0.21,0.2697797639120239,0.18192359354194543,0.02,0.0,0.6117033574539692,0.4472135954999579
400,no-aversion,8,understand,0.0,finish,0.05,finish,0.8,0.27999999999999997,0.2697797639120239,0.1704350191990915,0.02,0.0,0.6702147831111154,0.4472135954999579
400,no-aversion,8,understand,0.0,connect,0.05,connect,0.6,0.21,0.2697797639120239,0.10773455197375476,0.02,0.1,0.6375143158857787,0.4472135954999579
400,no-aversion,9,understand,0.0,understand,0.05,understand,0.9,0.315,0.23247315606596047,0.4720799942921888,0.92,0.1,1.0695531503581492,0.31622776601683794
400,no-aversion,9,understand,0.0,create,0.05,create,0.75,0.26249999999999996,0.2848140748757189,0.08938156493643812,0.02,0.0,0.586695639812157,0.5
400,no-aversion,9,understand,0.0,explore,0.05,explore,0.6,0.21,0.2697797639120239,0.17265585468327593,0.02,0.0,0.6024356185952997,0.4472135954999579
400,no-aversion,9,understand,0.0,finish,0.05,finish,0.8,0.27999999999999997,0.2697797639120239,0.16200514529939583,0.02,0.0,0.6617849092114196,0.4472135954999579
400,no-aversion,9,understand,0.0,connect,0.05,connect,0.6,0.21,0.2697797639120239,0.10387744078870133,0.02,0.1,0.6336572047007252,0.4472135954999579
400,no-dream,0,finish,0.05691334916616003,understand,0.05,understand,0.75,0.26249999999999996,0.2848140748757189,0.3258822598143184,0.92,0.1,0.8662829855238773,0.5
400,no-dream,0,finish,0.05691334916616003,create,0.05,create,0.75,0.26249999999999996,0.2848140748757189,0.0936391767989647,0.02,0.0,0.5340399025085236,0.5
400,no-dream,0,finish,0.05691334916616003,explore,0.05,explore,0.75,0.26249999999999996,0.2848140748757189,0.2561419015492934,0.02,0.0,0.6965426272588522,0.5
400,no-dream,0,finish,0.05691334916616003,finish,0.05,finish,0.75,0.26249999999999996,0.2848140748757189,0.20067266233326989,0.02,0.0,0.6410733880428288,0.5
400,no-dream,0,finish,0.05691334916616003,connect,0.05,connect,0.75,0.26249999999999996,0.2848140748757189,0.12366399950415356,0.02,0.1,0.6640647252137123,0.5
400,no-dream,1,connect,0.05691334916616003,understand,0.05,understand,0.75,0.26249999999999996,0.2848140748757189,0.321424707669289,0.92,0.1,0.8618254333788479,0.5
400,no-dream,1,connect,0.05691334916616003,create,0.05,create,0.75,0.26249999999999996,0.2848140748757189,0.09520897939869472,0.02,0.0,0.5356097051082536,0.5
400,no-dream,1,connect,0.05691334916616003,explore,0.05,explore,0.75,0.26249999999999996,0.2848140748757189,0.25349430591118016,0.02,0.0,0.6938950316207391,0.5
400,no-dream,1,connect,0.04553067933292803,finish,0.05,finish,0.8,0.27999999999999997,0.2697797639120239,0.20541743267798213,0.02,0.0,0.6596665172570779,0.4472135954999579
400,no-dream,1,connect,0.05691334916616003,connect,0.05,connect,0.75,0.26249999999999996,0.2848140748757189,0.1244545743428539,0.02,0.1,0.6648553000524128,0.5
400,no-dream,2,understand,0.05691334916616003,understand,0.05,understand,0.75,0.26249999999999996,0.2848140748757189,0.3212958693276721,0.92,0.1,0.861696595037231,0.5
400,no-dream,2,understand,0.05691334916616003,create,0.05,create,0.75,0.26249999999999996,0.2848140748757189,0.09798597918984955,0.02,0.0,0.5383867048994084,0.5
400,no-dream,2,understand,0.05691334916616003,explore,0.05,explore,0.75,0.26249999999999996,0.2848140748757189,0.25423806273928157,0.02,0.0,0.6946387884488403,0.5
400,no-dream,2,understand,0.04553067933292803,finish,0.05,finish,0.8,0.27999999999999997,0.2697797639120239,0.20677875757976913,0.02,0.0,0.6610278421588649,0.4472135954999579
400,no-dream,2,understand,0.08821569120754805,connect,0.05,connect,0.6,0.21,0.2697797639120239,0.11970133116342756,0.02,0.1,0.5612654038679034,0.4472135954999579
400,no-dream,3,understand,0.04553067933292803,understand,0.05,understand,0.8,0.27999999999999997,0.2697797639120239,0.34504426978205843,0.92,0.1,0.8992933543611542,0.4472135954999579
400,no-dream,3,understand,0.05691334916616003,create,0.05,create,0.75,0.26249999999999996,0.2848140748757189,0.09624741688598512,0.02,0.0,0.536648142595544,0.5
400,no-dream,3,understand,0.05691334916616003,explore,0.05,explore,0.75,0.26249999999999996,0.2848140748757189,0.24334857574220417,0.02,0.0,0.683749301451763,0.5
400,no-dream,3,understand,0.04553067933292803,finish,0.05,finish,0.8,0.27999999999999997,0.2697797639120239,0.19866873129541573,0.02,0.0,0.6529178158745116,0.4472135954999579
400,no-dream,3,understand,0.08821569120754805,connect,0.05,connect,0.6,0.21,0.2697797639120239,0.11669100629433654,0.02,0.1,0.5582550789988124,0.4472135954999579
400,no-dream,4,understand,0.03642454346634243,understand,0.05,understand,0.8333333333333334,0.2916666666666667,0.2586818966059184,0.36919013563111636,0.92,0.1,0.9331141554373589,0.4082482904638631
400,no-dream,4,understand,0.05691334916616003,create,0.05,create,0.75,0.26249999999999996,0.2848140748757189,0.09434787939306578,0.02,0.0,0.5347486051026247,0.5
400,no-dream,4,understand,0.05691334916616003,explore,0.05,explore,0.75,0.26249999999999996,0.2848140748757189,0.23243239312776248,0.02,0.0,0.6728331188373213,0.5
400,no-dream,4,understand,0.04553067933292803,finish,0.05,finish,0.8,0.27999999999999997,0.2697797639120239,0.19049122392047557,0.02,0.0,0.6447403084995714,0.4472135954999579
400,no-dream,4,understand,0.08821569120754805,connect,0.05,connect,0.6,0.21,0.2697797639120239,0.11353836792757983,0.02,0.1,0.5551024406320556,0.4472135954999579
400,no-dream,5,understand,0.029139634773073943,understand,0.05,understand,0.8571428571428571,0.3,0.2500566391538711,0.39359694701332487,0.92,0.1,0.964513951394122,0.3779644730092272
400,no-dream,5,understand,0.05691334916616003,create,0.05,create,0.75,0.26249999999999996,0.2848140748757189,0.0923043832743722,0.02,0.0,0.532705108983931,0.5
400,no-dream,5,understand,0.05691334916616003,explore,0.05,explore,0.75,0.26249999999999996,0.2848140748757189,0.22154383098134572,0.02,0.0,0.6619445566909046,0.5
400,no-dream,5,understand,0.04553067933292803,finish,0.05,finish,0.8,0.27999999999999997,0.2697797639120239,0.18228922235123632,0.02,0.0,0.6365383069303321,0.4472135954999579
400,no-dream,5,understand,0.08821569120754805,connect,0.05,connect,0.6,0.21,0.2697797639120239,0.11026561637972085,0.02,0.1,0.5518296890841966,0.4472135954999579
400,no-dream,6,understand,0.023311707818459152,understand,0.05,understand,0.875,0.30624999999999997,0.24310401929885642,0.41812210294668867,0.92,0.1,0.9941644144270858,0.35355339059327373
400,no-dream,6,understand,0.05691334916616003,create,0.05,create,0.75,0.26249999999999996,0.2848140748757189,0.09013579703935352,0.02,0.0,0.5305365227489123,0.5
400,no-dream,6,understand,0.05691334916616003,explore,0.05,explore,0.75,0.26249999999999996,0.2848140748757189,0.21073833445164555,0.02,0.0,0.6511390601612044,0.5
400,no-dream,6,understand,0.04553067933292803,finish,0.05,finish,0.8,0.27999999999999997,0.2697797639120239,0.17410706211247876,0.02,0.0,0.6283561466915746,0.4472135954999579
400,no-dream,6,understand,0.08821569120754805,connect,0.05,connect,0.6,0.21,0.2697797639120239,0.10689670344983353,0.02,0.1,0.5484607761543093,0.4472135954999579
400,no-dream,7,explore,0.018649366254767326,understand,0.05,understand,0.8888888888888888,0.31111111111111106,0.2373450623964324,0.4426202122585421,0.92,0.1,1.0224270195113183,0.3333333333333333
400,no-dream,7,explore,0.05691334916616003,create,0.05,create,0.75,0.26249999999999996,0.2848140748757189,0.0878624373192191,0.02,0.0,0.528263163028778,0.5
400,no-dream,7,explore,0.05691334916616003,explore,0.05,explore,0.75,0.26249999999999996,0.2848140748757189,0.2000711608950622,0.02,0.0,0.6404718866046211,0.5
400,no-dream,7,explore,0.04553067933292803,finish,0.05,finish,0.8,0.27999999999999997,0.2697797639120239,0.16598938782186928,0.02,0.0,0.6202384724009651,0.4472135954999579
400,no-dream,7,explore,0.08821569120754805,connect,0.05,connect,0.6,0.21,0.2697797639120239,0.10345680170530738,0.02,0.1,0.5450208744097832,0.4472135954999579
400,no-dream,8,understand,0.018649366254767326,understand,0.05,understand,0.8888888888888888,0.31111111111111106,0.2373450623964324,0.44780851385639375,0.92,0.1,1.0276153211091699,0.3333333333333333
400,no-dream,8,understand,0.05691334916616003,create,0.05,create,0.75,0.26249999999999996,0.2848140748757189,0.09209832142881458,0.02,0.0,0.5324990471383735,0.5
400,no-dream,8,understand,0.11667236579062806,explore,0.05,explore,0.6,0.21,0.2697797639120239,0.18192359354194543,0.02,0.0,0.49503099166334114,0.4472135954999579
400,no-dream,8,understand,0.04553067933292803,finish,0.05,finish,0.8,0.27999999999999997,0.2697797639120239,0.1704350191990915,0.02,0.0,0.6246841037781874,0.4472135954999579
400,no-dream,8,understand,0.08821569120754805,connect,0.05,connect,0.6,0.21,0.2697797639120239,0.10773455197375476,0.02,0.1,0.5492986246782307,0.4472135954999579
400,no-dream,9,understand,0.01491949300381386,understand,0.05,understand,0.9,0.315,0.23247315606596047,0.4720799942921888,0.92,0.1,1.0546336573543353,0.31622776601683794
400,no-dream,9,understand,0.05691334916616003,create,0.05,create,0.75,0.26249999999999996,0.2848140748757189,0.08938156493643812,0.02,0.0,0.529782290645997,0.5
400,no-dream,9,understand,0.11667236579062806,explore,0.05,explore,0.6,0.21,0.2697797639120239,0.17265585468327593,0.02,0.0,0.48576325280467164,0.4472135954999579
400,no-dream,9,understand,0.04553067933292803,finish,0.05,finish,0.8,0.27999999999999997,0.2697797639120239,0.16200514529939583,0.02,0.0,0.6162542298784917,0.4472135954999579
400,no-dream,9,understand,0.08821569120754805,connect,0.05,connect,0.6,0.21,0.2697797639120239,0.10387744078870133,0.02,0.1,0.5454415134931772,0.4472135954999579
400,restarted,0,finish,0.05691334916616003,understand,0.05,understand,0.75,0.26249999999999996,0.2848140748757189,0.3258822598143184,0.92,0.1,0.8662829855238773,0.5
400,restarted,0,finish,0.05691334916616003,create,0.05,create,0.75,0.26249999999999996,0.2848140748757189,0.0936391767989647,0.02,0.0,0.5340399025085236,0.5
400,restarted,0,finish,0.05691334916616003,explore,0.05,explore,0.75,0.26249999999999996,0.2848140748757189,0.2561419015492934,0.02,0.0,0.6965426272588522,0.5
400,restarted,0,finish,0.05691334916616003,finish,0.05,finish,0.75,0.26249999999999996,0.2848140748757189,0.20067266233326989,0.02,0.0,0.6410733880428288,0.5
400,restarted,0,finish,0.05691334916616003,connect,0.05,connect,0.75,0.26249999999999996,0.2848140748757189,0.12366399950415356,0.02,0.1,0.6640647252137123,0.5
400,restarted,1,connect,0.05691334916616003,understand,0.05,understand,0.75,0.26249999999999996,0.2848140748757189,0.321424707669289,0.92,0.1,0.8618254333788479,0.5
400,restarted,1,connect,0.05691334916616003,create,0.05,create,0.75,0.26249999999999996,0.2848140748757189,0.09520897939869472,0.02,0.0,0.5356097051082536,0.5
400,restarted,1,connect,0.05691334916616003,explore,0.05,explore,0.75,0.26249999999999996,0.2848140748757189,0.25349430591118016,0.02,0.0,0.6938950316207391,0.5
400,restarted,1,connect,0.04553067933292803,finish,0.05,finish,0.8,0.27999999999999997,0.2697797639120239,0.20541743267798213,0.02,0.0,0.6596665172570779,0.4472135954999579
400,restarted,1,connect,0.05691334916616003,connect,0.05,connect,0.75,0.26249999999999996,0.2848140748757189,0.1244545743428539,0.02,0.1,0.6648553000524128,0.5
400,restarted,2,understand,0.05691334916616003,understand,0.05,understand,0.75,0.26249999999999996,0.2848140748757189,0.3212958693276721,0.92,0.1,0.861696595037231,0.5
400,restarted,2,understand,0.05691334916616003,create,0.05,create,0.75,0.26249999999999996,0.2848140748757189,0.09798597918984955,0.02,0.0,0.5383867048994084,0.5
400,restarted,2,understand,0.05691334916616003,explore,0.05,explore,0.75,0.26249999999999996,0.2848140748757189,0.25423806273928157,0.02,0.0,0.6946387884488403,0.5
400,restarted,2,understand,0.04553067933292803,finish,0.05,finish,0.8,0.27999999999999997,0.2697797639120239,0.20677875757976913,0.02,0.0,0.6610278421588649,0.4472135954999579
400,restarted,2,understand,0.08821569120754805,connect,0.05,connect,0.6,0.21,0.2697797639120239,0.11970133116342756,0.02,0.1,0.5612654038679034,0.4472135954999579
400,restarted,3,understand,0.04553067933292803,understand,0.05,understand,0.8,0.27999999999999997,0.2697797639120239,0.34504426978205843,0.92,0.1,0.8992933543611542,0.4472135954999579
400,restarted,3,understand,0.05691334916616003,create,0.05,create,0.75,0.26249999999999996,0.2848140748757189,0.09624741688598512,0.02,0.0,0.536648142595544,0.5
400,restarted,3,understand,0.05691334916616003,explore,0.05,explore,0.75,0.26249999999999996,0.2848140748757189,0.24334857574220417,0.02,0.0,0.683749301451763,0.5
400,restarted,3,understand,0.04553067933292803,finish,0.05,finish,0.8,0.27999999999999997,0.2697797639120239,0.19866873129541573,0.02,0.0,0.6529178158745116,0.4472135954999579
400,restarted,3,understand,0.08821569120754805,connect,0.05,connect,0.6,0.21,0.2697797639120239,0.11669100629433654,0.02,0.1,0.5582550789988124,0.4472135954999579
400,restarted,4,understand,0.03642454346634243,understand,0.05,understand,0.8333333333333334,0.2916666666666667,0.2586818966059184,0.36919013563111636,0.92,0.1,0.9331141554373589,0.4082482904638631
400,restarted,4,understand,0.05691334916616003,create,0.05,create,0.75,0.26249999999999996,0.2848140748757189,0.09434787939306578,0.02,0.0,0.5347486051026247,0.5
400,restarted,4,understand,0.05691334916616003,explore,0.05,explore,0.75,0.26249999999999996,0.2848140748757189,0.23243239312776248,0.02,0.0,0.6728331188373213,0.5
400,restarted,4,understand,0.04553067933292803,finish,0.05,finish,0.8,0.27999999999999997,0.2697797639120239,0.19049122392047557,0.02,0.0,0.6447403084995714,0.4472135954999579
400,restarted,4,understand,0.08821569120754805,connect,0.05,connect,0.6,0.21,0.2697797639120239,0.11353836792757983,0.02,0.1,0.5551024406320556,0.4472135954999579
400,restarted,5,understand,0.029139634773073943,understand,0.05,understand,0.8571428571428571,0.3,0.2500566391538711,0.39359694701332487,0.92,0.1,0.964513951394122,0.3779644730092272
400,restarted,5,understand,0.05691334916616003,create,0.05,create,0.75,0.26249999999999996,0.2848140748757189,0.0923043832743722,0.02,0.0,0.532705108983931,0.5
400,restarted,5,understand,0.05691334916616003,explore,0.05,explore,0.75,0.26249999999999996,0.2848140748757189,0.22154383098134572,0.02,0.0,0.6619445566909046,0.5
400,restarted,5,understand,0.04553067933292803,finish,0.05,finish,0.8,0.27999999999999997,0.2697797639120239,0.18228922235123632,0.02,0.0,0.6365383069303321,0.4472135954999579
400,restarted,5,understand,0.08821569120754805,connect,0.05,connect,0.6,0.21,0.2697797639120239,0.11026561637972085,0.02,0.1,0.5518296890841966,0.4472135954999579
400,restarted,6,understand,0.023311707818459152,understand,0.05,understand,0.875,0.30624999999999997,0.24310401929885642,0.41812210294668867,0.92,0.1,0.9941644144270858,0.35355339059327373
400,restarted,6,understand,0.05691334916616003,create,0.05,create,0.75,0.26249999999999996,0.2848140748757189,0.09013579703935352,0.02,0.0,0.5305365227489123,0.5
400,restarted,6,understand,0.05691334916616003,explore,0.05,explore,0.75,0.26249999999999996,0.2848140748757189,0.21073833445164555,0.02,0.0,0.6511390601612044,0.5
400,restarted,6,understand,0.04553067933292803,finish,0.05,finish,0.8,0.27999999999999997,0.2697797639120239,0.17410706211247876,0.02,0.0,0.6283561466915746,0.4472135954999579
400,restarted,6,understand,0.08821569120754805,connect,0.05,connect,0.6,0.21,0.2697797639120239,0.10689670344983353,0.02,0.1,0.5484607761543093,0.4472135954999579
400,restarted,7,explore,0.018649366254767326,understand,0.05,understand,0.8888888888888888,0.31111111111111106,0.2373450623964324,0.4426202122585421,0.92,0.1,1.0224270195113183,0.3333333333333333
400,restarted,7,explore,0.05691334916616003,create,0.05,create,0.75,0.26249999999999996,0.2848140748757189,0.0878624373192191,0.02,0.0,0.528263163028778,0.5
400,restarted,7,explore,0.05691334916616003,explore,0.05,explore,0.75,0.26249999999999996,0.2848140748757189,0.2000711608950622,0.02,0.0,0.6404718866046211,0.5
400,restarted,7,explore,0.04553067933292803,finish,0.05,finish,0.8,0.27999999999999997,0.2697797639120239,0.16598938782186928,0.02,0.0,0.6202384724009651,0.4472135954999579
400,restarted,7,explore,0.08821569120754805,connect,0.05,connect,0.6,0.21,0.2697797639120239,0.10345680170530738,0.02,0.1,0.5450208744097832,0.4472135954999579
400,restarted,8,understand,0.018649366254767326,understand,0.05,understand,0.8888888888888888,0.31111111111111106,0.2373450623964324,0.44780851385639375,0.92,0.1,1.0276153211091699,0.3333333333333333
400,restarted,8,understand,0.05691334916616003,create,0.05,create,0.75,0.26249999999999996,0.2848140748757189,0.09209832142881458,0.02,0.0,0.5324990471383735,0.5
400,restarted,8,understand,0.11667236579062806,explore,0.05,explore,0.6,0.21,0.2697797639120239,0.18192359354194543,0.02,0.0,0.49503099166334114,0.4472135954999579
400,restarted,8,understand,0.04553067933292803,finish,0.05,finish,0.8,0.27999999999999997,0.2697797639120239,0.1704350191990915,0.02,0.0,0.6246841037781874,0.4472135954999579
400,restarted,8,understand,0.08821569120754805,connect,0.05,connect,0.6,0.21,0.2697797639120239,0.10773455197375476,0.02,0.1,0.5492986246782307,0.4472135954999579
400,restarted,9,understand,0.01491949300381386,understand,0.05,understand,0.9,0.315,0.23247315606596047,0.4720799942921888,0.92,0.1,1.0546336573543353,0.31622776601683794
400,restarted,9,understand,0.05691334916616003,create,0.05,create,0.75,0.26249999999999996,0.2848140748757189,0.08938156493643812,0.02,0.0,0.529782290645997,0.5
400,restarted,9,understand,0.11667236579062806,explore,0.05,explore,0.6,0.21,0.2697797639120239,0.17265585468327593,0.02,0.0,0.48576325280467164,0.4472135954999579
400,restarted,9,understand,0.04553067933292803,finish,0.05,finish,0.8,0.27999999999999997,0.2697797639120239,0.16200514529939583,0.02,0.0,0.6162542298784917,0.4472135954999579
400,restarted,9,understand,0.08821569120754805,connect,0.05,connect,0.6,0.21,0.2697797639120239,0.10387744078870133,0.02,0.1,0.5454415134931772,0.4472135954999579
401,updated,0,understand,0.09255682575542133,understand,0.05,understand,0.75,0.26249999999999996,0.28110933476558597,0.2618805176945042,0.92,0.1,0.7629330267046688,0.5
401,updated,0,understand,0.09255682575542133,create,0.05,create,0.75,0.26249999999999996,0.28110933476558597,0.13542330977181766,0.02,0.0,0.5364758187819821,0.5
401,updated,0,understand,0.09255682575542133,explore,0.05,explore,0.75,0.26249999999999996,0.28110933476558597,0.24688763166089714,0.02,0.0,0.6479401406710616,0.5
401,updated,0,understand,0.09255682575542133,finish,0.05,finish,0.75,0.26249999999999996,0.28110933476558597,0.2608422239438986,0.02,0.1,0.7618947329540631,0.5
401,updated,0,understand,0.09255682575542133,connect,0.05,connect,0.75,0.26249999999999996,0.28110933476558597,0.09496631692888229,0.02,0.0,0.4960188259390469,0.5
401,updated,1,understand,0.07404546060433707,understand,0.05,understand,0.8,0.27999999999999997,0.266270583711912,0.2840146763597166,0.92,0.1,0.8062397994672915,0.4472135954999579
401,updated,1,understand,0.09255682575542133,create,0.05,create,0.75,0.26249999999999996,0.28110933476558597,0.13242680838470308,0.02,0.0,0.5334793173948676,0.5
401,updated,1,understand,0.09255682575542133,explore,0.05,explore,0.75,0.26249999999999996,0.28110933476558597,0.23813244453478563,0.02,0.0,0.6391849535449502,0.5
401,updated,1,understand,0.09255682575542133,finish,0.05,finish,0.75,0.26249999999999996,0.28110933476558597,0.2513660876368141,0.02,0.1,0.7524185966469786,0.5
401,updated,1,understand,0.09255682575542133,connect,0.05,connect,0.75,0.26249999999999996,0.28110933476558597,0.0940599830839805,0.02,0.0,0.4951124920941451,0.5
401,updated,2,understand,0.05923636848346966,understand,0.05,understand,0.8333333333333334,0.2916666666666667,0.2553170727342773,0.306854483579157,0.92,0.1,0.8446018544966312,0.4082482904638631
401,updated,2,understand,0.09255682575542133,create,0.05,create,0.75,0.26249999999999996,0.28110933476558597,0.1292430972966086,0.02,0.0,0.5302956063067731,0.5
401,updated,2,understand,0.09255682575542133,explore,0.05,explore,0.75,0.26249999999999996,0.28110933476558597,0.22921455650965075,0.02,0.0,0.6302670655198153,0.5
401,updated,2,understand,0.09255682575542133,finish,0.05,finish,0.75,0.26249999999999996,0.28110933476558597,0.24173031876982012,0.02,0.1,0.7427828277799846,0.5
401,updated,2,understand,0.09255682575542133,connect,0.05,connect,0.75,0.26249999999999996,0.28110933476558597,0.09295754384476357,0.02,0.0,0.49401005285492816,0.5
401,updated,3,understand,0.047389094786775735,understand,0.05,understand,0.8571428571428571,0.3,0.2468040089554421,0.3302923842437718,0.92,0.1,0.879707298412438,0.3779644730092272
401,updated,3,understand,0.09255682575542133,create,0.05,create,0.75,0.26249999999999996,0.28110933476558597,0.12588955274929578,0.02,0.0,0.5269420617594603,0.5
401,updated,3,understand,0.09255682575542133,explore,0.05,explore,0.75,0.26249999999999996,0.28110933476558597,0.2201729358162221,0.02,0.0,0.6212254448263866,0.5
401,updated,3,understand,0.09255682575542133,finish,0.05,finish,0.75,0.26249999999999996,0.28110933476558597,0.23197658874715965,0.02,0.1,0.7330290977573242,0.5
401,updated,3,understand,0.09255682575542133,connect,0.05,connect,0.75,0.26249999999999996,0.28110933476558597,0.09166853844355065,0.02,0.0,0.49272104745371526,0.5
401,updated,4,understand,0.03791127582942058,understand,0.05,understand,0.875,0.30624999999999997,0.23994182581658555,0.3542078637851298,0.92,0.1,0.9124884137722946,0.35355339059327373
401,updated,4,understand,0.09255682575542133,create,0.05,create,0.75,0.26249999999999996,0.28110933476558597,0.12238636516562003,0.02,0.0,0.5234388741757846,0.5
401,updated,4,understand,0.09255682575542133,explore,0.05,explore,0.75,0.26249999999999996,0.28110933476558597,0.21105033110280633,0.02,0.0,0.6121028401129709,0.5
401,updated,4,understand,0.09255682575542133,finish,0.05,finish,0.75,0.26249999999999996,0.28110933476558597,0.22215047035703867,0.02,0.1,0.7232029793672032,0.5
401,updated,4,understand,0.09255682575542133,connect,0.05,connect,0.75,0.26249999999999996,0.28110933476558597,0.09020496958940522,0.02,0.0,0.4912574785995697,0.5
401,updated,5,understand,0.03032902066353647,understand,0.05,understand,0.8888888888888888,0.31111111111111106,0.23425777897132163,0.37846968991774627,0.92,0.1,0.9435095593366424,0.3333333333333333
401,updated,5,understand,0.09255682575542133,create,0.05,create,0.75,0.26249999999999996,0.28110933476558597,0.11875620326215951,0.02,0.0,0.5198087122723241,0.5
401,updated,5,understand,0.09255682575542133,explore,0.05,explore,0.75,0.26249999999999996,0.28110933476558597,0.20189242585809913,0.02,0.0,0.6029449348682637,0.5
401,updated,5,understand,0.09255682575542133,finish,0.05,finish,0.75,0.26249999999999996,0.28110933476558597,0.21230052838466057,0.02,0.1,0.7133530373948251,0.5
401,updated,5,understand,0.09255682575542133,connect,0.05,connect,0.75,0.26249999999999996,0.28110933476558597,0.08858115257733465,0.02,0.0,0.4896336615874992,0.5
401,updated,6,understand,0.024263216530829176,understand,0.05,understand,0.9,0.315,0.22944924432219369,0.4029386525083434,0.92,0.1,0.9731246802997078,0.31622776601683794
401,updated,6,understand,0.09255682575542133,create,0.05,create,0.75,0.26249999999999996,0.28110933476558597,0.11502377208501922,0.02,0.0,0.5160762810951838,0.5
401,updated,6,understand,0.09255682575542133,explore,0.05,explore,0.75,0.26249999999999996,0.28110933476558597,0.1927468448673747,0.02,0.0,0.5937993538775392,0.5
401,updated,6,understand,0.09255682575542133,finish,0.05,finish,0.75,0.26249999999999996,0.28110933476558597,0.20247725701431368,0.02,0.1,0.7035297660244781,0.5
401,updated,6,understand,0.09255682575542133,connect,0.05,connect,0.75,0.26249999999999996,0.28110933476558597,0.08681347352494906,0.02,0.0,0.4878659825351136,0.5
401,updated,7,understand,0.01941057322466334,understand,0.05,understand,0.9090909090909091,0.3181818181818182,0.2253123208813255,0.427470687756261,0.92,0.1,1.0015542535947413,0.30151134457776363
401,updated,7,understand,0.09255682575542133,create,0.05,create,0.75,0.26249999999999996,0.28110933476558597,0.11121528204612319,0.02,0.0,0.5122677910562877,0.5
401,updated,7,understand,0.09255682575542133,explore,0.05,explore,0.75,0.26249999999999996,0.28110933476558597,0.18366205560256882,0.02,0.0,0.5847145646127333,0.5
401,updated,7,understand,0.09255682575542133,finish,0.05,finish,0.75,0.26249999999999996,0.28110933476558597,0.1927319101539217,0.02,0.1,0.6937844191640862,0.5
401,updated,7,understand,0.09255682575542133,connect,0.05,connect,0.75,0.26249999999999996,0.28110933476558597,0.08492006444112526,0.02,0.0,0.48597257345128975,0.5
401,updated,8,understand,0.015528458579730675,understand,0.05,understand,0.9166666666666666,0.3208333333333333,0.22170394243210684,0.4519202416770998,0.92,0.1,1.0289290588628093,0.2886751345948129
401,updated,8,understand,0.09255682575542133,create,0.05,create,0.75,0.26249999999999996,0.28110933476558597,0.10735785282504814,0.02,0.0,0.5084103618352127,0.5
401,updated,8,understand,0.09255682575542133,explore,0.05,explore,0.75,0.26249999999999996,0.28110933476558597,0.17468621652772073,0.02,0.0,0.5757387255378853,0.5
401,updated,8,understand,0.09255682575542133,finish,0.05,finish,0.75,0.26249999999999996,0.28110933476558597,0.18311528018350995,0.02,0.1,0.6841677891936745,0.5
401,updated,8,understand,0.09255682575542133,connect,0.05,connect,0.75,0.26249999999999996,0.28110933476558597,0.08292040878662132,0.02,0.0,0.48397291779678586,0.5
401,updated,9,understand,0.01242276686378454,understand,0.05,understand,0.9230769230769231,0.3230769230769231,0.21852036896040006,0.47614370787767324,0.92,0.1,1.0553182330512119,0.2773500981126146
401,updated,9,understand,0.09255682575542133,create,0.05,create,0.75,0.26249999999999996,0.28110933476558597,0.10347888101684219,0.02,0.0,0.5045313900270068,0.5
401,updated,9,understand,0.09255682575542133,explore,0.05,explore,0.75,0.26249999999999996,0.28110933476558597,0.16586602928397073,0.02,0.0,0.5669185382941353,0.5
401,updated,9,understand,0.09255682575542133,finish,0.05,finish,0.75,0.26249999999999996,0.28110933476558597,0.1736764856076837,0.02,0.1,0.6747289946178482,0.5
401,updated,9,understand,0.09255682575542133,connect,0.05,connect,0.75,0.26249999999999996,0.28110933476558597,0.08083489621383008,0.02,0.0,0.48188740522399465,0.5
401,frozen,0,understand,0.09255682575542133,understand,0.05,understand,0.75,0.26249999999999996,0.28110933476558597,0.2618805176945042,0.92,0.1,0.7629330267046688,0.5
401,frozen,0,understand,0.09255682575542133,create,0.05,create,0.75,0.26249999999999996,0.28110933476558597,0.13542330977181766,0.02,0.0,0.5364758187819821,0.5
401,frozen,0,understand,0.09255682575542133,explore,0.05,explore,0.75,0.26249999999999996,0.28110933476558597,0.24688763166089714,0.02,0.0,0.6479401406710616,0.5
401,frozen,0,understand,0.09255682575542133,finish,0.05,finish,0.75,0.26249999999999996,0.28110933476558597,0.2608422239438986,0.02,0.1,0.7618947329540631,0.5
401,frozen,0,understand,0.09255682575542133,connect,0.05,connect,0.75,0.26249999999999996,0.28110933476558597,0.09496631692888229,0.02,0.0,0.4960188259390469,0.5
401,frozen,1,understand,0.09255682575542133,understand,0.05,understand,0.75,0.26249999999999996,0.28110933476558597,0.2618805176945042,0.92,0.1,0.7629330267046688,0.5
401,frozen,1,understand,0.09255682575542133,create,0.05,create,0.75,0.26249999999999996,0.28110933476558597,0.13542330977181766,0.02,0.0,0.5364758187819821,0.5
401,frozen,1,understand,0.09255682575542133,explore,0.05,explore,0.75,0.26249999999999996,0.28110933476558597,0.24688763166089714,0.02,0.0,0.6479401406710616,0.5
401,frozen,1,understand,0.09255682575542133,finish,0.05,finish,0.75,0.26249999999999996,0.28110933476558597,0.2608422239438986,0.02,0.1,0.7618947329540631,0.5
401,frozen,1,understand,0.09255682575542133,connect,0.05,connect,0.75,0.26249999999999996,0.28110933476558597,0.09496631692888229,0.02,0.0,0.4960188259390469,0.5
401,frozen,2,understand,0.09255682575542133,understand,0.05,understand,0.75,0.26249999999999996,0.28110933476558597,0.2618805176945042,0.92,0.1,0.7629330267046688,0.5
401,frozen,2,understand,0.09255682575542133,create,0.05,create,0.75,0.26249999999999996,0.28110933476558597,0.13542330977181766,0.02,0.0,0.5364758187819821,0.5
401,frozen,2,understand,0.09255682575542133,explore,0.05,explore,0.75,0.26249999999999996,0.28110933476558597,0.24688763166089714,0.02,0.0,0.6479401406710616,0.5
401,frozen,2,understand,0.09255682575542133,finish,0.05,finish,0.75,0.26249999999999996,0.28110933476558597,0.2608422239438986,0.02,0.1,0.7618947329540631,0.5
401,frozen,2,understand,0.09255682575542133,connect,0.05,connect,0.75,0.26249999999999996,0.28110933476558597,0.09496631692888229,0.02,0.0,0.4960188259390469,0.5
401,frozen,3,understand,0.09255682575542133,understand,0.05,understand,0.75,0.26249999999999996,0.28110933476558597,0.2618805176945042,0.92,0.1,0.7629330267046688,0.5
401,frozen,3,understand,0.09255682575542133,create,0.05,create,0.75,0.26249999999999996,0.28110933476558597,0.13542330977181766,0.02,0.0,0.5364758187819821,0.5
401,frozen,3,understand,0.09255682575542133,explore,0.05,explore,0.75,0.26249999999999996,0.28110933476558597,0.24688763166089714,0.02,0.0,0.6479401406710616,0.5
401,frozen,3,understand,0.09255682575542133,finish,0.05,finish,0.75,0.26249999999999996,0.28110933476558597,0.2608422239438986,0.02,0.1,0.7618947329540631,0.5
401,frozen,3,understand,0.09255682575542133,connect,0.05,connect,0.75,0.26249999999999996,0.28110933476558597,0.09496631692888229,0.02,0.0,0.4960188259390469,0.5
401,frozen,4,understand,0.09255682575542133,understand,0.05,understand,0.75,0.26249999999999996,0.28110933476558597,0.2618805176945042,0.92,0.1,0.7629330267046688,0.5
401,frozen,4,understand,0.09255682575542133,create,0.05,create,0.75,0.26249999999999996,0.28110933476558597,0.13542330977181766,0.02,0.0,0.5364758187819821,0.5
401,frozen,4,understand,0.09255682575542133,explore,0.05,explore,0.75,0.26249999999999996,0.28110933476558597,0.24688763166089714,0.02,0.0,0.6479401406710616,0.5
401,frozen,4,understand,0.09255682575542133,finish,0.05,finish,0.75,0.26249999999999996,0.28110933476558597,0.2608422239438986,0.02,0.1,0.7618947329540631,0.5
401,frozen,4,understand,0.09255682575542133,connect,0.05,connect,0.75,0.26249999999999996,0.28110933476558597,0.09496631692888229,0.02,0.0,0.4960188259390469,0.5
401,frozen,5,understand,0.09255682575542133,understand,0.05,understand,0.75,0.26249999999999996,0.28110933476558597,0.2618805176945042,0.92,0.1,0.7629330267046688,0.5
401,frozen,5,understand,0.09255682575542133,create,0.05,create,0.75,0.26249999999999996,0.28110933476558597,0.13542330977181766,0.02,0.0,0.5364758187819821,0.5
401,frozen,5,understand,0.09255682575542133,explore,0.05,explore,0.75,0.26249999999999996,0.28110933476558597,0.24688763166089714,0.02,0.0,0.6479401406710616,0.5
401,frozen,5,understand,0.09255682575542133,finish,0.05,finish,0.75,0.26249999999999996,0.28110933476558597,0.2608422239438986,0.02,0.1,0.7618947329540631,0.5
401,frozen,5,understand,0.09255682575542133,connect,0.05,connect,0.75,0.26249999999999996,0.28110933476558597,0.09496631692888229,0.02,0.0,0.4960188259390469,0.5
401,frozen,6,understand,0.09255682575542133,understand,0.05,understand,0.75,0.26249999999999996,0.28110933476558597,0.2618805176945042,0.92,0.1,0.7629330267046688,0.5
401,frozen,6,understand,0.09255682575542133,create,0.05,create,0.75,0.26249999999999996,0.28110933476558597,0.13542330977181766,0.02,0.0,0.5364758187819821,0.5
401,frozen,6,understand,0.09255682575542133,explore,0.05,explore,0.75,0.26249999999999996,0.28110933476558597,0.24688763166089714,0.02,0.0,0.6479401406710616,0.5
401,frozen,6,understand,0.09255682575542133,finish,0.05,finish,0.75,0.26249999999999996,0.28110933476558597,0.2608422239438986,0.02,0.1,0.7618947329540631,0.5
401,frozen,6,understand,0.09255682575542133,connect,0.05,connect,0.75,0.26249999999999996,0.28110933476558597,0.09496631692888229,0.02,0.0,0.4960188259390469,0.5
401,frozen,7,understand,0.09255682575542133,understand,0.05,understand,0.75,0.26249999999999996,0.28110933476558597,0.2618805176945042,0.92,0.1,0.7629330267046688,0.5
401,frozen,7,understand,0.09255682575542133,create,0.05,create,0.75,0.26249999999999996,0.28110933476558597,0.13542330977181766,0.02,0.0,0.5364758187819821,0.5
401,frozen,7,understand,0.09255682575542133,explore,0.05,explore,0.75,0.26249999999999996,0.28110933476558597,0.24688763166089714,0.02,0.0,0.6479401406710616,0.5
401,frozen,7,understand,0.09255682575542133,finish,0.05,finish,0.75,0.26249999999999996,0.28110933476558597,0.2608422239438986,0.02,0.1,0.7618947329540631,0.5
401,frozen,7,understand,0.09255682575542133,connect,0.05,connect,0.75,0.26249999999999996,0.28110933476558597,0.09496631692888229,0.02,0.0,0.4960188259390469,0.5
401,frozen,8,understand,0.09255682575542133,understand,0.05,understand,0.75,0.26249999999999996,0.28110933476558597,0.2618805176945042,0.92,0.1,0.7629330267046688,0.5
401,frozen,8,understand,0.09255682575542133,create,0.05,create,0.75,0.26249999999999996,0.28110933476558597,0.13542330977181766,0.02,0.0,0.5364758187819821,0.5
401,frozen,8,understand,0.09255682575542133,explore,0.05,explore,0.75,0.26249999999999996,0.28110933476558597,0.24688763166089714,0.02,0.0,0.6479401406710616,0.5
401,frozen,8,understand,0.09255682575542133,finish,0.05,finish,0.75,0.26249999999999996,0.28110933476558597,0.2608422239438986,0.02,0.1,0.7618947329540631,0.5
401,frozen,8,understand,0.09255682575542133,connect,0.05,connect,0.75,0.26249999999999996,0.28110933476558597,0.09496631692888229,0.02,0.0,0.4960188259390469,0.5
401,frozen,9,understand,0.09255682575542133,understand,0.05,understand,0.75,0.26249999999999996,0.28110933476558597,0.2618805176945042,0.92,0.1,0.7629330267046688,0.5
401,frozen,9,understand,0.09255682575542133,create,0.05,create,0.75,0.26249999999999996,0.28110933476558597,0.13542330977181766,0.02,0.0,0.5364758187819821,0.5
401,frozen,9,understand,0.09255682575542133,explore,0.05,explore,0.75,0.26249999999999996,0.28110933476558597,0.24688763166089714,0.02,0.0,0.6479401406710616,0.5
401,frozen,9,understand,0.09255682575542133,finish,0.05,finish,0.75,0.26249999999999996,0.28110933476558597,0.2608422239438986,0.02,0.1,0.7618947329540631,0.5
401,frozen,9,understand,0.09255682575542133,connect,0.05,connect,0.75,0.26249999999999996,0.28110933476558597,0.09496631692888229,0.02,0.0,0.4960188259390469,0.5
401,neutral,0,understand,0.09255682575542133,understand,0.05,understand,0.75,0.26249999999999996,0.28110933476558597,0.2,0.47000000000000003,0.1,0.7010525090101645,0.5
401,neutral,0,understand,0.09255682575542133,create,0.05,create,0.75,0.26249999999999996,0.28110933476558597,0.2,0.02,0.0,0.6010525090101645,0.5
401,neutral,0,understand,0.09255682575542133,explore,0.05,explore,0.75,0.26249999999999996,0.28110933476558597,0.2,0.02,0.0,0.6010525090101645,0.5
401,neutral,0,understand,0.09255682575542133,finish,0.05,finish,0.75,0.26249999999999996,0.28110933476558597,0.2,0.47000000000000003,0.1,0.7010525090101645,0.5
401,neutral,0,understand,0.09255682575542133,connect,0.05,connect,0.75,0.26249999999999996,0.28110933476558597,0.2,0.02,0.0,0.6010525090101645,0.5
401,neutral,1,understand,0.07404546060433707,understand,0.05,understand,0.8,0.27999999999999997,0.266270583711912,0.2,0.92,0.1,0.7222251231075748,0.4472135954999579
401,neutral,1,understand,0.09255682575542133,create,0.05,create,0.75,0.26249999999999996,0.28110933476558597,0.2,0.02,0.0,0.6010525090101645,0.5
401,neutral,1,understand,0.09255682575542133,explore,0.05,explore,0.75,0.26249999999999996,0.28110933476558597,0.2,0.02,0.0,0.6010525090101645,0.5
401,neutral,1,understand,0.09255682575542133,finish,0.05,finish,0.75,0.26249999999999996,0.28110933476558597,0.2,0.02,0.1,0.7010525090101645,0.5
401,neutral,1,understand,0.09255682575542133,connect,0.05,connect,0.75,0.26249999999999996,0.28110933476558597,0.2,0.02,0.0,0.6010525090101645,0.5
401,neutral,2,understand,0.05923636848346966,understand,0.05,understand,0.8333333333333334,0.2916666666666667,0.2553170727342773,0.2,0.92,0.1,0.7377473709174742,0.4082482904638631
401,neutral,2,understand,0.09255682575542133,create,0.05,create,0.75,0.26249999999999996,0.28110933476558597,0.2,0.02,0.0,0.6010525090101645,0.5
401,neutral,2,understand,0.09255682575542133,explore,0.05,explore,0.75,0.26249999999999996,0.28110933476558597,0.2,0.02,0.0,0.6010525090101645,0.5
401,neutral,2,understand,0.09255682575542133,finish,0.05,finish,0.75,0.26249999999999996,0.28110933476558597,0.2,0.02,0.1,0.7010525090101645,0.5
401,neutral,2,understand,0.09255682575542133,connect,0.05,connect,0.75,0.26249999999999996,0.28110933476558597,0.2,0.02,0.0,0.6010525090101645,0.5
401,neutral,3,understand,0.047389094786775735,understand,0.05,understand,0.8571428571428571,0.3,0.2468040089554421,0.2,0.92,0.1,0.7494149141686662,0.3779644730092272
401,neutral,3,understand,0.09255682575542133,create,0.05,create,0.75,0.26249999999999996,0.28110933476558597,0.2,0.02,0.0,0.6010525090101645,0.5
401,neutral,3,understand,0.09255682575542133,explore,0.05,explore,0.75,0.26249999999999996,0.28110933476558597,0.2,0.02,0.0,0.6010525090101645,0.5
401,neutral,3,understand,0.09255682575542133,finish,0.05,finish,0.75,0.26249999999999996,0.28110933476558597,0.2,0.02,0.1,0.7010525090101645,0.5
401,neutral,3,understand,0.09255682575542133,connect,0.05,connect,0.75,0.26249999999999996,0.28110933476558597,0.2,0.02,0.0,0.6010525090101645,0.5
401,neutral,4,understand,0.03791127582942058,understand,0.05,understand,0.875,0.30624999999999997,0.23994182581658555,0.2,0.92,0.1,0.7582805499871649,0.35355339059327373
401,neutral,4,understand,0.09255682575542133,create,0.05,create,0.75,0.26249999999999996,0.28110933476558597,0.2,0.02,0.0,0.6010525090101645,0.5
401,neutral,4,understand,0.09255682575542133,explore,0.05,explore,0.75,0.26249999999999996,0.28110933476558597,0.2,0.02,0.0,0.6010525090101645,0.5
401,neutral,4,understand,0.09255682575542133,finish,0.05,finish,0.75,0.26249999999999996,0.28110933476558597,0.2,0.02,0.1,0.7010525090101645,0.5
401,neutral,4,understand,0.09255682575542133,connect,0.05,connect,0.75,0.26249999999999996,0.28110933476558597,0.2,0.02,0.0,0.6010525090101645,0.5
401,neutral,5,understand,0.03032902066353647,understand,0.05,understand,0.8888888888888888,0.31111111111111106,0.23425777897132163,0.2,0.92,0.1,0.7650398694188961,0.3333333333333333
401,neutral,5,understand,0.09255682575542133,create,0.05,create,0.75,0.26249999999999996,0.28110933476558597,0.2,0.02,0.0,0.6010525090101645,0.5
401,neutral,5,understand,0.09255682575542133,explore,0.05,explore,0.75,0.26249999999999996,0.28110933476558597,0.2,0.02,0.0,0.6010525090101645,0.5
401,neutral,5,understand,0.09255682575542133,finish,0.05,finish,0.75,0.26249999999999996,0.28110933476558597,0.2,0.02,0.1,0.7010525090101645,0.5
401,neutral,5,understand,0.09255682575542133,connect,0.05,connect,0.75,0.26249999999999996,0.28110933476558597,0.2,0.02,0.0,0.6010525090101645,0.5
401,neutral,6,understand,0.024263216530829176,understand,0.05,understand,0.9,0.315,0.22944924432219369,0.2,0.92,0.1,0.7701860277913645,0.31622776601683794
401,neutral,6,understand,0.09255682575542133,create,0.05,create,0.75,0.26249999999999996,0.28110933476558597,0.2,0.02,0.0,0.6010525090101645,0.5
401,neutral,6,understand,0.09255682575542133,explore,0.05,explore,0.75,0.26249999999999996,0.28110933476558597,0.2,0.02,0.0,0.6010525090101645,0.5
401,neutral,6,understand,0.09255682575542133,finish,0.05,finish,0.75,0.26249999999999996,0.28110933476558597,0.2,0.02,0.1,0.7010525090101645,0.5
401,neutral,6,understand,0.09255682575542133,connect,0.05,connect,0.75,0.26249999999999996,0.28110933476558597,0.2,0.02,0.0,0.6010525090101645,0.5
401,neutral,7,understand,0.01941057322466334,understand,0.05,understand,0.9090909090909091,0.3181818181818182,0.2253123208813255,0.2,0.92,0.1,0.7740835658384803,0.30151134457776363
401,neutral,7,understand,0.09255682575542133,create,0.05,create,0.75,0.26249999999999996,0.28110933476558597,0.2,0.02,0.0,0.6010525090101645,0.5
401,neutral,7,understand,0.09255682575542133,explore,0.05,explore,0.75,0.26249999999999996,0.28110933476558597,0.2,0.02,0.0,0.6010525090101645,0.5
401,neutral,7,understand,0.09255682575542133,finish,0.05,finish,0.75,0.26249999999999996,0.28110933476558597,0.2,0.02,0.1,0.7010525090101645,0.5
401,neutral,7,understand,0.09255682575542133,connect,0.05,connect,0.75,0.26249999999999996,0.28110933476558597,0.2,0.02,0.0,0.6010525090101645,0.5
401,neutral,8,understand,0.015528458579730675,understand,0.05,understand,0.9166666666666666,0.3208333333333333,0.22170394243210684,0.2,0.92,0.1,0.7770088171857094,0.2886751345948129
401,neutral,8,understand,0.09255682575542133,create,0.05,create,0.75,0.26249999999999996,0.28110933476558597,0.2,0.02,0.0,0.6010525090101645,0.5
401,neutral,8,understand,0.09255682575542133,explore,0.05,explore,0.75,0.26249999999999996,0.28110933476558597,0.2,0.02,0.0,0.6010525090101645,0.5
401,neutral,8,understand,0.09255682575542133,finish,0.05,finish,0.75,0.26249999999999996,0.28110933476558597,0.2,0.02,0.1,0.7010525090101645,0.5
401,neutral,8,understand,0.09255682575542133,connect,0.05,connect,0.75,0.26249999999999996,0.28110933476558597,0.2,0.02,0.0,0.6010525090101645,0.5
401,neutral,9,understand,0.01242276686378454,understand,0.05,understand,0.9230769230769231,0.3230769230769231,0.21852036896040006,0.2,0.92,0.1,0.7791745251735386,0.2773500981126146
401,neutral,9,understand,0.09255682575542133,create,0.05,create,0.75,0.26249999999999996,0.28110933476558597,0.2,0.02,0.0,0.6010525090101645,0.5
401,neutral,9,understand,0.09255682575542133,explore,0.05,explore,0.75,0.26249999999999996,0.28110933476558597,0.2,0.02,0.0,0.6010525090101645,0.5
401,neutral,9,understand,0.09255682575542133,finish,0.05,finish,0.75,0.26249999999999996,0.28110933476558597,0.2,0.02,0.1,0.7010525090101645,0.5
401,neutral,9,understand,0.09255682575542133,connect,0.05,connect,0.75,0.26249999999999996,0.28110933476558597,0.2,0.02,0.0,0.6010525090101645,0.5
401,no-aversion,0,understand,0.0,understand,0.05,understand,0.75,0.26249999999999996,0.28110933476558597,0.2618805176945042,0.92,0.1,0.8554898524600901,0.5
401,no-aversion,0,understand,0.0,create,0.05,create,0.75,0.26249999999999996,0.28110933476558597,0.13542330977181766,0.02,0.0,0.6290326445374035,0.5
401,no-aversion,0,understand,0.0,explore,0.05,explore,0.75,0.26249999999999996,0.28110933476558597,0.24688763166089714,0.02,0.0,0.740496966426483,0.5
401,no-aversion,0,understand,0.0,finish,0.05,finish,0.75,0.26249999999999996,0.28110933476558597,0.2608422239438986,0.02,0.1,0.8544515587094844,0.5
401,no-aversion,0,understand,0.0,connect,0.05,connect,0.75,0.26249999999999996,0.28110933476558597,0.09496631692888229,0.02,0.0,0.5885756516944682,0.5
401,no-aversion,1,understand,0.0,understand,0.05,understand,0.8,0.27999999999999997,0.266270583711912,0.2840146763597166,0.92,0.1,0.8802852600716286,0.4472135954999579
401,no-aversion,1,understand,0.0,create,0.05,create,0.75,0.26249999999999996,0.28110933476558597,0.13242680838470308,0.02,0.0,0.626036143150289,0.5
401,no-aversion,1,understand,0.0,explore,0.05,explore,0.75,0.26249999999999996,0.28110933476558597,0.23813244453478563,0.02,0.0,0.7317417793003715,0.5
401,no-aversion,1,understand,0.0,finish,0.05,finish,0.75,0.26249999999999996,0.28110933476558597,0.2513660876368141,0.02,0.1,0.8449754224024,0.5
401,no-aversion,1,understand,0.0,connect,0.05,connect,0.75,0.26249999999999996,0.28110933476558597,0.0940599830839805,0.02,0.0,0.5876693178495664,0.5
401,no-aversion,2,understand,0.0,understand,0.05,understand,0.8333333333333334,0.2916666666666667,0.2553170727342773,0.306854483579157,0.92,0.1,0.9038382229801009,0.4082482904638631
401,no-aversion,2,understand,0.0,create,0.05,create,0.75,0.26249999999999996,0.28110933476558597,0.1292430972966086,0.02,0.0,0.6228524320621944,0.5
401,no-aversion,2,understand,0.0,explore,0.05,explore,0.75,0.26249999999999996,0.28110933476558597,0.22921455650965075,0.02,0.0,0.7228238912752366,0.5
401,no-aversion,2,understand,0.0,finish,0.05,finish,0.75,0.26249999999999996,0.28110933476558597,0.24173031876982012,0.02,0.1,0.835339653535406,0.5
401,no-aversion,2,understand,0.0,connect,0.05,connect,0.75,0.26249999999999996,0.28110933476558597,0.09295754384476357,0.02,0.0,0.5865668786103495,0.5
401,no-aversion,3,understand,0.0,understand,0.05,understand,0.8571428571428571,0.3,0.2468040089554421,0.3302923842437718,0.92,0.1,0.9270963931992138,0.3779644730092272
401,no-aversion,3,understand,0.0,create,0.05,create,0.75,0.26249999999999996,0.28110933476558597,0.12588955274929578,0.02,0.0,0.6194988875148817,0.5
401,no-aversion,3,understand,0.0,explore,0.05,explore,0.75,0.26249999999999996,0.28110933476558597,0.2201729358162221,0.02,0.0,0.713782270581808,0.5
401,no-aversion,3,understand,0.0,finish,0.05,finish,0.75,0.26249999999999996,0.28110933476558597,0.23197658874715965,0.02,0.1,0.8255859235127455,0.5
401,no-aversion,3,understand,0.0,connect,0.05,connect,0.75,0.26249999999999996,0.28110933476558597,0.09166853844355065,0.02,0.0,0.5852778732091366,0.5
401,no-aversion,4,understand,0.0,understand,0.05,understand,0.875,0.30624999999999997,0.23994182581658555,0.3542078637851298,0.92,0.1,0.9503996896017152,0.35355339059327373
401,no-aversion,4,understand,0.0,create,0.05,create,0.75,0.26249999999999996,0.28110933476558597,0.12238636516562003,0.02,0.0,0.615995699931206,0.5
401,no-aversion,4,understand,0.0,explore,0.05,explore,0.75,0.26249999999999996,0.28110933476558597,0.21105033110280633,0.02,0.0,0.7046596658683922,0.5
401,no-aversion,4,understand,0.0,finish,0.05,finish,0.75,0.26249999999999996,0.28110933476558597,0.22215047035703867,0.02,0.1,0.8157598051226246,0.5
401,no-aversion,4,understand,0.0,connect,0.05,connect,0.75,0.26249999999999996,0.28110933476558597,0.09020496958940522,0.02,0.0,0.583814304354991,0.5
401,no-aversion,5,understand,0.0,understand,0.05,understand,0.8888888888888888,0.31111111111111106,0.23425777897132163,0.37846968991774627,0.92,0.1,0.9738385800001789,0.3333333333333333
401,no-aversion,5,understand,0.0,create,0.05,create,0.75,0.26249999999999996,0.28110933476558597,0.11875620326215951,0.02,0.0,0.6123655380277454,0.5
401,no-aversion,5,understand,0.0,explore,0.05,explore,0.75,0.26249999999999996,0.28110933476558597,0.20189242585809913,0.02,0.0,0.6955017606236851,0.5
401,no-aversion,5,understand,0.0,finish,0.05,finish,0.75,0.26249999999999996,0.28110933476558597,0.21230052838466057,0.02,0.1,0.8059098631502465,0.5
401,no-aversion,5,understand,0.0,connect,0.05,connect,0.75,0.26249999999999996,0.28110933476558597,0.08858115257733465,0.02,0.0,0.5821904873429206,0.5
401,no-aversion,6,understand,0.0,understand,0.05,understand,0.9,0.315,0.22944924432219369,0.4029386525083434,0.92,0.1,0.997387896830537,0.31622776601683794
401,no-aversion,6,understand,0.0,create,0.05,create,0.75,0.26249999999999996,0.28110933476558597,0.11502377208501922,0.02,0.0,0.6086331068506051,0.5
401,no-aversion,6,understand,0.0,explore,0.05,explore,0.75,0.26249999999999996,0.28110933476558597,0.1927468448673747,0.02,0.0,0.6863561796329606,0.5
401,no-aversion,6,understand,0.0,finish,0.05,finish,0.75,0.26249999999999996,0.28110933476558597,0.20247725701431368,0.02,0.1,0.7960865917798995,0.5
401,no-aversion,6,understand,0.0,connect,0.05,connect,0.75,0.26249999999999996,0.28110933476558597,0.08681347352494906,0.02,0.0,0.5804228082905349,0.5
401,no-aversion,7,understand,0.0,understand,0.05,understand,0.9090909090909091,0.3181818181818182,0.2253123208813255,0.427470687756261,0.92,0.1,1.0209648268194047,0.30151134457776363
401,no-aversion,7,understand,0.0,create,0.05,create,0.75,0.26249999999999996,0.28110933476558597,0.11121528204612319,0.02,0.0,0.6048246168117091,0.5
401,no-aversion,7,understand,0.0,explore,0.05,explore,0.75,0.26249999999999996,0.28110933476558597,0.18366205560256882,0.02,0.0,0.6772713903681546,0.5
401,no-aversion,7,understand,0.0,finish,0.05,finish,0.75,0.26249999999999996,0.28110933476558597,0.1927319101539217,0.02,0.1,0.7863412449195075,0.5
401,no-aversion,7,understand,0.0,connect,0.05,connect,0.75,0.26249999999999996,0.28110933476558597,0.08492006444112526,0.02,0.0,0.5785293992067111,0.5
401,no-aversion,8,understand,0.0,understand,0.05,understand,0.9166666666666666,0.3208333333333333,0.22170394243210684,0.4519202416770998,0.92,0.1,1.04445751744254,0.2886751345948129
401,no-aversion,8,understand,0.0,create,0.05,create,0.75,0.26249999999999996,0.28110933476558597,0.10735785282504814,0.02,0.0,0.600967187590634,0.5
401,no-aversion,8,understand,0.0,explore,0.05,explore,0.75,0.26249999999999996,0.28110933476558597,0.17468621652772073,0.02,0.0,0.6682955512933066,0.5
401,no-aversion,8,understand,0.0,finish,0.05,finish,0.75,0.26249999999999996,0.28110933476558597,0.18311528018350995,0.02,0.1,0.7767246149490958,0.5
401,no-aversion,8,understand,0.0,connect,0.05,connect,0.75,0.26249999999999996,0.28110933476558597,0.08292040878662132,0.02,0.0,0.5765297435522072,0.5
401,no-aversion,9,understand,0.0,understand,0.05,understand,0.9230769230769231,0.3230769230769231,0.21852036896040006,0.47614370787767324,0.92,0.1,1.0677409999149965,0.2773500981126146
401,no-aversion,9,understand,0.0,create,0.05,create,0.75,0.26249999999999996,0.28110933476558597,0.10347888101684219,0.02,0.0,0.5970882157824281,0.5
401,no-aversion,9,understand,0.0,explore,0.05,explore,0.75,0.26249999999999996,0.28110933476558597,0.16586602928397073,0.02,0.0,0.6594753640495566,0.5
401,no-aversion,9,understand,0.0,finish,0.05,finish,0.75,0.26249999999999996,0.28110933476558597,0.1736764856076837,0.02,0.1,0.7672858203732695,0.5
401,no-aversion,9,understand,0.0,connect,0.05,connect,0.75,0.26249999999999996,0.28110933476558597,0.08083489621383008,0.02,0.0,0.574444230979416,0.5
401,no-dream,0,understand,0.09255682575542133,understand,0.05,understand,0.75,0.26249999999999996,0.28110933476558597,0.2618805176945042,0.92,0.1,0.7629330267046688,0.5
401,no-dream,0,understand,0.09255682575542133,create,0.05,create,0.75,0.26249999999999996,0.28110933476558597,0.13542330977181766,0.02,0.0,0.5364758187819821,0.5
401,no-dream,0,understand,0.09255682575542133,explore,0.05,explore,0.75,0.26249999999999996,0.28110933476558597,0.24688763166089714,0.02,0.0,0.6479401406710616,0.5
401,no-dream,0,understand,0.09255682575542133,finish,0.05,finish,0.75,0.26249999999999996,0.28110933476558597,0.2608422239438986,0.02,0.1,0.7618947329540631,0.5
401,no-dream,0,understand,0.09255682575542133,connect,0.05,connect,0.75,0.26249999999999996,0.28110933476558597,0.09496631692888229,0.02,0.0,0.4960188259390469,0.5
401,no-dream,1,understand,0.07404546060433707,understand,0.05,understand,0.8,0.27999999999999997,0.266270583711912,0.2840146763597166,0.92,0.1,0.8062397994672915,0.4472135954999579
401,no-dream,1,understand,0.09255682575542133,create,0.05,create,0.75,0.26249999999999996,0.28110933476558597,0.13242680838470308,0.02,0.0,0.5334793173948676,0.5
401,no-dream,1,understand,0.09255682575542133,explore,0.05,explore,0.75,0.26249999999999996,0.28110933476558597,0.23813244453478563,0.02,0.0,0.6391849535449502,0.5
401,no-dream,1,understand,0.09255682575542133,finish,0.05,finish,0.75,0.26249999999999996,0.28110933476558597,0.2513660876368141,0.02,0.1,0.7524185966469786,0.5
401,no-dream,1,understand,0.09255682575542133,connect,0.05,connect,0.75,0.26249999999999996,0.28110933476558597,0.0940599830839805,0.02,0.0,0.4951124920941451,0.5
401,no-dream,2,understand,0.05923636848346966,understand,0.05,understand,0.8333333333333334,0.2916666666666667,0.2553170727342773,0.306854483579157,0.92,0.1,0.8446018544966312,0.4082482904638631
401,no-dream,2,understand,0.09255682575542133,create,0.05,create,0.75,0.26249999999999996,0.28110933476558597,0.1292430972966086,0.02,0.0,0.5302956063067731,0.5
401,no-dream,2,understand,0.09255682575542133,explore,0.05,explore,0.75,0.26249999999999996,0.28110933476558597,0.22921455650965075,0.02,0.0,0.6302670655198153,0.5
401,no-dream,2,understand,0.09255682575542133,finish,0.05,finish,0.75,0.26249999999999996,0.28110933476558597,0.24173031876982012,0.02,0.1,0.7427828277799846,0.5
401,no-dream,2,understand,0.09255682575542133,connect,0.05,connect,0.75,0.26249999999999996,0.28110933476558597,0.09295754384476357,0.02,0.0,0.49401005285492816,0.5
401,no-dream,3,understand,0.047389094786775735,understand,0.05,understand,0.8571428571428571,0.3,0.2468040089554421,0.3302923842437718,0.92,0.1,0.879707298412438,0.3779644730092272
401,no-dream,3,understand,0.09255682575542133,create,0.05,create,0.75,0.26249999999999996,0.28110933476558597,0.12588955274929578,0.02,0.0,0.5269420617594603,0.5
401,no-dream,3,understand,0.09255682575542133,explore,0.05,explore,0.75,0.26249999999999996,0.28110933476558597,0.2201729358162221,0.02,0.0,0.6212254448263866,0.5
401,no-dream,3,understand,0.09255682575542133,finish,0.05,finish,0.75,0.26249999999999996,0.28110933476558597,0.23197658874715965,0.02,0.1,0.7330290977573242,0.5
401,no-dream,3,understand,0.09255682575542133,connect,0.05,connect,0.75,0.26249999999999996,0.28110933476558597,0.09166853844355065,0.02,0.0,0.49272104745371526,0.5
401,no-dream,4,understand,0.03791127582942058,understand,0.05,understand,0.875,0.30624999999999997,0.23994182581658555,0.3542078637851298,0.92,0.1,0.9124884137722946,0.35355339059327373
401,no-dream,4,understand,0.09255682575542133,create,0.05,create,0.75,0.26249999999999996,0.28110933476558597,0.12238636516562003,0.02,0.0,0.5234388741757846,0.5
401,no-dream,4,understand,0.09255682575542133,explore,0.05,explore,0.75,0.26249999999999996,0.28110933476558597,0.21105033110280633,0.02,0.0,0.6121028401129709,0.5
401,no-dream,4,understand,0.09255682575542133,finish,0.05,finish,0.75,0.26249999999999996,0.28110933476558597,0.22215047035703867,0.02,0.1,0.7232029793672032,0.5
401,no-dream,4,understand,0.09255682575542133,connect,0.05,connect,0.75,0.26249999999999996,0.28110933476558597,0.09020496958940522,0.02,0.0,0.4912574785995697,0.5
401,no-dream,5,understand,0.03032902066353647,understand,0.05,understand,0.8888888888888888,0.31111111111111106,0.23425777897132163,0.37846968991774627,0.92,0.1,0.9435095593366424,0.3333333333333333
401,no-dream,5,understand,0.09255682575542133,create,0.05,create,0.75,0.26249999999999996,0.28110933476558597,0.11875620326215951,0.02,0.0,0.5198087122723241,0.5
401,no-dream,5,understand,0.09255682575542133,explore,0.05,explore,0.75,0.26249999999999996,0.28110933476558597,0.20189242585809913,0.02,0.0,0.6029449348682637,0.5
401,no-dream,5,understand,0.09255682575542133,finish,0.05,finish,0.75,0.26249999999999996,0.28110933476558597,0.21230052838466057,0.02,0.1,0.7133530373948251,0.5
401,no-dream,5,understand,0.09255682575542133,connect,0.05,connect,0.75,0.26249999999999996,0.28110933476558597,0.08858115257733465,0.02,0.0,0.4896336615874992,0.5
401,no-dream,6,understand,0.024263216530829176,understand,0.05,understand,0.9,0.315,0.22944924432219369,0.4029386525083434,0.92,0.1,0.9731246802997078,0.31622776601683794
401,no-dream,6,understand,0.09255682575542133,create,0.05,create,0.75,0.26249999999999996,0.28110933476558597,0.11502377208501922,0.02,0.0,0.5160762810951838,0.5
401,no-dream,6,understand,0.09255682575542133,explore,0.05,explore,0.75,0.26249999999999996,0.28110933476558597,0.1927468448673747,0.02,0.0,0.5937993538775392,0.5
401,no-dream,6,understand,0.09255682575542133,finish,0.05,finish,0.75,0.26249999999999996,0.28110933476558597,0.20247725701431368,0.02,0.1,0.7035297660244781,0.5
401,no-dream,6,understand,0.09255682575542133,connect,0.05,connect,0.75,0.26249999999999996,0.28110933476558597,0.08681347352494906,0.02,0.0,0.4878659825351136,0.5
401,no-dream,7,understand,0.01941057322466334,understand,0.05,understand,0.9090909090909091,0.3181818181818182,0.2253123208813255,0.427470687756261,0.92,0.1,1.0015542535947413,0.30151134457776363
401,no-dream,7,understand,0.09255682575542133,create,0.05,create,0.75,0.26249999999999996,0.28110933476558597,0.11121528204612319,0.02,0.0,0.5122677910562877,0.5
401,no-dream,7,understand,0.09255682575542133,explore,0.05,explore,0.75,0.26249999999999996,0.28110933476558597,0.18366205560256882,0.02,0.0,0.5847145646127333,0.5
401,no-dream,7,understand,0.09255682575542133,finish,0.05,finish,0.75,0.26249999999999996,0.28110933476558597,0.1927319101539217,0.02,0.1,0.6937844191640862,0.5
401,no-dream,7,understand,0.09255682575542133,connect,0.05,connect,0.75,0.26249999999999996,0.28110933476558597,0.08492006444112526,0.02,0.0,0.48597257345128975,0.5
401,no-dream,8,understand,0.015528458579730675,understand,0.05,understand,0.9166666666666666,0.3208333333333333,0.22170394243210684,0.4519202416770998,0.92,0.1,1.0289290588628093,0.2886751345948129
401,no-dream,8,understand,0.09255682575542133,create,0.05,create,0.75,0.26249999999999996,0.28110933476558597,0.10735785282504814,0.02,0.0,0.5084103618352127,0.5
401,no-dream,8,understand,0.09255682575542133,explore,0.05,explore,0.75,0.26249999999999996,0.28110933476558597,0.17468621652772073,0.02,0.0,0.5757387255378853,0.5
401,no-dream,8,understand,0.09255682575542133,finish,0.05,finish,0.75,0.26249999999999996,0.28110933476558597,0.18311528018350995,0.02,0.1,0.6841677891936745,0.5
401,no-dream,8,understand,0.09255682575542133,connect,0.05,connect,0.75,0.26249999999999996,0.28110933476558597,0.08292040878662132,0.02,0.0,0.48397291779678586,0.5
401,no-dream,9,understand,0.01242276686378454,understand,0.05,understand,0.9230769230769231,0.3230769230769231,0.21852036896040006,0.47614370787767324,0.92,0.1,1.0553182330512119,0.2773500981126146
401,no-dream,9,understand,0.09255682575542133,create,0.05,create,0.75,0.26249999999999996,0.28110933476558597,0.10347888101684219,0.02,0.0,0.5045313900270068,0.5
401,no-dream,9,understand,0.09255682575542133,explore,0.05,explore,0.75,0.26249999999999996,0.28110933476558597,0.16586602928397073,0.02,0.0,0.5669185382941353,0.5
401,no-dream,9,understand,0.09255682575542133,finish,0.05,finish,0.75,0.26249999999999996,0.28110933476558597,0.1736764856076837,0.02,0.1,0.6747289946178482,0.5
401,no-dream,9,understand,0.09255682575542133,connect,0.05,connect,0.75,0.26249999999999996,0.28110933476558597,0.08083489621383008,0.02,0.0,0.48188740522399465,0.5
401,restarted,0,understand,0.09255682575542133,understand,0.05,understand,0.75,0.26249999999999996,0.28110933476558597,0.2618805176945042,0.92,0.1,0.7629330267046688,0.5
401,restarted,0,understand,0.09255682575542133,create,0.05,create,0.75,0.26249999999999996,0.28110933476558597,0.13542330977181766,0.02,0.0,0.5364758187819821,0.5
401,restarted,0,understand,0.09255682575542133,explore,0.05,explore,0.75,0.26249999999999996,0.28110933476558597,0.24688763166089714,0.02,0.0,0.6479401406710616,0.5
401,restarted,0,understand,0.09255682575542133,finish,0.05,finish,0.75,0.26249999999999996,0.28110933476558597,0.2608422239438986,0.02,0.1,0.7618947329540631,0.5
401,restarted,0,understand,0.09255682575542133,connect,0.05,connect,0.75,0.26249999999999996,0.28110933476558597,0.09496631692888229,0.02,0.0,0.4960188259390469,0.5
401,restarted,1,understand,0.07404546060433707,understand,0.05,understand,0.8,0.27999999999999997,0.266270583711912,0.2840146763597166,0.92,0.1,0.8062397994672915,0.4472135954999579
401,restarted,1,understand,0.09255682575542133,create,0.05,create,0.75,0.26249999999999996,0.28110933476558597,0.13242680838470308,0.02,0.0,0.5334793173948676,0.5
401,restarted,1,understand,0.09255682575542133,explore,0.05,explore,0.75,0.26249999999999996,0.28110933476558597,0.23813244453478563,0.02,0.0,0.6391849535449502,0.5
401,restarted,1,understand,0.09255682575542133,finish,0.05,finish,0.75,0.26249999999999996,0.28110933476558597,0.2513660876368141,0.02,0.1,0.7524185966469786,0.5
401,restarted,1,understand,0.09255682575542133,connect,0.05,connect,0.75,0.26249999999999996,0.28110933476558597,0.0940599830839805,0.02,0.0,0.4951124920941451,0.5
401,restarted,2,understand,0.05923636848346966,understand,0.05,understand,0.8333333333333334,0.2916666666666667,0.2553170727342773,0.306854483579157,0.92,0.1,0.8446018544966312,0.4082482904638631
401,restarted,2,understand,0.09255682575542133,create,0.05,create,0.75,0.26249999999999996,0.28110933476558597,0.1292430972966086,0.02,0.0,0.5302956063067731,0.5
401,restarted,2,understand,0.09255682575542133,explore,0.05,explore,0.75,0.26249999999999996,0.28110933476558597,0.22921455650965075,0.02,0.0,0.6302670655198153,0.5
401,restarted,2,understand,0.09255682575542133,finish,0.05,finish,0.75,0.26249999999999996,0.28110933476558597,0.24173031876982012,0.02,0.1,0.7427828277799846,0.5
401,restarted,2,understand,0.09255682575542133,connect,0.05,connect,0.75,0.26249999999999996,0.28110933476558597,0.09295754384476357,0.02,0.0,0.49401005285492816,0.5
401,restarted,3,understand,0.047389094786775735,understand,0.05,understand,0.8571428571428571,0.3,0.2468040089554421,0.3302923842437718,0.92,0.1,0.879707298412438,0.3779644730092272
401,restarted,3,understand,0.09255682575542133,create,0.05,create,0.75,0.26249999999999996,0.28110933476558597,0.12588955274929578,0.02,0.0,0.5269420617594603,0.5
401,restarted,3,understand,0.09255682575542133,explore,0.05,explore,0.75,0.26249999999999996,0.28110933476558597,0.2201729358162221,0.02,0.0,0.6212254448263866,0.5
401,restarted,3,understand,0.09255682575542133,finish,0.05,finish,0.75,0.26249999999999996,0.28110933476558597,0.23197658874715965,0.02,0.1,0.7330290977573242,0.5
401,restarted,3,understand,0.09255682575542133,connect,0.05,connect,0.75,0.26249999999999996,0.28110933476558597,0.09166853844355065,0.02,0.0,0.49272104745371526,0.5
401,restarted,4,understand,0.03791127582942058,understand,0.05,understand,0.875,0.30624999999999997,0.23994182581658555,0.3542078637851298,0.92,0.1,0.9124884137722946,0.35355339059327373
401,restarted,4,understand,0.09255682575542133,create,0.05,create,0.75,0.26249999999999996,0.28110933476558597,0.12238636516562003,0.02,0.0,0.5234388741757846,0.5
401,restarted,4,understand,0.09255682575542133,explore,0.05,explore,0.75,0.26249999999999996,0.28110933476558597,0.21105033110280633,0.02,0.0,0.6121028401129709,0.5
401,restarted,4,understand,0.09255682575542133,finish,0.05,finish,0.75,0.26249999999999996,0.28110933476558597,0.22215047035703867,0.02,0.1,0.7232029793672032,0.5
401,restarted,4,understand,0.09255682575542133,connect,0.05,connect,0.75,0.26249999999999996,0.28110933476558597,0.09020496958940522,0.02,0.0,0.4912574785995697,0.5
401,restarted,5,understand,0.03032902066353647,understand,0.05,understand,0.8888888888888888,0.31111111111111106,0.23425777897132163,0.37846968991774627,0.92,0.1,0.9435095593366424,0.3333333333333333
401,restarted,5,understand,0.09255682575542133,create,0.05,create,0.75,0.26249999999999996,0.28110933476558597,0.11875620326215951,0.02,0.0,0.5198087122723241,0.5
401,restarted,5,understand,0.09255682575542133,explore,0.05,explore,0.75,0.26249999999999996,0.28110933476558597,0.20189242585809913,0.02,0.0,0.6029449348682637,0.5
401,restarted,5,understand,0.09255682575542133,finish,0.05,finish,0.75,0.26249999999999996,0.28110933476558597,0.21230052838466057,0.02,0.1,0.7133530373948251,0.5
401,restarted,5,understand,0.09255682575542133,connect,0.05,connect,0.75,0.26249999999999996,0.28110933476558597,0.08858115257733465,0.02,0.0,0.4896336615874992,0.5
401,restarted,6,understand,0.024263216530829176,understand,0.05,understand,0.9,0.315,0.22944924432219369,0.4029386525083434,0.92,0.1,0.9731246802997078,0.31622776601683794
401,restarted,6,understand,0.09255682575542133,create,0.05,create,0.75,0.26249999999999996,0.28110933476558597,0.11502377208501922,0.02,0.0,0.5160762810951838,0.5
401,restarted,6,understand,0.09255682575542133,explore,0.05,explore,0.75,0.26249999999999996,0.28110933476558597,0.1927468448673747,0.02,0.0,0.5937993538775392,0.5
401,restarted,6,understand,0.09255682575542133,finish,0.05,finish,0.75,0.26249999999999996,0.28110933476558597,0.20247725701431368,0.02,0.1,0.7035297660244781,0.5
401,restarted,6,understand,0.09255682575542133,connect,0.05,connect,0.75,0.26249999999999996,0.28110933476558597,0.08681347352494906,0.02,0.0,0.4878659825351136,0.5
401,restarted,7,understand,0.01941057322466334,understand,0.05,understand,0.9090909090909091,0.3181818181818182,0.2253123208813255,0.427470687756261,0.92,0.1,1.0015542535947413,0.30151134457776363
401,restarted,7,understand,0.09255682575542133,create,0.05,create,0.75,0.26249999999999996,0.28110933476558597,0.11121528204612319,0.02,0.0,0.5122677910562877,0.5
401,restarted,7,understand,0.09255682575542133,explore,0.05,explore,0.75,0.26249999999999996,0.28110933476558597,0.18366205560256882,0.02,0.0,0.5847145646127333,0.5
401,restarted,7,understand,0.09255682575542133,finish,0.05,finish,0.75,0.26249999999999996,0.28110933476558597,0.1927319101539217,0.02,0.1,0.6937844191640862,0.5
401,restarted,7,understand,0.09255682575542133,connect,0.05,connect,0.75,0.26249999999999996,0.28110933476558597,0.08492006444112526,0.02,0.0,0.48597257345128975,0.5
401,restarted,8,understand,0.015528458579730675,understand,0.05,understand,0.9166666666666666,0.3208333333333333,0.22170394243210684,0.4519202416770998,0.92,0.1,1.0289290588628093,0.2886751345948129
401,restarted,8,understand,0.09255682575542133,create,0.05,create,0.75,0.26249999999999996,0.28110933476558597,0.10735785282504814,0.02,0.0,0.5084103618352127,0.5
401,restarted,8,understand,0.09255682575542133,explore,0.05,explore,0.75,0.26249999999999996,0.28110933476558597,0.17468621652772073,0.02,0.0,0.5757387255378853,0.5
401,restarted,8,understand,0.09255682575542133,finish,0.05,finish,0.75,0.26249999999999996,0.28110933476558597,0.18311528018350995,0.02,0.1,0.6841677891936745,0.5
401,restarted,8,understand,0.09255682575542133,connect,0.05,connect,0.75,0.26249999999999996,0.28110933476558597,0.08292040878662132,0.02,0.0,0.48397291779678586,0.5
401,restarted,9,understand,0.01242276686378454,understand,0.05,understand,0.9230769230769231,0.3230769230769231,0.21852036896040006,0.47614370787767324,0.92,0.1,1.0553182330512119,0.2773500981126146
401,restarted,9,understand,0.09255682575542133,create,0.05,create,0.75,0.26249999999999996,0.28110933476558597,0.10347888101684219,0.02,0.0,0.5045313900270068,0.5
401,restarted,9,understand,0.09255682575542133,explore,0.05,explore,0.75,0.26249999999999996,0.28110933476558597,0.16586602928397073,0.02,0.0,0.5669185382941353,0.5
401,restarted,9,understand,0.09255682575542133,finish,0.05,finish,0.75,0.26249999999999996,0.28110933476558597,0.1736764856076837,0.02,0.1,0.6747289946178482,0.5
401,restarted,9,understand,0.09255682575542133,connect,0.05,connect,0.75,0.26249999999999996,0.28110933476558597,0.08083489621383008,0.02,0.0,0.48188740522399465,0.5
402,updated,0,create,0.0548928599470404,understand,0.05,understand,0.75,0.26249999999999996,0.2186024562949973,0.3124589146391856,0.02,0.1,0.7886685109871424,0.5
402,updated,0,create,0.0548928599470404,create,0.05,create,0.75,0.26249999999999996,0.2186024562949973,0.32875687751392074,0.92,0.1,0.8049664738618775,0.5
402,updated,0,create,0.0548928599470404,explore,0.05,explore,0.75,0.26249999999999996,0.2186024562949973,0.22052385997325352,0.02,0.0,0.5967334563212103,0.5
402,updated,0,create,0.0548928599470404,finish,0.05,finish,0.75,0.26249999999999996,0.2186024562949973,0.069785995061096,0.02,0.1,0.5459955914090527,0.5
402,updated,0,create,0.0548928599470404,connect,0.05,connect,0.75,0.26249999999999996,0.2186024562949973,0.06847435281254413,0.02,0.0,0.44468394916050097,0.5
402,updated,1,create,0.0548928599470404,understand,0.05,understand,0.75,0.26249999999999996,0.2186024562949973,0.30410876818966376,0.02,0.1,0.7803183645376205,0.5
402,updated,1,create,0.05763750294439242,create,0.05,create,0.8,0.27999999999999997,0.2070632186123068,0.3392882084426935,0.92,0.1,0.8187139241106077,0.4472135954999579
402,updated,1,create,0.0548928599470404,explore,0.05,explore,0.75,0.26249999999999996,0.2186024562949973,0.21580750771481813,0.02,0.0,0.592017104062775,0.5
402,updated,1,create,0.0548928599470404,finish,0.05,finish,0.75,0.26249999999999996,0.2186024562949973,0.07102765718449744,0.02,0.1,0.5472372535324542,0.5
402,updated,1,create,0.0548928599470404,connect,0.05,connect,0.75,0.26249999999999996,0.2186024562949973,0.0697678584683271,0.02,0.0,0.4459774548162839,0.5
402,updated,2,create,0.0548928599470404,understand,0.05,understand,0.75,0.26249999999999996,0.2186024562949973,0.29590236128686254,0.02,0.1,0.7721119576348193,0.5
402,updated,2,create,0.059833217342274043,create,0.05,create,0.8333333333333334,0.2916666666666667,0.19854530722113264,0.3498080520540339,0.92,0.1,0.8301868085995591,0.4082482904638631
402,updated,2,create,0.0548928599470404,explore,0.05,explore,0.75,0.26249999999999996,0.2186024562949973,0.211145362695035,0.02,0.0,0.5873549590429918,0.5
402,updated,2,create,0.0548928599470404,finish,0.05,finish,0.75,0.26249999999999996,0.2186024562949973,0.07217672825499703,0.02,0.1,0.5483863246029538,0.5
402,updated,2,create,0.0548928599470404,connect,0.05,connect,0.75,0.26249999999999996,0.2186024562949973,0.07096749570907145,0.02,0.0,0.44717709205702827,0.5
402,updated,3,create,0.0548928599470404,understand,0.05,understand,0.75,0.26249999999999996,0.2186024562949973,0.2878444959397567,0.02,0.1,0.7640540922877135,0.5
402,updated,3,create,0.061589788860579336,create,0.05,create,0.8571428571428571,0.3,0.19192519033955993,0.3603030314249641,0.92,0.1,0.8406384329039446,0.3779644730092272
402,updated,3,create,0.0548928599470404,explore,0.05,explore,0.75,0.26249999999999996,0.2186024562949973,0.2065413003922865,0.02,0.0,0.5827508967402433,0.5
402,updated,3,create,0.0548928599470404,finish,0.05,finish,0.75,0.26249999999999996,0.2186024562949973,0.07323556459983548,0.02,0.1,0.5494451609477923,0.5
402,updated,3,create,0.0548928599470404,connect,0.05,connect,0.75,0.26249999999999996,0.2186024562949973,0.07207560764315729,0.02,0.0,0.44828520399111405,0.5
402,updated,4,create,0.0548928599470404,understand,0.05,understand,0.75,0.26249999999999996,0.2186024562949973,0.27993969846505123,0.02,0.1,0.7561492948130081,0.5
402,updated,4,create,0.06299504607522358,create,0.05,create,0.875,0.30624999999999997,0.18658886776261288,0.3707598960289087,0.92,0.1,0.8506037177162978,0.35355339059327373
402,updated,4,create,0.0548928599470404,explore,0.05,explore,0.75,0.26249999999999996,0.2186024562949973,0.201999075732736,0.02,0.0,0.5782086720806928,0.5
402,updated,4,create,0.0548928599470404,finish,0.05,finish,0.75,0.26249999999999996,0.2186024562949973,0.0742066563636008,0.02,0.1,0.5504162527115576,0.5
402,updated,4,create,0.0548928599470404,connect,0.05,connect,0.75,0.26249999999999996,0.2186024562949973,0.07309467340970334,0.02,0.0,0.44930426975766014,0.5
402,updated,5,create,0.0548928599470404,understand,0.05,understand,0.75,0.26249999999999996,0.2186024562949973,0.272192193078699,0.02,0.1,0.7484017894266558,0.5
402,updated,5,create,0.06411925184693895,create,0.05,create,0.8888888888888888,0.31111111111111106,0.1821687135791644,0.38116558822347973,0.92,0.1,0.8603261610668161,0.3333333333333333
402,updated,5,create,0.0548928599470404,explore,0.05,explore,0.75,0.26249999999999996,0.2186024562949973,0.19752230290194459,0.02,0.0,0.5737318992499014,0.5
402,updated,5,create,0.0548928599470404,finish,0.05,finish,0.75,0.26249999999999996,0.2186024562949973,0.0750926175183978,0.02,0.1,0.5513022138663546,0.5
402,updated,5,create,0.0548928599470404,connect,0.05,connect,0.75,0.26249999999999996,0.2186024562949973,0.07402729827747875,0.02,0.0,0.4502368946254356,0.5
402,updated,6,create,0.0548928599470404,understand,0.05,understand,0.75,0.26249999999999996,0.2186024562949973,0.26460587814547304,0.02,0.1,0.7408154744934298,0.5
402,updated,6,create,0.06501861646431127,create,0.05,create,0.9,0.315,0.17842939454745912,0.39150730767274905,0.92,0.1,0.8699180857558968,0.31622776601683794
402,updated,6,create,0.0548928599470404,explore,0.05,explore,0.75,0.26249999999999996,0.2186024562949973,0.19311443645334186,0.02,0.0,0.5693240328012987,0.5
402,updated,6,create,0.0548928599470404,finish,0.05,finish,0.75,0.26249999999999996,0.2186024562949973,0.07589617493902932,0.02,0.1,0.5521057712869861,0.5
402,updated,6,create,0.0548928599470404,connect,0.05,connect,0.75,0.26249999999999996,0.2186024562949973,0.07487620278940671,0.02,0.0,0.4510857991373636,0.5
402,updated,7,create,0.0548928599470404,understand,0.05,understand,0.75,0.26249999999999996,0.2186024562949973,0.2571843053076181,0.02,0.1,0.7333939016555749,0.5
402,updated,7,create,0.06573810815820912,create,0.05,create,0.9090909090909091,0.3181818181818182,0.17521234867300509,0.40177257303808334,0.92,0.1,0.8794286317346974,0.30151134457776363
402,updated,7,create,0.0548928599470404,explore,0.05,explore,0.75,0.26249999999999996,0.2186024562949973,0.18877875389990842,0.02,0.0,0.5649883502478652,0.5
402,updated,7,create,0.0548928599470404,finish,0.05,finish,0.75,0.26249999999999996,0.2186024562949973,0.07662015667270748,0.02,0.1,0.5528297530206643,0.5
402,updated,7,create,0.0548928599470404,connect,0.05,connect,0.75,0.26249999999999996,0.2186024562949973,0.07564421108168268,0.02,0.0,0.45185380742963943,0.5
402,updated,8,create,0.0548928599470404,understand,0.05,understand,0.75,0.26249999999999996,0.2186024562949973,0.24993066166911965,0.02,0.1,0.7261402580170765,0.5
402,updated,8,create,0.0663137015133274,create,0.05,create,0.9166666666666666,0.3208333333333333,0.1724063216412137,0.4119492803210292,0.92,0.1,0.8888752337822488,0.2886751345948129
402,updated,8,create,0.0548928599470404,explore,0.05,explore,0.75,0.26249999999999996,0.2186024562949973,0.1845183399513655,0.02,0.0,0.5607279362993223,0.5
402,updated,8,create,0.0548928599470404,finish,0.05,finish,0.75,0.26249999999999996,0.2186024562949973,0.07726747954223785,0.02,0.1,0.5534770758901947,0.5
402,updated,8,create,0.0548928599470404,connect,0.05,connect,0.75,0.26249999999999996,0.2186024562949973,0.07633423851624792,0.02,0.0,0.4525438348642048,0.5
402,updated,9,create,0.0548928599470404,understand,0.05,understand,0.75,0.26249999999999996,0.2186024562949973,0.24284775516529902,0.02,0.1,0.7190573515132558,0.5
402,updated,9,create,0.06677417619742203,create,0.05,create,0.9230769230769231,0.3230769230769231,0.1699306408485747,0.42202575730141123,0.92,0.1,0.8982591450294869,0.2773500981126146
402,updated,9,create,0.0548928599470404,explore,0.05,explore,0.75,0.26249999999999996,0.2186024562949973,0.18033607253261827,0.02,0.0,0.5565456688805751,0.5
402,updated,9,create,0.0548928599470404,finish,0.05,finish,0.75,0.26249999999999996,0.2186024562949973,0.07784113622832223,0.02,0.1,0.554050732576279,0.5
402,updated,9,create,0.0548928599470404,connect,0.05,connect,0.75,0.26249999999999996,0.2186024562949973,0.07694927877234929,0.02,0.0,0.45315887512030617,0.5
402,frozen,0,create,0.0548928599470404,understand,0.05,understand,0.75,0.26249999999999996,0.2186024562949973,0.3124589146391856,0.02,0.1,0.7886685109871424,0.5
402,frozen,0,create,0.0548928599470404,create,0.05,create,0.75,0.26249999999999996,0.2186024562949973,0.32875687751392074,0.92,0.1,0.8049664738618775,0.5
402,frozen,0,create,0.0548928599470404,explore,0.05,explore,0.75,0.26249999999999996,0.2186024562949973,0.22052385997325352,0.02,0.0,0.5967334563212103,0.5
402,frozen,0,create,0.0548928599470404,finish,0.05,finish,0.75,0.26249999999999996,0.2186024562949973,0.069785995061096,0.02,0.1,0.5459955914090527,0.5
402,frozen,0,create,0.0548928599470404,connect,0.05,connect,0.75,0.26249999999999996,0.2186024562949973,0.06847435281254413,0.02,0.0,0.44468394916050097,0.5
402,frozen,1,create,0.0548928599470404,understand,0.05,understand,0.75,0.26249999999999996,0.2186024562949973,0.3124589146391856,0.02,0.1,0.7886685109871424,0.5
402,frozen,1,create,0.0548928599470404,create,0.05,create,0.75,0.26249999999999996,0.2186024562949973,0.32875687751392074,0.92,0.1,0.8049664738618775,0.5
402,frozen,1,create,0.0548928599470404,explore,0.05,explore,0.75,0.26249999999999996,0.2186024562949973,0.22052385997325352,0.02,0.0,0.5967334563212103,0.5
402,frozen,1,create,0.0548928599470404,finish,0.05,finish,0.75,0.26249999999999996,0.2186024562949973,0.069785995061096,0.02,0.1,0.5459955914090527,0.5
402,frozen,1,create,0.0548928599470404,connect,0.05,connect,0.75,0.26249999999999996,0.2186024562949973,0.06847435281254413,0.02,0.0,0.44468394916050097,0.5
402,frozen,2,create,0.0548928599470404,understand,0.05,understand,0.75,0.26249999999999996,0.2186024562949973,0.3124589146391856,0.02,0.1,0.7886685109871424,0.5
402,frozen,2,create,0.0548928599470404,create,0.05,create,0.75,0.26249999999999996,0.2186024562949973,0.32875687751392074,0.92,0.1,0.8049664738618775,0.5
402,frozen,2,create,0.0548928599470404,explore,0.05,explore,0.75,0.26249999999999996,0.2186024562949973,0.22052385997325352,0.02,0.0,0.5967334563212103,0.5
402,frozen,2,create,0.0548928599470404,finish,0.05,finish,0.75,0.26249999999999996,0.2186024562949973,0.069785995061096,0.02,0.1,0.5459955914090527,0.5
402,frozen,2,create,0.0548928599470404,connect,0.05,connect,0.75,0.26249999999999996,0.2186024562949973,0.06847435281254413,0.02,0.0,0.44468394916050097,0.5
402,frozen,3,create,0.0548928599470404,understand,0.05,understand,0.75,0.26249999999999996,0.2186024562949973,0.3124589146391856,0.02,0.1,0.7886685109871424,0.5
402,frozen,3,create,0.0548928599470404,create,0.05,create,0.75,0.26249999999999996,0.2186024562949973,0.32875687751392074,0.92,0.1,0.8049664738618775,0.5
402,frozen,3,create,0.0548928599470404,explore,0.05,explore,0.75,0.26249999999999996,0.2186024562949973,0.22052385997325352,0.02,0.0,0.5967334563212103,0.5
402,frozen,3,create,0.0548928599470404,finish,0.05,finish,0.75,0.26249999999999996,0.2186024562949973,0.069785995061096,0.02,0.1,0.5459955914090527,0.5
402,frozen,3,create,0.0548928599470404,connect,0.05,connect,0.75,0.26249999999999996,0.2186024562949973,0.06847435281254413,0.02,0.0,0.44468394916050097,0.5
402,frozen,4,create,0.0548928599470404,understand,0.05,understand,0.75,0.26249999999999996,0.2186024562949973,0.3124589146391856,0.02,0.1,0.7886685109871424,0.5
402,frozen,4,create,0.0548928599470404,create,0.05,create,0.75,0.26249999999999996,0.2186024562949973,0.32875687751392074,0.92,0.1,0.8049664738618775,0.5
402,frozen,4,create,0.0548928599470404,explore,0.05,explore,0.75,0.26249999999999996,0.2186024562949973,0.22052385997325352,0.02,0.0,0.5967334563212103,0.5
402,frozen,4,create,0.0548928599470404,finish,0.05,finish,0.75,0.26249999999999996,0.2186024562949973,0.069785995061096,0.02,0.1,0.5459955914090527,0.5
402,frozen,4,create,0.0548928599470404,connect,0.05,connect,0.75,0.26249999999999996,0.2186024562949973,0.06847435281254413,0.02,0.0,0.44468394916050097,0.5
402,frozen,5,create,0.0548928599470404,understand,0.05,understand,0.75,0.26249999999999996,0.2186024562949973,0.3124589146391856,0.02,0.1,0.7886685109871424,0.5
402,frozen,5,create,0.0548928599470404,create,0.05,create,0.75,0.26249999999999996,0.2186024562949973,0.32875687751392074,0.92,0.1,0.8049664738618775,0.5
402,frozen,5,create,0.0548928599470404,explore,0.05,explore,0.75,0.26249999999999996,0.2186024562949973,0.22052385997325352,0.02,0.0,0.5967334563212103,0.5
402,frozen,5,create,0.0548928599470404,finish,0.05,finish,0.75,0.26249999999999996,0.2186024562949973,0.069785995061096,0.02,0.1,0.5459955914090527,0.5
402,frozen,5,create,0.0548928599470404,connect,0.05,connect,0.75,0.26249999999999996,0.2186024562949973,0.06847435281254413,0.02,0.0,0.44468394916050097,0.5
402,frozen,6,create,0.0548928599470404,understand,0.05,understand,0.75,0.26249999999999996,0.2186024562949973,0.3124589146391856,0.02,0.1,0.7886685109871424,0.5
402,frozen,6,create,0.0548928599470404,create,0.05,create,0.75,0.26249999999999996,0.2186024562949973,0.32875687751392074,0.92,0.1,0.8049664738618775,0.5
402,frozen,6,create,0.0548928599470404,explore,0.05,explore,0.75,0.26249999999999996,0.2186024562949973,0.22052385997325352,0.02,0.0,0.5967334563212103,0.5
402,frozen,6,create,0.0548928599470404,finish,0.05,finish,0.75,0.26249999999999996,0.2186024562949973,0.069785995061096,0.02,0.1,0.5459955914090527,0.5
402,frozen,6,create,0.0548928599470404,connect,0.05,connect,0.75,0.26249999999999996,0.2186024562949973,0.06847435281254413,0.02,0.0,0.44468394916050097,0.5
402,frozen,7,create,0.0548928599470404,understand,0.05,understand,0.75,0.26249999999999996,0.2186024562949973,0.3124589146391856,0.02,0.1,0.7886685109871424,0.5
402,frozen,7,create,0.0548928599470404,create,0.05,create,0.75,0.26249999999999996,0.2186024562949973,0.32875687751392074,0.92,0.1,0.8049664738618775,0.5
402,frozen,7,create,0.0548928599470404,explore,0.05,explore,0.75,0.26249999999999996,0.2186024562949973,0.22052385997325352,0.02,0.0,0.5967334563212103,0.5
402,frozen,7,create,0.0548928599470404,finish,0.05,finish,0.75,0.26249999999999996,0.2186024562949973,0.069785995061096,0.02,0.1,0.5459955914090527,0.5
402,frozen,7,create,0.0548928599470404,connect,0.05,connect,0.75,0.26249999999999996,0.2186024562949973,0.06847435281254413,0.02,0.0,0.44468394916050097,0.5
402,frozen,8,create,0.0548928599470404,understand,0.05,understand,0.75,0.26249999999999996,0.2186024562949973,0.3124589146391856,0.02,0.1,0.7886685109871424,0.5
402,frozen,8,create,0.0548928599470404,create,0.05,create,0.75,0.26249999999999996,0.2186024562949973,0.32875687751392074,0.92,0.1,0.8049664738618775,0.5
402,frozen,8,create,0.0548928599470404,explore,0.05,explore,0.75,0.26249999999999996,0.2186024562949973,0.22052385997325352,0.02,0.0,0.5967334563212103,0.5
402,frozen,8,create,0.0548928599470404,finish,0.05,finish,0.75,0.26249999999999996,0.2186024562949973,0.069785995061096,0.02,0.1,0.5459955914090527,0.5
402,frozen,8,create,0.0548928599470404,connect,0.05,connect,0.75,0.26249999999999996,0.2186024562949973,0.06847435281254413,0.02,0.0,0.44468394916050097,0.5
402,frozen,9,create,0.0548928599470404,understand,0.05,understand,0.75,0.26249999999999996,0.2186024562949973,0.3124589146391856,0.02,0.1,0.7886685109871424,0.5
402,frozen,9,create,0.0548928599470404,create,0.05,create,0.75,0.26249999999999996,0.2186024562949973,0.32875687751392074,0.92,0.1,0.8049664738618775,0.5
402,frozen,9,create,0.0548928599470404,explore,0.05,explore,0.75,0.26249999999999996,0.2186024562949973,0.22052385997325352,0.02,0.0,0.5967334563212103,0.5
402,frozen,9,create,0.0548928599470404,finish,0.05,finish,0.75,0.26249999999999996,0.2186024562949973,0.069785995061096,0.02,0.1,0.5459955914090527,0.5
402,frozen,9,create,0.0548928599470404,connect,0.05,connect,0.75,0.26249999999999996,0.2186024562949973,0.06847435281254413,0.02,0.0,0.44468394916050097,0.5
402,neutral,0,create,0.0548928599470404,understand,0.05,understand,0.75,0.26249999999999996,0.2186024562949973,0.2,0.32,0.1,0.6762095963479567,0.5
402,neutral,0,create,0.0548928599470404,create,0.05,create,0.75,0.26249999999999996,0.2186024562949973,0.2,0.32,0.1,0.6762095963479567,0.5
402,neutral,0,create,0.0548928599470404,explore,0.05,explore,0.75,0.26249999999999996,0.2186024562949973,0.2,0.02,0.0,0.5762095963479568,0.5
402,neutral,0,create,0.0548928599470404,finish,0.05,finish,0.75,0.26249999999999996,0.2186024562949973,0.2,0.32,0.1,0.6762095963479567,0.5
402,neutral,0,create,0.0548928599470404,connect,0.05,connect,0.75,0.26249999999999996,0.2186024562949973,0.2,0.02,0.0,0.5762095963479568,0.5
402,neutral,1,create,0.0548928599470404,understand,0.05,understand,0.75,0.26249999999999996,0.2186024562949973,0.2,0.02,0.1,0.6762095963479567,0.5
402,neutral,1,create,0.05763750294439242,create,0.05,create,0.8,0.27999999999999997,0.2070632186123068,0.2,0.92,0.1,0.6794257156679143,0.4472135954999579
402,neutral,1,create,0.0548928599470404,explore,0.05,explore,0.75,0.26249999999999996,0.2186024562949973,0.2,0.02,0.0,0.5762095963479568,0.5
402,neutral,1,create,0.0548928599470404,finish,0.05,finish,0.75,0.26249999999999996,0.2186024562949973,0.2,0.02,0.1,0.6762095963479567,0.5
402,neutral,1,create,0.0548928599470404,connect,0.05,connect,0.75,0.26249999999999996,0.2186024562949973,0.2,0.02,0.0,0.5762095963479568,0.5
402,neutral,2,create,0.0548928599470404,understand,0.05,understand,0.75,0.26249999999999996,0.2186024562949973,0.2,0.02,0.1,0.6762095963479567,0.5
402,neutral,2,create,0.059833217342274043,create,0.05,create,0.8333333333333334,0.2916666666666667,0.19854530722113264,0.2,0.92,0.1,0.6803787565455252,0.4082482904638631
402,neutral,2,create,0.0548928599470404,explore,0.05,explore,0.75,0.26249999999999996,0.2186024562949973,0.2,0.02,0.0,0.5762095963479568,0.5
402,neutral,2,create,0.0548928599470404,finish,0.05,finish,0.75,0.26249999999999996,0.2186024562949973,0.2,0.02,0.1,0.6762095963479567,0.5
402,neutral,2,create,0.0548928599470404,connect,0.05,connect,0.75,0.26249999999999996,0.2186024562949973,0.2,0.02,0.0,0.5762095963479568,0.5
402,neutral,3,create,0.0548928599470404,understand,0.05,understand,0.75,0.26249999999999996,0.2186024562949973,0.2,0.02,0.1,0.6762095963479567,0.5
402,neutral,3,create,0.061589788860579336,create,0.05,create,0.8571428571428571,0.3,0.19192519033955993,0.2,0.92,0.1,0.6803354014789805,0.3779644730092272
402,neutral,3,create,0.0548928599470404,explore,0.05,explore,0.75,0.26249999999999996,0.2186024562949973,0.2,0.02,0.0,0.5762095963479568,0.5
402,neutral,3,create,0.0548928599470404,finish,0.05,finish,0.75,0.26249999999999996,0.2186024562949973,0.2,0.02,0.1,0.6762095963479567,0.5
402,neutral,3,create,0.0548928599470404,connect,0.05,connect,0.75,0.26249999999999996,0.2186024562949973,0.2,0.02,0.0,0.5762095963479568,0.5
402,neutral,4,create,0.0548928599470404,understand,0.05,understand,0.75,0.26249999999999996,0.2186024562949973,0.2,0.02,0.1,0.6762095963479567,0.5
402,neutral,4,create,0.06299504607522358,create,0.05,create,0.875,0.30624999999999997,0.18658886776261288,0.2,0.92,0.1,0.6798438216873892,0.35355339059327373
402,neutral,4,create,0.0548928599470404,explore,0.05,explore,0.75,0.26249999999999996,0.2186024562949973,0.2,0.02,0.0,0.5762095963479568,0.5
402,neutral,4,create,0.0548928599470404,finish,0.05,finish,0.75,0.26249999999999996,0.2186024562949973,0.2,0.02,0.1,0.6762095963479567,0.5
402,neutral,4,create,0.0548928599470404,connect,0.05,connect,0.75,0.26249999999999996,0.2186024562949973,0.2,0.02,0.0,0.5762095963479568,0.5
402,neutral,5,create,0.0548928599470404,understand,0.05,understand,0.75,0.26249999999999996,0.2186024562949973,0.2,0.02,0.1,0.6762095963479567,0.5
402,neutral,5,create,0.06411925184693895,create,0.05,create,0.8888888888888888,0.31111111111111106,0.1821687135791644,0.2,0.92,0.1,0.6791605728433364,0.3333333333333333
402,neutral,5,create,0.0548928599470404,explore,0.05,explore,0.75,0.26249999999999996,0.2186024562949973,0.2,0.02,0.0,0.5762095963479568,0.5
402,neutral,5,create,0.0548928599470404,finish,0.05,finish,0.75,0.26249999999999996,0.2186024562949973,0.2,0.02,0.1,0.6762095963479567,0.5
402,neutral,5,create,0.0548928599470404,connect,0.05,connect,0.75,0.26249999999999996,0.2186024562949973,0.2,0.02,0.0,0.5762095963479568,0.5
402,neutral,6,create,0.0548928599470404,understand,0.05,understand,0.75,0.26249999999999996,0.2186024562949973,0.2,0.02,0.1,0.6762095963479567,0.5
402,neutral,6,create,0.06501861646431127,create,0.05,create,0.9,0.315,0.17842939454745912,0.2,0.92,0.1,0.6784107780831478,0.31622776601683794
402,neutral,6,create,0.0548928599470404,explore,0.05,explore,0.75,0.26249999999999996,0.2186024562949973,0.2,0.02,0.0,0.5762095963479568,0.5
402,neutral,6,create,0.0548928599470404,finish,0.05,finish,0.75,0.26249999999999996,0.2186024562949973,0.2,0.02,0.1,0.6762095963479567,0.5
402,neutral,6,create,0.0548928599470404,connect,0.05,connect,0.75,0.26249999999999996,0.2186024562949973,0.2,0.02,0.0,0.5762095963479568,0.5
402,neutral,7,create,0.0548928599470404,understand,0.05,understand,0.75,0.26249999999999996,0.2186024562949973,0.2,0.02,0.1,0.6762095963479567,0.5
402,neutral,7,create,0.06573810815820912,create,0.05,create,0.9090909090909091,0.3181818181818182,0.17521234867300509,0.2,0.92,0.1,0.677656058696614,0.30151134457776363
402,neutral,7,create,0.0548928599470404,explore,0.05,explore,0.75,0.26249999999999996,0.2186024562949973,0.2,0.02,0.0,0.5762095963479568,0.5
402,neutral,7,create,0.0548928599470404,finish,0.05,finish,0.75,0.26249999999999996,0.2186024562949973,0.2,0.02,0.1,0.6762095963479567,0.5
402,neutral,7,create,0.0548928599470404,connect,0.05,connect,0.75,0.26249999999999996,0.2186024562949973,0.2,0.02,0.0,0.5762095963479568,0.5
402,neutral,8,create,0.0548928599470404,understand,0.05,understand,0.75,0.26249999999999996,0.2186024562949973,0.2,0.02,0.1,0.6762095963479567,0.5
402,neutral,8,create,0.0663137015133274,create,0.05,create,0.9166666666666666,0.3208333333333333,0.1724063216412137,0.2,0.92,0.1,0.6769259534612195,0.2886751345948129
402,neutral,8,create,0.0548928599470404,explore,0.05,explore,0.75,0.26249999999999996,0.2186024562949973,0.2,0.02,0.0,0.5762095963479568,0.5
402,neutral,8,create,0.0548928599470404,finish,0.05,finish,0.75,0.26249999999999996,0.2186024562949973,0.2,0.02,0.1,0.6762095963479567,0.5
402,neutral,8,create,0.0548928599470404,connect,0.05,connect,0.75,0.26249999999999996,0.2186024562949973,0.2,0.02,0.0,0.5762095963479568,0.5
402,neutral,9,create,0.0548928599470404,understand,0.05,understand,0.75,0.26249999999999996,0.2186024562949973,0.2,0.02,0.1,0.6762095963479567,0.5
402,neutral,9,create,0.06677417619742203,create,0.05,create,0.9230769230769231,0.3230769230769231,0.1699306408485747,0.2,0.92,0.1,0.6762333877280757,0.2773500981126146
402,neutral,9,create,0.0548928599470404,explore,0.05,explore,0.75,0.26249999999999996,0.2186024562949973,0.2,0.02,0.0,0.5762095963479568,0.5
402,neutral,9,create,0.0548928599470404,finish,0.05,finish,0.75,0.26249999999999996,0.2186024562949973,0.2,0.02,0.1,0.6762095963479567,0.5
402,neutral,9,create,0.0548928599470404,connect,0.05,connect,0.75,0.26249999999999996,0.2186024562949973,0.2,0.02,0.0,0.5762095963479568,0.5
402,no-aversion,0,create,0.0,understand,0.05,understand,0.75,0.26249999999999996,0.2186024562949973,0.3124589146391856,0.02,0.1,0.8435613709341828,0.5
402,no-aversion,0,create,0.0,create,0.05,create,0.75,0.26249999999999996,0.2186024562949973,0.32875687751392074,0.92,0.1,0.8598593338089179,0.5
402,no-aversion,0,create,0.0,explore,0.05,explore,0.75,0.26249999999999996,0.2186024562949973,0.22052385997325352,0.02,0.0,0.6516263162682507,0.5
402,no-aversion,0,create,0.0,finish,0.05,finish,0.75,0.26249999999999996,0.2186024562949973,0.069785995061096,0.02,0.1,0.6008884513560931,0.5
402,no-aversion,0,create,0.0,connect,0.05,connect,0.75,0.26249999999999996,0.2186024562949973,0.06847435281254413,0.02,0.0,0.4995768091075414,0.5
402,no-aversion,1,create,0.0,understand,0.05,understand,0.75,0.26249999999999996,0.2186024562949973,0.30410876818966376,0.02,0.1,0.8352112244846609,0.5
402,no-aversion,1,create,0.0,create,0.05,create,0.8,0.27999999999999997,0.2070632186123068,0.3392882084426935,0.92,0.1,0.8763514270550001,0.4472135954999579
402,no-aversion,1,create,0.0,explore,0.05,explore,0.75,0.26249999999999996,0.2186024562949973,0.21580750771481813,0.02,0.0,0.6469099640098154,0.5
402,no-aversion,1,create,0.0,finish,0.05,finish,0.75,0.26249999999999996,0.2186024562949973,0.07102765718449744,0.02,0.1,0.6021301134794946,0.5
402,no-aversion,1,create,0.0,connect,0.05,connect,0.75,0.26249999999999996,0.2186024562949973,0.0697678584683271,0.02,0.0,0.5008703147633243,0.5
402,no-aversion,2,create,0.0,understand,0.05,understand,0.75,0.26249999999999996,0.2186024562949973,0.29590236128686254,0.02,0.1,0.8270048175818597,0.5
402,no-aversion,2,create,0.0,create,0.05,create,0.8333333333333334,0.2916666666666667,0.19854530722113264,0.3498080520540339,0.92,0.1,0.8900200259418332,0.4082482904638631
402,no-aversion,2,create,0.0,explore,0.05,explore,0.75,0.26249999999999996,0.2186024562949973,0.211145362695035,0.02,0.0,0.6422478189900322,0.5
402,no-aversion,2,create,0.0,finish,0.05,finish,0.75,0.26249999999999996,0.2186024562949973,0.07217672825499703,0.02,0.1,0.6032791845499942,0.5
402,no-aversion,2,create,0.0,connect,0.05,connect,0.75,0.26249999999999996,0.2186024562949973,0.07096749570907145,0.02,0.0,0.5020699520040687,0.5
402,no-aversion,3,create,0.0,understand,0.05,understand,0.75,0.26249999999999996,0.2186024562949973,0.2878444959397567,0.02,0.1,0.8189469522347539,0.5
402,no-aversion,3,create,0.0,create,0.05,create,0.8571428571428571,0.3,0.19192519033955993,0.3603030314249641,0.92,0.1,0.9022282217645239,0.3779644730092272
402,no-aversion,3,create,0.0,explore,0.05,explore,0.75,0.26249999999999996,0.2186024562949973,0.2065413003922865,0.02,0.0,0.6376437566872837,0.5
402,no-aversion,3,create,0.0,finish,0.05,finish,0.75,0.26249999999999996,0.2186024562949973,0.07323556459983548,0.02,0.1,0.6043380208948327,0.5
402,no-aversion,3,create,0.0,connect,0.05,connect,0.75,0.26249999999999996,0.2186024562949973,0.07207560764315729,0.02,0.0,0.5031780639381545,0.5
402,no-aversion,4,create,0.0,understand,0.05,understand,0.75,0.26249999999999996,0.2186024562949973,0.27993969846505123,0.02,0.1,0.8110421547600485,0.5
402,no-aversion,4,create,0.0,create,0.05,create,0.875,0.30624999999999997,0.18658886776261288,0.3707598960289087,0.92,0.1,0.9135987637915214,0.35355339059327373
402,no-aversion,4,create,0.0,explore,0.05,explore,0.75,0.26249999999999996,0.2186024562949973,0.201999075732736,0.02,0.0,0.6331015320277332,0.5
402,no-aversion,4,create,0.0,finish,0.05,finish,0.75,0.26249999999999996,0.2186024562949973,0.0742066563636008,0.02,0.1,0.605309112658598,0.5
402,no-aversion,4,create,0.0,connect,0.05,connect,0.75,0.26249999999999996,0.2186024562949973,0.07309467340970334,0.02,0.0,0.5041971297047005,0.5
402,no-aversion,5,create,0.0,understand,0.05,understand,0.75,0.26249999999999996,0.2186024562949973,0.272192193078699,0.02,0.1,0.8032946493736962,0.5
402,no-aversion,5,create,0.0,create,0.05,create,0.8888888888888888,0.31111111111111106,0.1821687135791644,0.38116558822347973,0.92,0.1,0.9244454129137551,0.3333333333333333
402,no-aversion,5,create,0.0,explore,0.05,explore,0.75,0.26249999999999996,0.2186024562949973,0.19752230290194459,0.02,0.0,0.6286247591969418,0.5
402,no-aversion,5,create,0.0,finish,0.05,finish,0.75,0.26249999999999996,0.2186024562949973,0.0750926175183978,0.02,0.1,0.606195073813395,0.5
402,no-aversion,5,create,0.0,connect,0.05,connect,0.75,0.26249999999999996,0.2186024562949973,0.07402729827747875,0.02,0.0,0.505129754572476,0.5
402,no-aversion,6,create,0.0,understand,0.05,understand,0.75,0.26249999999999996,0.2186024562949973,0.26460587814547304,0.02,0.1,0.7957083344404702,0.5
402,no-aversion,6,create,0.0,create,0.05,create,0.9,0.315,0.17842939454745912,0.39150730767274905,0.92,0.1,0.9349367022202081,0.31622776601683794
402,no-aversion,6,create,0.0,explore,0.05,explore,0.75,0.26249999999999996,0.2186024562949973,0.19311443645334186,0.02,0.0,0.6242168927483391,0.5
402,no-aversion,6,create,0.0,finish,0.05,finish,0.75,0.26249999999999996,0.2186024562949973,0.07589617493902932,0.02,0.1,0.6069986312340265,0.5
402,no-aversion,6,create,0.0,connect,0.05,connect,0.75,0.26249999999999996,0.2186024562949973,0.07487620278940671,0.02,0.0,0.505978659084404,0.5
402,no-aversion,7,create,0.0,understand,0.05,understand,0.75,0.26249999999999996,0.2186024562949973,0.2571843053076181,0.02,0.1,0.7882867616026153,0.5
402,no-aversion,7,create,0.0,create,0.05,create,0.9090909090909091,0.3181818181818182,0.17521234867300509,0.40177257303808334,0.92,0.1,0.9451667398929066,0.30151134457776363
402,no-aversion,7,create,0.0,explore,0.05,explore,0.75,0.26249999999999996,0.2186024562949973,0.18877875389990842,0.02,0.0,0.6198812101949056,0.5
402,no-aversion,7,create,0.0,finish,0.05,finish,0.75,0.26249999999999996,0.2186024562949973,0.07662015667270748,0.02,0.1,0.6077226129677047,0.5
402,no-aversion,7,create,0.0,connect,0.05,connect,0.75,0.26249999999999996,0.2186024562949973,0.07564421108168268,0.02,0.0,0.5067466673766798,0.5
402,no-aversion,8,create,0.0,understand,0.05,understand,0.75,0.26249999999999996,0.2186024562949973,0.24993066166911965,0.02,0.1,0.7810331179641169,0.5
402,no-aversion,8,create,0.0,create,0.05,create,0.9166666666666666,0.3208333333333333,0.1724063216412137,0.4119492803210292,0.92,0.1,0.9551889352955761,0.2886751345948129
402,no-aversion,8,create,0.0,explore,0.05,explore,0.75,0.26249999999999996,0.2186024562949973,0.1845183399513655,0.02,0.0,0.6156207962463627,0.5
402,no-aversion,8,create,0.0,finish,0.05,finish,0.75,0.26249999999999996,0.2186024562949973,0.07726747954223785,0.02,0.1,0.6083699358372351,0.5
402,no-aversion,8,create,0.0,connect,0.05,connect,0.75,0.26249999999999996,0.2186024562949973,0.07633423851624792,0.02,0.0,0.5074366948112452,0.5
402,no-aversion,9,create,0.0,understand,0.05,understand,0.75,0.26249999999999996,0.2186024562949973,0.24284775516529902,0.02,0.1,0.7739502114602962,0.5
402,no-aversion,9,create,0.0,create,0.05,create,0.9230769230769231,0.3230769230769231,0.1699306408485747,0.42202575730141123,0.92,0.1,0.9650333212269089,0.2773500981126146
402,no-aversion,9,create,0.0,explore,0.05,explore,0.75,0.26249999999999996,0.2186024562949973,0.18033607253261827,0.02,0.0,0.6114385288276155,0.5
402,no-aversion,9,create,0.0,finish,0.05,finish,0.75,0.26249999999999996,0.2186024562949973,0.07784113622832223,0.02,0.1,0.6089435925233194,0.5
402,no-aversion,9,create,0.0,connect,0.05,connect,0.75,0.26249999999999996,0.2186024562949973,0.07694927877234929,0.02,0.0,0.5080517350673466,0.5
402,no-dream,0,create,0.0548928599470404,understand,0.05,understand,0.75,0.26249999999999996,0.2186024562949973,0.3124589146391856,0.02,0.1,0.7886685109871424,0.5
402,no-dream,0,create,0.0548928599470404,create,0.05,create,0.75,0.26249999999999996,0.2186024562949973,0.32875687751392074,0.92,0.1,0.8049664738618775,0.5
402,no-dream,0,create,0.0548928599470404,explore,0.05,explore,0.75,0.26249999999999996,0.2186024562949973,0.22052385997325352,0.02,0.0,0.5967334563212103,0.5
402,no-dream,0,create,0.0548928599470404,finish,0.05,finish,0.75,0.26249999999999996,0.2186024562949973,0.069785995061096,0.02,0.1,0.5459955914090527,0.5
402,no-dream,0,create,0.0548928599470404,connect,0.05,connect,0.75,0.26249999999999996,0.2186024562949973,0.06847435281254413,0.02,0.0,0.44468394916050097,0.5
402,no-dream,1,create,0.0548928599470404,understand,0.05,understand,0.75,0.26249999999999996,0.2186024562949973,0.30410876818966376,0.02,0.1,0.7803183645376205,0.5
402,no-dream,1,create,0.05763750294439242,create,0.05,create,0.8,0.27999999999999997,0.2070632186123068,0.3392882084426935,0.92,0.1,0.8187139241106077,0.4472135954999579
402,no-dream,1,create,0.0548928599470404,explore,0.05,explore,0.75,0.26249999999999996,0.2186024562949973,0.21580750771481813,0.02,0.0,0.592017104062775,0.5
402,no-dream,1,create,0.0548928599470404,finish,0.05,finish,0.75,0.26249999999999996,0.2186024562949973,0.07102765718449744,0.02,0.1,0.5472372535324542,0.5
402,no-dream,1,create,0.0548928599470404,connect,0.05,connect,0.75,0.26249999999999996,0.2186024562949973,0.0697678584683271,0.02,0.0,0.4459774548162839,0.5
402,no-dream,2,create,0.0548928599470404,understand,0.05,understand,0.75,0.26249999999999996,0.2186024562949973,0.29590236128686254,0.02,0.1,0.7721119576348193,0.5
402,no-dream,2,create,0.059833217342274043,create,0.05,create,0.8333333333333334,0.2916666666666667,0.19854530722113264,0.3498080520540339,0.92,0.1,0.8301868085995591,0.4082482904638631
402,no-dream,2,create,0.0548928599470404,explore,0.05,explore,0.75,0.26249999999999996,0.2186024562949973,0.211145362695035,0.02,0.0,0.5873549590429918,0.5
402,no-dream,2,create,0.0548928599470404,finish,0.05,finish,0.75,0.26249999999999996,0.2186024562949973,0.07217672825499703,0.02,0.1,0.5483863246029538,0.5
402,no-dream,2,create,0.0548928599470404,connect,0.05,connect,0.75,0.26249999999999996,0.2186024562949973,0.07096749570907145,0.02,0.0,0.44717709205702827,0.5
402,no-dream,3,create,0.0548928599470404,understand,0.05,understand,0.75,0.26249999999999996,0.2186024562949973,0.2878444959397567,0.02,0.1,0.7640540922877135,0.5
402,no-dream,3,create,0.061589788860579336,create,0.05,create,0.8571428571428571,0.3,0.19192519033955993,0.3603030314249641,0.92,0.1,0.8406384329039446,0.3779644730092272
402,no-dream,3,create,0.0548928599470404,explore,0.05,explore,0.75,0.26249999999999996,0.2186024562949973,0.2065413003922865,0.02,0.0,0.5827508967402433,0.5
402,no-dream,3,create,0.0548928599470404,finish,0.05,finish,0.75,0.26249999999999996,0.2186024562949973,0.07323556459983548,0.02,0.1,0.5494451609477923,0.5
402,no-dream,3,create,0.0548928599470404,connect,0.05,connect,0.75,0.26249999999999996,0.2186024562949973,0.07207560764315729,0.02,0.0,0.44828520399111405,0.5
402,no-dream,4,create,0.0548928599470404,understand,0.05,understand,0.75,0.26249999999999996,0.2186024562949973,0.27993969846505123,0.02,0.1,0.7561492948130081,0.5
402,no-dream,4,create,0.06299504607522358,create,0.05,create,0.875,0.30624999999999997,0.18658886776261288,0.3707598960289087,0.92,0.1,0.8506037177162978,0.35355339059327373
402,no-dream,4,create,0.0548928599470404,explore,0.05,explore,0.75,0.26249999999999996,0.2186024562949973,0.201999075732736,0.02,0.0,0.5782086720806928,0.5
402,no-dream,4,create,0.0548928599470404,finish,0.05,finish,0.75,0.26249999999999996,0.2186024562949973,0.0742066563636008,0.02,0.1,0.5504162527115576,0.5
402,no-dream,4,create,0.0548928599470404,connect,0.05,connect,0.75,0.26249999999999996,0.2186024562949973,0.07309467340970334,0.02,0.0,0.44930426975766014,0.5
402,no-dream,5,create,0.0548928599470404,understand,0.05,understand,0.75,0.26249999999999996,0.2186024562949973,0.272192193078699,0.02,0.1,0.7484017894266558,0.5
402,no-dream,5,create,0.06411925184693895,create,0.05,create,0.8888888888888888,0.31111111111111106,0.1821687135791644,0.38116558822347973,0.92,0.1,0.8603261610668161,0.3333333333333333
402,no-dream,5,create,0.0548928599470404,explore,0.05,explore,0.75,0.26249999999999996,0.2186024562949973,0.19752230290194459,0.02,0.0,0.5737318992499014,0.5
402,no-dream,5,create,0.0548928599470404,finish,0.05,finish,0.75,0.26249999999999996,0.2186024562949973,0.0750926175183978,0.02,0.1,0.5513022138663546,0.5
402,no-dream,5,create,0.0548928599470404,connect,0.05,connect,0.75,0.26249999999999996,0.2186024562949973,0.07402729827747875,0.02,0.0,0.4502368946254356,0.5
402,no-dream,6,create,0.0548928599470404,understand,0.05,understand,0.75,0.26249999999999996,0.2186024562949973,0.26460587814547304,0.02,0.1,0.7408154744934298,0.5
402,no-dream,6,create,0.06501861646431127,create,0.05,create,0.9,0.315,0.17842939454745912,0.39150730767274905,0.92,0.1,0.8699180857558968,0.31622776601683794
402,no-dream,6,create,0.0548928599470404,explore,0.05,explore,0.75,0.26249999999999996,0.2186024562949973,0.19311443645334186,0.02,0.0,0.5693240328012987,0.5
402,no-dream,6,create,0.0548928599470404,finish,0.05,finish,0.75,0.26249999999999996,0.2186024562949973,0.07589617493902932,0.02,0.1,0.5521057712869861,0.5
402,no-dream,6,create,0.0548928599470404,connect,0.05,connect,0.75,0.26249999999999996,0.2186024562949973,0.07487620278940671,0.02,0.0,0.4510857991373636,0.5
402,no-dream,7,create,0.0548928599470404,understand,0.05,understand,0.75,0.26249999999999996,0.2186024562949973,0.2571843053076181,0.02,0.1,0.7333939016555749,0.5
402,no-dream,7,create,0.06573810815820912,create,0.05,create,0.9090909090909091,0.3181818181818182,0.17521234867300509,0.40177257303808334,0.92,0.1,0.8794286317346974,0.30151134457776363
402,no-dream,7,create,0.0548928599470404,explore,0.05,explore,0.75,0.26249999999999996,0.2186024562949973,0.18877875389990842,0.02,0.0,0.5649883502478652,0.5
402,no-dream,7,create,0.0548928599470404,finish,0.05,finish,0.75,0.26249999999999996,0.2186024562949973,0.07662015667270748,0.02,0.1,0.5528297530206643,0.5
402,no-dream,7,create,0.0548928599470404,connect,0.05,connect,0.75,0.26249999999999996,0.2186024562949973,0.07564421108168268,0.02,0.0,0.45185380742963943,0.5
402,no-dream,8,create,0.0548928599470404,understand,0.05,understand,0.75,0.26249999999999996,0.2186024562949973,0.24993066166911965,0.02,0.1,0.7261402580170765,0.5
402,no-dream,8,create,0.0663137015133274,create,0.05,create,0.9166666666666666,0.3208333333333333,0.1724063216412137,0.4119492803210292,0.92,0.1,0.8888752337822488,0.2886751345948129
402,no-dream,8,create,0.0548928599470404,explore,0.05,explore,0.75,0.26249999999999996,0.2186024562949973,0.1845183399513655,0.02,0.0,0.5607279362993223,0.5
402,no-dream,8,create,0.0548928599470404,finish,0.05,finish,0.75,0.26249999999999996,0.2186024562949973,0.07726747954223785,0.02,0.1,0.5534770758901947,0.5
402,no-dream,8,create,0.0548928599470404,connect,0.05,connect,0.75,0.26249999999999996,0.2186024562949973,0.07633423851624792,0.02,0.0,0.4525438348642048,0.5
402,no-dream,9,create,0.0548928599470404,understand,0.05,understand,0.75,0.26249999999999996,0.2186024562949973,0.24284775516529902,0.02,0.1,0.7190573515132558,0.5
402,no-dream,9,create,0.06677417619742203,create,0.05,create,0.9230769230769231,0.3230769230769231,0.1699306408485747,0.42202575730141123,0.92,0.1,0.8982591450294869,0.2773500981126146
402,no-dream,9,create,0.0548928599470404,explore,0.05,explore,0.75,0.26249999999999996,0.2186024562949973,0.18033607253261827,0.02,0.0,0.5565456688805751,0.5
402,no-dream,9,create,0.0548928599470404,finish,0.05,finish,0.75,0.26249999999999996,0.2186024562949973,0.07784113622832223,0.02,0.1,0.554050732576279,0.5
402,no-dream,9,create,0.0548928599470404,connect,0.05,connect,0.75,0.26249999999999996,0.2186024562949973,0.07694927877234929,0.02,0.0,0.45315887512030617,0.5
402,restarted,0,create,0.0548928599470404,understand,0.05,understand,0.75,0.26249999999999996,0.2186024562949973,0.3124589146391856,0.02,0.1,0.7886685109871424,0.5
402,restarted,0,create,0.0548928599470404,create,0.05,create,0.75,0.26249999999999996,0.2186024562949973,0.32875687751392074,0.92,0.1,0.8049664738618775,0.5
402,restarted,0,create,0.0548928599470404,explore,0.05,explore,0.75,0.26249999999999996,0.2186024562949973,0.22052385997325352,0.02,0.0,0.5967334563212103,0.5
402,restarted,0,create,0.0548928599470404,finish,0.05,finish,0.75,0.26249999999999996,0.2186024562949973,0.069785995061096,0.02,0.1,0.5459955914090527,0.5
402,restarted,0,create,0.0548928599470404,connect,0.05,connect,0.75,0.26249999999999996,0.2186024562949973,0.06847435281254413,0.02,0.0,0.44468394916050097,0.5
402,restarted,1,create,0.0548928599470404,understand,0.05,understand,0.75,0.26249999999999996,0.2186024562949973,0.30410876818966376,0.02,0.1,0.7803183645376205,0.5
402,restarted,1,create,0.05763750294439242,create,0.05,create,0.8,0.27999999999999997,0.2070632186123068,0.3392882084426935,0.92,0.1,0.8187139241106077,0.4472135954999579
402,restarted,1,create,0.0548928599470404,explore,0.05,explore,0.75,0.26249999999999996,0.2186024562949973,0.21580750771481813,0.02,0.0,0.592017104062775,0.5
402,restarted,1,create,0.0548928599470404,finish,0.05,finish,0.75,0.26249999999999996,0.2186024562949973,0.07102765718449744,0.02,0.1,0.5472372535324542,0.5
402,restarted,1,create,0.0548928599470404,connect,0.05,connect,0.75,0.26249999999999996,0.2186024562949973,0.0697678584683271,0.02,0.0,0.4459774548162839,0.5
402,restarted,2,create,0.0548928599470404,understand,0.05,understand,0.75,0.26249999999999996,0.2186024562949973,0.29590236128686254,0.02,0.1,0.7721119576348193,0.5
402,restarted,2,create,0.059833217342274043,create,0.05,create,0.8333333333333334,0.2916666666666667,0.19854530722113264,0.3498080520540339,0.92,0.1,0.8301868085995591,0.4082482904638631
402,restarted,2,create,0.0548928599470404,explore,0.05,explore,0.75,0.26249999999999996,0.2186024562949973,0.211145362695035,0.02,0.0,0.5873549590429918,0.5
402,restarted,2,create,0.0548928599470404,finish,0.05,finish,0.75,0.26249999999999996,0.2186024562949973,0.07217672825499703,0.02,0.1,0.5483863246029538,0.5
402,restarted,2,create,0.0548928599470404,connect,0.05,connect,0.75,0.26249999999999996,0.2186024562949973,0.07096749570907145,0.02,0.0,0.44717709205702827,0.5
402,restarted,3,create,0.0548928599470404,understand,0.05,understand,0.75,0.26249999999999996,0.2186024562949973,0.2878444959397567,0.02,0.1,0.7640540922877135,0.5
402,restarted,3,create,0.061589788860579336,create,0.05,create,0.8571428571428571,0.3,0.19192519033955993,0.3603030314249641,0.92,0.1,0.8406384329039446,0.3779644730092272
402,restarted,3,create,0.0548928599470404,explore,0.05,explore,0.75,0.26249999999999996,0.2186024562949973,0.2065413003922865,0.02,0.0,0.5827508967402433,0.5
402,restarted,3,create,0.0548928599470404,finish,0.05,finish,0.75,0.26249999999999996,0.2186024562949973,0.07323556459983548,0.02,0.1,0.5494451609477923,0.5
402,restarted,3,create,0.0548928599470404,connect,0.05,connect,0.75,0.26249999999999996,0.2186024562949973,0.07207560764315729,0.02,0.0,0.44828520399111405,0.5
402,restarted,4,create,0.0548928599470404,understand,0.05,understand,0.75,0.26249999999999996,0.2186024562949973,0.27993969846505123,0.02,0.1,0.7561492948130081,0.5
402,restarted,4,create,0.06299504607522358,create,0.05,create,0.875,0.30624999999999997,0.18658886776261288,0.3707598960289087,0.92,0.1,0.8506037177162978,0.35355339059327373
402,restarted,4,create,0.0548928599470404,explore,0.05,explore,0.75,0.26249999999999996,0.2186024562949973,0.201999075732736,0.02,0.0,0.5782086720806928,0.5
402,restarted,4,create,0.0548928599470404,finish,0.05,finish,0.75,0.26249999999999996,0.2186024562949973,0.0742066563636008,0.02,0.1,0.5504162527115576,0.5
402,restarted,4,create,0.0548928599470404,connect,0.05,connect,0.75,0.26249999999999996,0.2186024562949973,0.07309467340970334,0.02,0.0,0.44930426975766014,0.5
402,restarted,5,create,0.0548928599470404,understand,0.05,understand,0.75,0.26249999999999996,0.2186024562949973,0.272192193078699,0.02,0.1,0.7484017894266558,0.5
402,restarted,5,create,0.06411925184693895,create,0.05,create,0.8888888888888888,0.31111111111111106,0.1821687135791644,0.38116558822347973,0.92,0.1,0.8603261610668161,0.3333333333333333
402,restarted,5,create,0.0548928599470404,explore,0.05,explore,0.75,0.26249999999999996,0.2186024562949973,0.19752230290194459,0.02,0.0,0.5737318992499014,0.5
402,restarted,5,create,0.0548928599470404,finish,0.05,finish,0.75,0.26249999999999996,0.2186024562949973,0.0750926175183978,0.02,0.1,0.5513022138663546,0.5
402,restarted,5,create,0.0548928599470404,connect,0.05,connect,0.75,0.26249999999999996,0.2186024562949973,0.07402729827747875,0.02,0.0,0.4502368946254356,0.5
402,restarted,6,create,0.0548928599470404,understand,0.05,understand,0.75,0.26249999999999996,0.2186024562949973,0.26460587814547304,0.02,0.1,0.7408154744934298,0.5
402,restarted,6,create,0.06501861646431127,create,0.05,create,0.9,0.315,0.17842939454745912,0.39150730767274905,0.92,0.1,0.8699180857558968,0.31622776601683794
402,restarted,6,create,0.0548928599470404,explore,0.05,explore,0.75,0.26249999999999996,0.2186024562949973,0.19311443645334186,0.02,0.0,0.5693240328012987,0.5
402,restarted,6,create,0.0548928599470404,finish,0.05,finish,0.75,0.26249999999999996,0.2186024562949973,0.07589617493902932,0.02,0.1,0.5521057712869861,0.5
402,restarted,6,create,0.0548928599470404,connect,0.05,connect,0.75,0.26249999999999996,0.2186024562949973,0.07487620278940671,0.02,0.0,0.4510857991373636,0.5
402,restarted,7,create,0.0548928599470404,understand,0.05,understand,0.75,0.26249999999999996,0.2186024562949973,0.2571843053076181,0.02,0.1,0.7333939016555749,0.5
402,restarted,7,create,0.06573810815820912,create,0.05,create,0.9090909090909091,0.3181818181818182,0.17521234867300509,0.40177257303808334,0.92,0.1,0.8794286317346974,0.30151134457776363
402,restarted,7,create,0.0548928599470404,explore,0.05,explore,0.75,0.26249999999999996,0.2186024562949973,0.18877875389990842,0.02,0.0,0.5649883502478652,0.5
402,restarted,7,create,0.0548928599470404,finish,0.05,finish,0.75,0.26249999999999996,0.2186024562949973,0.07662015667270748,0.02,0.1,0.5528297530206643,0.5
402,restarted,7,create,0.0548928599470404,connect,0.05,connect,0.75,0.26249999999999996,0.2186024562949973,0.07564421108168268,0.02,0.0,0.45185380742963943,0.5
402,restarted,8,create,0.0548928599470404,understand,0.05,understand,0.75,0.26249999999999996,0.2186024562949973,0.24993066166911965,0.02,0.1,0.7261402580170765,0.5
402,restarted,8,create,0.0663137015133274,create,0.05,create,0.9166666666666666,0.3208333333333333,0.1724063216412137,0.4119492803210292,0.92,0.1,0.8888752337822488,0.2886751345948129
402,restarted,8,create,0.0548928599470404,explore,0.05,explore,0.75,0.26249999999999996,0.2186024562949973,0.1845183399513655,0.02,0.0,0.5607279362993223,0.5
402,restarted,8,create,0.0548928599470404,finish,0.05,finish,0.75,0.26249999999999996,0.2186024562949973,0.07726747954223785,0.02,0.1,0.5534770758901947,0.5
402,restarted,8,create,0.0548928599470404,connect,0.05,connect,0.75,0.26249999999999996,0.2186024562949973,0.07633423851624792,0.02,0.0,0.4525438348642048,0.5
402,restarted,9,create,0.0548928599470404,understand,0.05,understand,0.75,0.26249999999999996,0.2186024562949973,0.24284775516529902,0.02,0.1,0.7190573515132558,0.5
402,restarted,9,create,0.06677417619742203,create,0.05,create,0.9230769230769231,0.3230769230769231,0.1699306408485747,0.42202575730141123,0.92,0.1,0.8982591450294869,0.2773500981126146
402,restarted,9,create,0.0548928599470404,explore,0.05,explore,0.75,0.26249999999999996,0.2186024562949973,0.18033607253261827,0.02,0.0,0.5565456688805751,0.5
402,restarted,9,create,0.0548928599470404,finish,0.05,finish,0.75,0.26249999999999996,0.2186024562949973,0.07784113622832223,0.02,0.1,0.554050732576279,0.5
402,restarted,9,create,0.0548928599470404,connect,0.05,connect,0.75,0.26249999999999996,0.2186024562949973,0.07694927877234929,0.02,0.0,0.45315887512030617,0.5
403,updated,0,understand,0.15523767758938903,understand,0.05,understand,0.75,0.26249999999999996,0.1878595125380158,0.2840108536271783,0.92,0.1,0.6291326885758051,0.5
403,updated,0,understand,0.15523767758938903,create,0.05,create,0.75,0.26249999999999996,0.1878595125380158,0.1625183906758416,0.02,0.1,0.5076402256244683,0.5
403,updated,0,understand,0.15523767758938903,explore,0.05,explore,0.75,0.26249999999999996,0.1878595125380158,0.09804974893425221,0.02,0.0,0.34317158388287894,0.5
403,updated,0,understand,0.15523767758938903,finish,0.05,finish,0.75,0.26249999999999996,0.1878595125380158,0.27478546033424356,0.02,0.0,0.5199072952828703,0.5
403,updated,0,understand,0.15523767758938903,connect,0.05,connect,0.75,0.26249999999999996,0.1878595125380158,0.1806355464284843,0.02,0.1,0.525757381377111,0.5
403,updated,1,connect,0.12419014207151122,understand,0.05,understand,0.8,0.27999999999999997,0.17794308432000336,0.306850549716859,0.92,0.1,0.6906034919653511,0.4472135954999579
403,updated,1,connect,0.15523767758938903,create,0.05,create,0.75,0.26249999999999996,0.1878595125380158,0.15770238426734937,0.02,0.1,0.5028242192159761,0.5
403,updated,1,connect,0.15523767758938903,explore,0.05,explore,0.75,0.26249999999999996,0.1878595125380158,0.09673092186883066,0.02,0.0,0.3418527568174573,0.5
403,updated,1,connect,0.15523767758938903,finish,0.05,finish,0.75,0.26249999999999996,0.1878595125380158,0.26387939112451886,0.02,0.0,0.5090012260731456,0.5
403,updated,1,connect,0.15523767758938903,connect,0.05,connect,0.75,0.26249999999999996,0.1878595125380158,0.17483675302244223,0.02,0.1,0.5199585879710689,0.5
403,updated,2,understand,0.12419014207151122,understand,0.05,understand,0.8,0.27999999999999997,0.17794308432000336,0.3078068084613588,0.92,0.1,0.6915597507098509,0.4472135954999579
403,updated,2,understand,0.15523767758938903,create,0.05,create,0.75,0.26249999999999996,0.1878595125380158,0.16013808772778573,0.02,0.1,0.5052599226764124,0.5
403,updated,2,understand,0.15523767758938903,explore,0.05,explore,0.75,0.26249999999999996,0.1878595125380158,0.09977141927759724,0.02,0.0,0.34489325422622397,0.5
403,updated,2,understand,0.15523767758938903,finish,0.05,finish,0.75,0.26249999999999996,0.1878595125380158,0.26526189348606555,0.02,0.0,0.5103837284346923,0.5
403,updated,2,understand,0.24061840026355297,connect,0.05,connect,0.6,0.21,0.17794308432000336,0.1670217910471926,0.02,0.1,0.36434647510364293,0.4472135954999579
403,updated,3,understand,0.09935211365720899,understand,0.05,understand,0.8333333333333334,0.2916666666666667,0.17062308111002752,0.3312667946270517,0.92,0.1,0.7442044287465369,0.4082482904638631
403,updated,3,understand,0.15523767758938903,create,0.05,create,0.75,0.26249999999999996,0.1878595125380158,0.15500906594082964,0.02,0.1,0.5001309008894563,0.5
403,updated,3,understand,0.15523767758938903,explore,0.05,explore,0.75,0.26249999999999996,0.1878595125380158,0.09808373140006378,0.02,0.0,0.3432055663486905,0.5
403,updated,3,understand,0.15523767758938903,finish,0.05,finish,0.75,0.26249999999999996,0.1878595125380158,0.25414005932878564,0.02,0.0,0.4992618942774124,0.5
403,updated,3,understand,0.24061840026355297,connect,0.05,connect,0.6,0.21,0.17794308432000336,0.1615003487032693,0.02,0.1,0.3588250327597198,0.4472135954999579
403,updated,4,understand,0.07948169092576719,understand,0.05,understand,0.8571428571428571,0.3,0.16493397792520936,0.3551991598593098,0.92,0.1,0.7906514468587519,0.3779644730092272
403,updated,4,understand,0.15523767758938903,create,0.05,create,0.75,0.26249999999999996,0.1878595125380158,0.149752940200807,0.02,0.1,0.4948747751494337,0.5
403,updated,4,understand,0.15523767758938903,explore,0.05,explore,0.75,0.26249999999999996,0.1878595125380158,0.09622681364251694,0.02,0.0,0.34134864859114367,0.5
403,updated,4,understand,0.15523767758938903,finish,0.05,finish,0.75,0.26249999999999996,0.1878595125380158,0.24296448020735542,0.02,0.0,0.4880863151559821,0.5
403,updated,4,understand,0.24061840026355297,connect,0.05,connect,0.6,0.21,0.17794308432000336,0.15585660609001087,0.02,0.1,0.35318129014646127,0.4472135954999579
403,updated,5,create,0.06358535274061375,understand,0.05,understand,0.875,0.30624999999999997,0.16034812388202302,0.37947228692296237,0.92,0.1,0.8324850580643716,0.35355339059327373
403,updated,5,create,0.15523767758938903,create,0.05,create,0.75,0.26249999999999996,0.1878595125380158,0.1443996347870815,0.02,0.1,0.4895214697357082,0.5
403,updated,5,create,0.15523767758938903,explore,0.05,explore,0.75,0.26249999999999996,0.1878595125380158,0.0942166560070059,0.02,0.0,0.3393384909556326,0.5
403,updated,5,create,0.15523767758938903,finish,0.05,finish,0.75,0.26249999999999996,0.1878595125380158,0.2317893458492641,0.02,0.0,0.47691118079789085,0.5
403,updated,5,create,0.24061840026355297,connect,0.05,connect,0.6,0.21,0.17794308432000336,0.15012207643368614,0.02,0.1,0.34744676049013656,0.4472135954999579
403,updated,6,understand,0.06358535274061375,understand,0.05,understand,0.875,0.30624999999999997,0.16034812388202302,0.3725916221831976,0.92,0.1,0.8256043933246068,0.35355339059327373
403,updated,6,understand,0.16299956146885847,create,0.05,create,0.8,0.27999999999999997,0.17794308432000336,0.15293238999982783,0.02,0.1,0.49787591285097266,0.4472135954999579
403,updated,6,understand,0.15523767758938903,explore,0.05,explore,0.75,0.26249999999999996,0.1878595125380158,0.09551516796099717,0.02,0.0,0.34063700290962384,0.5
403,updated,6,understand,0.15523767758938903,finish,0.05,finish,0.75,0.26249999999999996,0.1878595125380158,0.22914321581725142,0.02,0.0,0.4742650507658781,0.5
403,updated,6,understand,0.24061840026355297,connect,0.05,connect,0.6,0.21,0.17794308432000336,0.149817604038726,0.02,0.1,0.34714228809517644,0.4472135954999579
403,updated,7,understand,0.05086828219249101,understand,0.05,understand,0.8888888888888888,0.31111111111111106,0.15654959378167982,0.39702366541945844,0.92,0.1,0.8638160881197582,0.3333333333333333
403,updated,7,understand,0.16299956146885847,create,0.05,create,0.8,0.27999999999999997,0.17794308432000336,0.14707697648715837,0.02,0.1,0.4920204993383033,0.4472135954999579
403,updated,7,understand,0.15523767758938903,explore,0.05,explore,0.75,0.26249999999999996,0.1878595125380158,0.09335988929838838,0.02,0.0,0.33848172424701517,0.5
403,updated,7,understand,0.15523767758938903,finish,0.05,finish,0.75,0.26249999999999996,0.1878595125380158,0.21837655229028752,0.02,0.0,0.46349838723891423,0.5
403,updated,7,understand,0.24061840026355297,connect,0.05,connect,0.6,0.21,0.17794308432000336,0.14416291650470728,0.02,0.1,0.3414876005611577,0.4472135954999579
403,updated,8,understand,0.04069462575399281,understand,0.05,understand,0.9,0.315,0.1533361502439168,0.42155380635358247,0.92,0.1,0.8991953308435063,0.31622776601683794
403,updated,8,understand,0.16299956146885847,create,0.05,create,0.8,0.27999999999999997,0.17794308432000336,0.14119093246963293,0.02,0.1,0.4861344553207778,0.4472135954999579
403,updated,8,understand,0.15523767758938903,explore,0.05,explore,0.75,0.26249999999999996,0.1878595125380158,0.09108453609818336,0.02,0.0,0.33620637104681006,0.5
403,updated,8,understand,0.15523767758938903,finish,0.05,finish,0.75,0.26249999999999996,0.1878595125380158,0.20769797879836016,0.02,0.0,0.4528198137469869,0.5
403,updated,8,understand,0.24061840026355297,connect,0.05,connect,0.6,0.21,0.17794308432000336,0.13847274628024106,0.02,0.1,0.3357974303366915,0.4472135954999579
403,updated,9,understand,0.032555700603194244,understand,0.05,understand,0.9090909090909091,0.3181818181818182,0.1505715304860683,0.4460365358404062,0.92,0.1,0.9322341839050984,0.30151134457776363
403,updated,9,understand,0.16299956146885847,create,0.05,create,0.8,0.27999999999999997,0.17794308432000336,0.1353096429254331,0.02,0.1,0.48025316577657795,0.4472135954999579
403,updated,9,understand,0.15523767758938903,explore,0.05,explore,0.75,0.26249999999999996,0.1878595125380158,0.08870995765718574,0.02,0.0,0.3338317926058124,0.5
403,updated,9,understand,0.15523767758938903,finish,0.05,finish,0.75,0.26249999999999996,0.1878595125380158,0.1971621737692866,0.02,0.0,0.4422840087179133,0.5
403,updated,9,understand,0.24061840026355297,connect,0.05,connect,0.6,0.21,0.17794308432000336,0.1327816898076884,0.02,0.1,0.3301063738641389,0.4472135954999579
403,frozen,0,understand,0.15523767758938903,understand,0.05,understand,0.75,0.26249999999999996,0.1878595125380158,0.2840108536271783,0.92,0.1,0.6291326885758051,0.5
403,frozen,0,understand,0.15523767758938903,create,0.05,create,0.75,0.26249999999999996,0.1878595125380158,0.1625183906758416,0.02,0.1,0.5076402256244683,0.5
403,frozen,0,understand,0.15523767758938903,explore,0.05,explore,0.75,0.26249999999999996,0.1878595125380158,0.09804974893425221,0.02,0.0,0.34317158388287894,0.5
403,frozen,0,understand,0.15523767758938903,finish,0.05,finish,0.75,0.26249999999999996,0.1878595125380158,0.27478546033424356,0.02,0.0,0.5199072952828703,0.5
403,frozen,0,understand,0.15523767758938903,connect,0.05,connect,0.75,0.26249999999999996,0.1878595125380158,0.1806355464284843,0.02,0.1,0.525757381377111,0.5
403,frozen,1,connect,0.15523767758938903,understand,0.05,understand,0.75,0.26249999999999996,0.1878595125380158,0.2840108536271783,0.92,0.1,0.6291326885758051,0.5
403,frozen,1,connect,0.15523767758938903,create,0.05,create,0.75,0.26249999999999996,0.1878595125380158,0.1625183906758416,0.02,0.1,0.5076402256244683,0.5
403,frozen,1,connect,0.15523767758938903,explore,0.05,explore,0.75,0.26249999999999996,0.1878595125380158,0.09804974893425221,0.02,0.0,0.34317158388287894,0.5
403,frozen,1,connect,0.15523767758938903,finish,0.05,finish,0.75,0.26249999999999996,0.1878595125380158,0.27478546033424356,0.02,0.0,0.5199072952828703,0.5
403,frozen,1,connect,0.15523767758938903,connect,0.05,connect,0.75,0.26249999999999996,0.1878595125380158,0.1806355464284843,0.02,0.1,0.525757381377111,0.5
403,frozen,2,understand,0.15523767758938903,understand,0.05,understand,0.75,0.26249999999999996,0.1878595125380158,0.2840108536271783,0.92,0.1,0.6291326885758051,0.5
403,frozen,2,understand,0.15523767758938903,create,0.05,create,0.75,0.26249999999999996,0.1878595125380158,0.1625183906758416,0.02,0.1,0.5076402256244683,0.5
403,frozen,2,understand,0.15523767758938903,explore,0.05,explore,0.75,0.26249999999999996,0.1878595125380158,0.09804974893425221,0.02,0.0,0.34317158388287894,0.5
403,frozen,2,understand,0.15523767758938903,finish,0.05,finish,0.75,0.26249999999999996,0.1878595125380158,0.27478546033424356,0.02,0.0,0.5199072952828703,0.5
403,frozen,2,understand,0.15523767758938903,connect,0.05,connect,0.75,0.26249999999999996,0.1878595125380158,0.1806355464284843,0.02,0.1,0.525757381377111,0.5
403,frozen,3,understand,0.15523767758938903,understand,0.05,understand,0.75,0.26249999999999996,0.1878595125380158,0.2840108536271783,0.92,0.1,0.6291326885758051,0.5
403,frozen,3,understand,0.15523767758938903,create,0.05,create,0.75,0.26249999999999996,0.1878595125380158,0.1625183906758416,0.02,0.1,0.5076402256244683,0.5
403,frozen,3,understand,0.15523767758938903,explore,0.05,explore,0.75,0.26249999999999996,0.1878595125380158,0.09804974893425221,0.02,0.0,0.34317158388287894,0.5
403,frozen,3,understand,0.15523767758938903,finish,0.05,finish,0.75,0.26249999999999996,0.1878595125380158,0.27478546033424356,0.02,0.0,0.5199072952828703,0.5
403,frozen,3,understand,0.15523767758938903,connect,0.05,connect,0.75,0.26249999999999996,0.1878595125380158,0.1806355464284843,0.02,0.1,0.525757381377111,0.5
403,frozen,4,understand,0.15523767758938903,understand,0.05,understand,0.75,0.26249999999999996,0.1878595125380158,0.2840108536271783,0.92,0.1,0.6291326885758051,0.5
403,frozen,4,understand,0.15523767758938903,create,0.05,create,0.75,0.26249999999999996,0.1878595125380158,0.1625183906758416,0.02,0.1,0.5076402256244683,0.5
403,frozen,4,understand,0.15523767758938903,explore,0.05,explore,0.75,0.26249999999999996,0.1878595125380158,0.09804974893425221,0.02,0.0,0.34317158388287894,0.5
403,frozen,4,understand,0.15523767758938903,finish,0.05,finish,0.75,0.26249999999999996,0.1878595125380158,0.27478546033424356,0.02,0.0,0.5199072952828703,0.5
403,frozen,4,understand,0.15523767758938903,connect,0.05,connect,0.75,0.26249999999999996,0.1878595125380158,0.1806355464284843,0.02,0.1,0.525757381377111,0.5
403,frozen,5,create,0.15523767758938903,understand,0.05,understand,0.75,0.26249999999999996,0.1878595125380158,0.2840108536271783,0.92,0.1,0.6291326885758051,0.5
403,frozen,5,create,0.15523767758938903,create,0.05,create,0.75,0.26249999999999996,0.1878595125380158,0.1625183906758416,0.02,0.1,0.5076402256244683,0.5
403,frozen,5,create,0.15523767758938903,explore,0.05,explore,0.75,0.26249999999999996,0.1878595125380158,0.09804974893425221,0.02,0.0,0.34317158388287894,0.5
403,frozen,5,create,0.15523767758938903,finish,0.05,finish,0.75,0.26249999999999996,0.1878595125380158,0.27478546033424356,0.02,0.0,0.5199072952828703,0.5
403,frozen,5,create,0.15523767758938903,connect,0.05,connect,0.75,0.26249999999999996,0.1878595125380158,0.1806355464284843,0.02,0.1,0.525757381377111,0.5
403,frozen,6,understand,0.15523767758938903,understand,0.05,understand,0.75,0.26249999999999996,0.1878595125380158,0.2840108536271783,0.92,0.1,0.6291326885758051,0.5
403,frozen,6,understand,0.15523767758938903,create,0.05,create,0.75,0.26249999999999996,0.1878595125380158,0.1625183906758416,0.02,0.1,0.5076402256244683,0.5
403,frozen,6,understand,0.15523767758938903,explore,0.05,explore,0.75,0.26249999999999996,0.1878595125380158,0.09804974893425221,0.02,0.0,0.34317158388287894,0.5
403,frozen,6,understand,0.15523767758938903,finish,0.05,finish,0.75,0.26249999999999996,0.1878595125380158,0.27478546033424356,0.02,0.0,0.5199072952828703,0.5
403,frozen,6,understand,0.15523767758938903,connect,0.05,connect,0.75,0.26249999999999996,0.1878595125380158,0.1806355464284843,0.02,0.1,0.525757381377111,0.5
403,frozen,7,understand,0.15523767758938903,understand,0.05,understand,0.75,0.26249999999999996,0.1878595125380158,0.2840108536271783,0.92,0.1,0.6291326885758051,0.5
403,frozen,7,understand,0.15523767758938903,create,0.05,create,0.75,0.26249999999999996,0.1878595125380158,0.1625183906758416,0.02,0.1,0.5076402256244683,0.5
403,frozen,7,understand,0.15523767758938903,explore,0.05,explore,0.75,0.26249999999999996,0.1878595125380158,0.09804974893425221,0.02,0.0,0.34317158388287894,0.5
403,frozen,7,understand,0.15523767758938903,finish,0.05,finish,0.75,0.26249999999999996,0.1878595125380158,0.27478546033424356,0.02,0.0,0.5199072952828703,0.5
403,frozen,7,understand,0.15523767758938903,connect,0.05,connect,0.75,0.26249999999999996,0.1878595125380158,0.1806355464284843,0.02,0.1,0.525757381377111,0.5
403,frozen,8,understand,0.15523767758938903,understand,0.05,understand,0.75,0.26249999999999996,0.1878595125380158,0.2840108536271783,0.92,0.1,0.6291326885758051,0.5
403,frozen,8,understand,0.15523767758938903,create,0.05,create,0.75,0.26249999999999996,0.1878595125380158,0.1625183906758416,0.02,0.1,0.5076402256244683,0.5
403,frozen,8,understand,0.15523767758938903,explore,0.05,explore,0.75,0.26249999999999996,0.1878595125380158,0.09804974893425221,0.02,0.0,0.34317158388287894,0.5
403,frozen,8,understand,0.15523767758938903,finish,0.05,finish,0.75,0.26249999999999996,0.1878595125380158,0.27478546033424356,0.02,0.0,0.5199072952828703,0.5
403,frozen,8,understand,0.15523767758938903,connect,0.05,connect,0.75,0.26249999999999996,0.1878595125380158,0.1806355464284843,0.02,0.1,0.525757381377111,0.5
403,frozen,9,understand,0.15523767758938903,understand,0.05,understand,0.75,0.26249999999999996,0.1878595125380158,0.2840108536271783,0.92,0.1,0.6291326885758051,0.5
403,frozen,9,understand,0.15523767758938903,create,0.05,create,0.75,0.26249999999999996,0.1878595125380158,0.1625183906758416,0.02,0.1,0.5076402256244683,0.5
403,frozen,9,understand,0.15523767758938903,explore,0.05,explore,0.75,0.26249999999999996,0.1878595125380158,0.09804974893425221,0.02,0.0,0.34317158388287894,0.5
403,frozen,9,understand,0.15523767758938903,finish,0.05,finish,0.75,0.26249999999999996,0.1878595125380158,0.27478546033424356,0.02,0.0,0.5199072952828703,0.5
403,frozen,9,understand,0.15523767758938903,connect,0.05,connect,0.75,0.26249999999999996,0.1878595125380158,0.1806355464284843,0.02,0.1,0.525757381377111,0.5
403,neutral,0,create,0.15523767758938903,understand,0.05,understand,0.75,0.26249999999999996,0.1878595125380158,0.2,0.32,0.1,0.5451218349486266,0.5
403,neutral,0,create,0.15523767758938903,create,0.05,create,0.75,0.26249999999999996,0.1878595125380158,0.2,0.32,0.1,0.5451218349486266,0.5
403,neutral,0,create,0.15523767758938903,explore,0.05,explore,0.75,0.26249999999999996,0.1878595125380158,0.2,0.02,0.0,0.44512183494862667,0.5
403,neutral,0,create,0.15523767758938903,finish,0.05,finish,0.75,0.26249999999999996,0.1878595125380158,0.2,0.02,0.0,0.44512183494862667,0.5
403,neutral,0,create,0.15523767758938903,connect,0.05,connect,0.75,0.26249999999999996,0.1878595125380158,0.2,0.32,0.1,0.5451218349486266,0.5
403,neutral,1,connect,0.15523767758938903,understand,0.05,understand,0.75,0.26249999999999996,0.1878595125380158,0.2,0.47000000000000003,0.1,0.5451218349486266,0.5
403,neutral,1,connect,0.16299956146885847,create,0.05,create,0.8,0.27999999999999997,0.17794308432000336,0.2,0.02,0.1,0.5449435228511449,0.4472135954999579
403,neutral,1,connect,0.15523767758938903,explore,0.05,explore,0.75,0.26249999999999996,0.1878595125380158,0.2,0.02,0.0,0.44512183494862667,0.5
403,neutral,1,connect,0.15523767758938903,finish,0.05,finish,0.75,0.26249999999999996,0.1878595125380158,0.2,0.02,0.0,0.44512183494862667,0.5
403,neutral,1,connect,0.15523767758938903,connect,0.05,connect,0.75,0.26249999999999996,0.1878595125380158,0.2,0.47000000000000003,0.1,0.5451218349486266,0.5
403,neutral,2,understand,0.15523767758938903,understand,0.05,understand,0.75,0.26249999999999996,0.1878595125380158,0.2,0.92,0.1,0.5451218349486266,0.5
403,neutral,2,understand,0.16299956146885847,create,0.05,create,0.8,0.27999999999999997,0.17794308432000336,0.2,0.02,0.1,0.5449435228511449,0.4472135954999579
403,neutral,2,understand,0.15523767758938903,explore,0.05,explore,0.75,0.26249999999999996,0.1878595125380158,0.2,0.02,0.0,0.44512183494862667,0.5
403,neutral,2,understand,0.15523767758938903,finish,0.05,finish,0.75,0.26249999999999996,0.1878595125380158,0.2,0.02,0.0,0.44512183494862667,0.5
403,neutral,2,understand,0.24061840026355297,connect,0.05,connect,0.6,0.21,0.17794308432000336,0.2,0.02,0.1,0.3973246840564504,0.4472135954999579
403,neutral,3,understand,0.12419014207151122,understand,0.05,understand,0.8,0.27999999999999997,0.17794308432000336,0.2,0.92,0.1,0.5837529422484921,0.4472135954999579
403,neutral,3,understand,0.16299956146885847,create,0.05,create,0.8,0.27999999999999997,0.17794308432000336,0.2,0.02,0.1,0.5449435228511449,0.4472135954999579
403,neutral,3,understand,0.15523767758938903,explore,0.05,explore,0.75,0.26249999999999996,0.1878595125380158,0.2,0.02,0.0,0.44512183494862667,0.5
403,neutral,3,understand,0.15523767758938903,finish,0.05,finish,0.75,0.26249999999999996,0.1878595125380158,0.2,0.02,0.0,0.44512183494862667,0.5
403,neutral,3,understand,0.24061840026355297,connect,0.05,connect,0.6,0.21,0.17794308432000336,0.2,0.02,0.1,0.3973246840564504,0.4472135954999579
403,neutral,4,understand,0.09935211365720899,understand,0.05,understand,0.8333333333333334,0.2916666666666667,0.17062308111002752,0.2,0.92,0.1,0.6129376341194852,0.4082482904638631
403,neutral,4,understand,0.16299956146885847,create,0.05,create,0.8,0.27999999999999997,0.17794308432000336,0.2,0.02,0.1,0.5449435228511449,0.4472135954999579
403,neutral,4,understand,0.15523767758938903,explore,0.05,explore,0.75,0.26249999999999996,0.1878595125380158,0.2,0.02,0.0,0.44512183494862667,0.5
403,neutral,4,understand,0.15523767758938903,finish,0.05,finish,0.75,0.26249999999999996,0.1878595125380158,0.2,0.02,0.0,0.44512183494862667,0.5
403,neutral,4,understand,0.24061840026355297,connect,0.05,connect,0.6,0.21,0.17794308432000336,0.2,0.02,0.1,0.3973246840564504,0.4472135954999579
403,neutral,5,create,0.07948169092576719,understand,0.05,understand,0.8571428571428571,0.3,0.16493397792520936,0.2,0.92,0.1,0.6354522869994421,0.3779644730092272
403,neutral,5,create,0.16299956146885847,create,0.05,create,0.8,0.27999999999999997,0.17794308432000336,0.2,0.02,0.1,0.5449435228511449,0.4472135954999579
403,neutral,5,create,0.15523767758938903,explore,0.05,explore,0.75,0.26249999999999996,0.1878595125380158,0.2,0.02,0.0,0.44512183494862667,0.5
403,neutral,5,create,0.15523767758938903,finish,0.05,finish,0.75,0.26249999999999996,0.1878595125380158,0.2,0.02,0.0,0.44512183494862667,0.5
403,neutral,5,create,0.24061840026355297,connect,0.05,connect,0.6,0.21,0.17794308432000336,0.2,0.02,0.1,0.3973246840564504,0.4472135954999579
403,neutral,6,understand,0.07948169092576719,understand,0.05,understand,0.8571428571428571,0.3,0.16493397792520936,0.2,0.92,0.1,0.6354522869994421,0.3779644730092272
403,neutral,6,understand,0.16920906857243406,create,0.05,create,0.8333333333333334,0.2916666666666667,0.17062308111002752,0.2,0.02,0.1,0.5430806792042602,0.4082482904638631
403,neutral,6,understand,0.15523767758938903,explore,0.05,explore,0.75,0.26249999999999996,0.1878595125380158,0.2,0.02,0.0,0.44512183494862667,0.5
403,neutral,6,understand,0.15523767758938903,finish,0.05,finish,0.75,0.26249999999999996,0.1878595125380158,0.2,0.02,0.0,0.44512183494862667,0.5
403,neutral,6,understand,0.24061840026355297,connect,0.05,connect,0.6,0.21,0.17794308432000336,0.2,0.02,0.1,0.3973246840564504,0.4472135954999579
403,neutral,7,understand,0.06358535274061375,understand,0.05,understand,0.875,0.30624999999999997,0.16034812388202302,0.2,0.92,0.1,0.6530127711414092,0.35355339059327373
403,neutral,7,understand,0.16920906857243406,create,0.05,create,0.8333333333333334,0.2916666666666667,0.17062308111002752,0.2,0.02,0.1,0.5430806792042602,0.4082482904638631
403,neutral,7,understand,0.15523767758938903,explore,0.05,explore,0.75,0.26249999999999996,0.1878595125380158,0.2,0.02,0.0,0.44512183494862667,0.5
403,neutral,7,understand,0.15523767758938903,finish,0.05,finish,0.75,0.26249999999999996,0.1878595125380158,0.2,0.02,0.0,0.44512183494862667,0.5
403,neutral,7,understand,0.24061840026355297,connect,0.05,connect,0.6,0.21,0.17794308432000336,0.2,0.02,0.1,0.3973246840564504,0.4472135954999579
403,neutral,8,understand,0.05086828219249101,understand,0.05,understand,0.8888888888888888,0.31111111111111106,0.15654959378167982,0.2,0.92,0.1,0.6667924227002998,0.3333333333333333
403,neutral,8,understand,0.16920906857243406,create,0.05,create,0.8333333333333334,0.2916666666666667,0.17062308111002752,0.2,0.02,0.1,0.5430806792042602,0.4082482904638631
403,neutral,8,understand,0.15523767758938903,explore,0.05,explore,0.75,0.26249999999999996,0.1878595125380158,0.2,0.02,0.0,0.44512183494862667,0.5
403,neutral,8,understand,0.15523767758938903,finish,0.05,finish,0.75,0.26249999999999996,0.1878595125380158,0.2,0.02,0.0,0.44512183494862667,0.5
403,neutral,8,understand,0.24061840026355297,connect,0.05,connect,0.6,0.21,0.17794308432000336,0.2,0.02,0.1,0.3973246840564504,0.4472135954999579
403,neutral,9,understand,0.04069462575399281,understand,0.05,understand,0.9,0.315,0.1533361502439168,0.2,0.92,0.1,0.6776415244899239,0.31622776601683794
403,neutral,9,understand,0.16920906857243406,create,0.05,create,0.8333333333333334,0.2916666666666667,0.17062308111002752,0.2,0.02,0.1,0.5430806792042602,0.4082482904638631
403,neutral,9,understand,0.15523767758938903,explore,0.05,explore,0.75,0.26249999999999996,0.1878595125380158,0.2,0.02,0.0,0.44512183494862667,0.5
403,neutral,9,understand,0.15523767758938903,finish,0.05,finish,0.75,0.26249999999999996,0.1878595125380158,0.2,0.02,0.0,0.44512183494862667,0.5
403,neutral,9,understand,0.24061840026355297,connect,0.05,connect,0.6,0.21,0.17794308432000336,0.2,0.02,0.1,0.3973246840564504,0.4472135954999579
403,no-aversion,0,understand,0.0,understand,0.05,understand,0.75,0.26249999999999996,0.1878595125380158,0.2840108536271783,0.92,0.1,0.7843703661651941,0.5
403,no-aversion,0,understand,0.0,create,0.05,create,0.75,0.26249999999999996,0.1878595125380158,0.1625183906758416,0.02,0.1,0.6628779032138573,0.5
403,no-aversion,0,understand,0.0,explore,0.05,explore,0.75,0.26249999999999996,0.1878595125380158,0.09804974893425221,0.02,0.0,0.498409261472268,0.5
403,no-aversion,0,understand,0.0,finish,0.05,finish,0.75,0.26249999999999996,0.1878595125380158,0.27478546033424356,0.02,0.0,0.6751449728722593,0.5
403,no-aversion,0,understand,0.0,connect,0.05,connect,0.75,0.26249999999999996,0.1878595125380158,0.1806355464284843,0.02,0.1,0.6809950589665,0.5
403,no-aversion,1,connect,0.0,understand,0.05,understand,0.8,0.27999999999999997,0.17794308432000336,0.306850549716859,0.92,0.1,0.8147936340368623,0.4472135954999579
403,no-aversion,1,connect,0.0,create,0.05,create,0.75,0.26249999999999996,0.1878595125380158,0.15770238426734937,0.02,0.1,0.6580618968053651,0.5
403,no-aversion,1,connect,0.0,explore,0.05,explore,0.75,0.26249999999999996,0.1878595125380158,0.09673092186883066,0.02,0.0,0.49709043440684636,0.5
403,no-aversion,1,connect,0.0,finish,0.05,finish,0.75,0.26249999999999996,0.1878595125380158,0.26387939112451886,0.02,0.0,0.6642389036625346,0.5
403,no-aversion,1,connect,0.0,connect,0.05,connect,0.75,0.26249999999999996,0.1878595125380158,0.17483675302244223,0.02,0.1,0.6751962655604579,0.5
403,no-aversion,2,understand,0.0,understand,0.05,understand,0.8,0.27999999999999997,0.17794308432000336,0.3078068084613588,0.92,0.1,0.8157498927813621,0.4472135954999579
403,no-aversion,2,understand,0.0,create,0.05,create,0.75,0.26249999999999996,0.1878595125380158,0.16013808772778573,0.02,0.1,0.6604976002658014,0.5
403,no-aversion,2,understand,0.0,explore,0.05,explore,0.75,0.26249999999999996,0.1878595125380158,0.09977141927759724,0.02,0.0,0.500130931815613,0.5
403,no-aversion,2,understand,0.0,finish,0.05,finish,0.75,0.26249999999999996,0.1878595125380158,0.26526189348606555,0.02,0.0,0.6656214060240813,0.5
403,no-aversion,2,understand,0.0,connect,0.05,connect,0.6,0.21,0.17794308432000336,0.1670217910471926,0.02,0.1,0.6049648753671959,0.4472135954999579
403,no-aversion,3,understand,0.0,understand,0.05,understand,0.8333333333333334,0.2916666666666667,0.17062308111002752,0.3312667946270517,0.92,0.1,0.8435565424037459,0.4082482904638631
403,no-aversion,3,understand,0.0,create,0.05,create,0.75,0.26249999999999996,0.1878595125380158,0.15500906594082964,0.02,0.1,0.6553685784788453,0.5
403,no-aversion,3,understand,0.0,explore,0.05,explore,0.75,0.26249999999999996,0.1878595125380158,0.09808373140006378,0.02,0.0,0.49844324393807954,0.5
403,no-aversion,3,understand,0.0,finish,0.05,finish,0.75,0.26249999999999996,0.1878595125380158,0.25414005932878564,0.02,0.0,0.6544995718668014,0.5
403,no-aversion,3,understand,0.0,connect,0.05,connect,0.6,0.21,0.17794308432000336,0.1615003487032693,0.02,0.1,0.5994434330232727,0.4472135954999579
403,no-aversion,4,understand,0.0,understand,0.05,understand,0.8571428571428571,0.3,0.16493397792520936,0.3551991598593098,0.92,0.1,0.8701331377845191,0.3779644730092272
403,no-aversion,4,understand,0.0,create,0.05,create,0.75,0.26249999999999996,0.1878595125380158,0.149752940200807,0.02,0.1,0.6501124527388227,0.5
403,no-aversion,4,understand,0.0,explore,0.05,explore,0.75,0.26249999999999996,0.1878595125380158,0.09622681364251694,0.02,0.0,0.4965863261805327,0.5
403,no-aversion,4,understand,0.0,finish,0.05,finish,0.75,0.26249999999999996,0.1878595125380158,0.24296448020735542,0.02,0.0,0.6433239927453711,0.5
403,no-aversion,4,understand,0.0,connect,0.05,connect,0.6,0.21,0.17794308432000336,0.15585660609001087,0.02,0.1,0.5937996904100142,0.4472135954999579
403,no-aversion,5,create,0.0,understand,0.05,understand,0.875,0.30624999999999997,0.16034812388202302,0.37947228692296237,0.92,0.1,0.8960704108049853,0.35355339059327373
403,no-aversion,5,create,0.0,create,0.05,create,0.75,0.26249999999999996,0.1878595125380158,0.1443996347870815,0.02,0.1,0.6447591473250972,0.5
403,no-aversion,5,create,0.0,explore,0.05,explore,0.75,0.26249999999999996,0.1878595125380158,0.0942166560070059,0.02,0.0,0.4945761685450217,0.5
403,no-aversion,5,create,0.0,finish,0.05,finish,0.75,0.26249999999999996,0.1878595125380158,0.2317893458492641,0.02,0.0,0.6321488583872799,0.5
403,no-aversion,5,create,0.0,connect,0.05,connect,0.6,0.21,0.17794308432000336,0.15012207643368614,0.02,0.1,0.5880651607536895,0.4472135954999579
403,no-aversion,6,understand,0.0,understand,0.05,understand,0.875,0.30624999999999997,0.16034812388202302,0.3725916221831976,0.92,0.1,0.8891897460652205,0.35355339059327373
403,no-aversion,6,understand,0.0,create,0.05,create,0.8,0.27999999999999997,0.17794308432000336,0.15293238999982783,0.02,0.1,0.6608754743198311,0.4472135954999579
403,no-aversion,6,understand,0.0,explore,0.05,explore,0.75,0.26249999999999996,0.1878595125380158,0.09551516796099717,0.02,0.0,0.4958746804990129,0.5
403,no-aversion,6,understand,0.0,finish,0.05,finish,0.75,0.26249999999999996,0.1878595125380158,0.22914321581725142,0.02,0.0,0.6295027283552671,0.5
403,no-aversion,6,understand,0.0,connect,0.05,connect,0.6,0.21,0.17794308432000336,0.149817604038726,0.02,0.1,0.5877606883587294,0.4472135954999579
403,no-aversion,7,understand,0.0,understand,0.05,understand,0.8888888888888888,0.31111111111111106,0.15654959378167982,0.39702366541945844,0.92,0.1,0.9146843703122493,0.3333333333333333
403,no-aversion,7,understand,0.0,create,0.05,create,0.8,0.27999999999999997,0.17794308432000336,0.14707697648715837,0.02,0.1,0.6550200608071617,0.4472135954999579
403,no-aversion,7,understand,0.0,explore,0.05,explore,0.75,0.26249999999999996,0.1878595125380158,0.09335988929838838,0.02,0.0,0.4937194018364042,0.5
403,no-aversion,7,understand,0.0,finish,0.05,finish,0.75,0.26249999999999996,0.1878595125380158,0.21837655229028752,0.02,0.0,0.6187360648283032,0.5
403,no-aversion,7,understand,0.0,connect,0.05,connect,0.6,0.21,0.17794308432000336,0.14416291650470728,0.02,0.1,0.5821060008247106,0.4472135954999579
403,no-aversion,8,understand,0.0,understand,0.05,understand,0.9,0.315,0.1533361502439168,0.42155380635358247,0.92,0.1,0.9398899565974992,0.31622776601683794
403,no-aversion,8,understand,0.0,create,0.05,create,0.8,0.27999999999999997,0.17794308432000336,0.14119093246963293,0.02,0.1,0.6491340167896362,0.4472135954999579
403,no-aversion,8,understand,0.0,explore,0.05,explore,0.75,0.26249999999999996,0.1878595125380158,0.09108453609818336,0.02,0.0,0.4914440486361991,0.5
403,no-aversion,8,understand,0.0,finish,0.05,finish,0.75,0.26249999999999996,0.1878595125380158,0.20769797879836016,0.02,0.0,0.6080574913363759,0.5
403,no-aversion,8,understand,0.0,connect,0.05,connect,0.6,0.21,0.17794308432000336,0.13847274628024106,0.02,0.1,0.5764158306002445,0.4472135954999579
403,no-aversion,9,understand,0.0,understand,0.05,understand,0.9090909090909091,0.3181818181818182,0.1505715304860683,0.4460365358404062,0.92,0.1,0.9647898845082926,0.30151134457776363
403,no-aversion,9,understand,0.0,create,0.05,create,0.8,0.27999999999999997,0.17794308432000336,0.1353096429254331,0.02,0.1,0.6432527272454364,0.4472135954999579
403,no-aversion,9,understand,0.0,explore,0.05,explore,0.75,0.26249999999999996,0.1878595125380158,0.08870995765718574,0.02,0.0,0.48906947019520147,0.5
403,no-aversion,9,understand,0.0,finish,0.05,finish,0.75,0.26249999999999996,0.1878595125380158,0.1971621737692866,0.02,0.0,0.5975216863073023,0.5
403,no-aversion,9,understand,0.0,connect,0.05,connect,0.6,0.21,0.17794308432000336,0.1327816898076884,0.02,0.1,0.5707247741276918,0.4472135954999579
403,no-dream,0,understand,0.15523767758938903,understand,0.05,understand,0.75,0.26249999999999996,0.1878595125380158,0.2840108536271783,0.92,0.1,0.6291326885758051,0.5
403,no-dream,0,understand,0.15523767758938903,create,0.05,create,0.75,0.26249999999999996,0.1878595125380158,0.1625183906758416,0.02,0.1,0.5076402256244683,0.5
403,no-dream,0,understand,0.15523767758938903,explore,0.05,explore,0.75,0.26249999999999996,0.1878595125380158,0.09804974893425221,0.02,0.0,0.34317158388287894,0.5
403,no-dream,0,understand,0.15523767758938903,finish,0.05,finish,0.75,0.26249999999999996,0.1878595125380158,0.27478546033424356,0.02,0.0,0.5199072952828703,0.5
403,no-dream,0,understand,0.15523767758938903,connect,0.05,connect,0.75,0.26249999999999996,0.1878595125380158,0.1806355464284843,0.02,0.1,0.525757381377111,0.5
403,no-dream,1,connect,0.12419014207151122,understand,0.05,understand,0.8,0.27999999999999997,0.17794308432000336,0.306850549716859,0.92,0.1,0.6906034919653511,0.4472135954999579
403,no-dream,1,connect,0.15523767758938903,create,0.05,create,0.75,0.26249999999999996,0.1878595125380158,0.15770238426734937,0.02,0.1,0.5028242192159761,0.5
403,no-dream,1,connect,0.15523767758938903,explore,0.05,explore,0.75,0.26249999999999996,0.1878595125380158,0.09673092186883066,0.02,0.0,0.3418527568174573,0.5
403,no-dream,1,connect,0.15523767758938903,finish,0.05,finish,0.75,0.26249999999999996,0.1878595125380158,0.26387939112451886,0.02,0.0,0.5090012260731456,0.5
403,no-dream,1,connect,0.15523767758938903,connect,0.05,connect,0.75,0.26249999999999996,0.1878595125380158,0.17483675302244223,0.02,0.1,0.5199585879710689,0.5
403,no-dream,2,understand,0.12419014207151122,understand,0.05,understand,0.8,0.27999999999999997,0.17794308432000336,0.3078068084613588,0.92,0.1,0.6915597507098509,0.4472135954999579
403,no-dream,2,understand,0.15523767758938903,create,0.05,create,0.75,0.26249999999999996,0.1878595125380158,0.16013808772778573,0.02,0.1,0.5052599226764124,0.5
403,no-dream,2,understand,0.15523767758938903,explore,0.05,explore,0.75,0.26249999999999996,0.1878595125380158,0.09977141927759724,0.02,0.0,0.34489325422622397,0.5
403,no-dream,2,understand,0.15523767758938903,finish,0.05,finish,0.75,0.26249999999999996,0.1878595125380158,0.26526189348606555,0.02,0.0,0.5103837284346923,0.5
403,no-dream,2,understand,0.24061840026355297,connect,0.05,connect,0.6,0.21,0.17794308432000336,0.1670217910471926,0.02,0.1,0.36434647510364293,0.4472135954999579
403,no-dream,3,understand,0.09935211365720899,understand,0.05,understand,0.8333333333333334,0.2916666666666667,0.17062308111002752,0.3312667946270517,0.92,0.1,0.7442044287465369,0.4082482904638631
403,no-dream,3,understand,0.15523767758938903,create,0.05,create,0.75,0.26249999999999996,0.1878595125380158,0.15500906594082964,0.02,0.1,0.5001309008894563,0.5
403,no-dream,3,understand,0.15523767758938903,explore,0.05,explore,0.75,0.26249999999999996,0.1878595125380158,0.09808373140006378,0.02,0.0,0.3432055663486905,0.5
403,no-dream,3,understand,0.15523767758938903,finish,0.05,finish,0.75,0.26249999999999996,0.1878595125380158,0.25414005932878564,0.02,0.0,0.4992618942774124,0.5
403,no-dream,3,understand,0.24061840026355297,connect,0.05,connect,0.6,0.21,0.17794308432000336,0.1615003487032693,0.02,0.1,0.3588250327597198,0.4472135954999579
403,no-dream,4,understand,0.07948169092576719,understand,0.05,understand,0.8571428571428571,0.3,0.16493397792520936,0.3551991598593098,0.92,0.1,0.7906514468587519,0.3779644730092272
403,no-dream,4,understand,0.15523767758938903,create,0.05,create,0.75,0.26249999999999996,0.1878595125380158,0.149752940200807,0.02,0.1,0.4948747751494337,0.5
403,no-dream,4,understand,0.15523767758938903,explore,0.05,explore,0.75,0.26249999999999996,0.1878595125380158,0.09622681364251694,0.02,0.0,0.34134864859114367,0.5
403,no-dream,4,understand,0.15523767758938903,finish,0.05,finish,0.75,0.26249999999999996,0.1878595125380158,0.24296448020735542,0.02,0.0,0.4880863151559821,0.5
403,no-dream,4,understand,0.24061840026355297,connect,0.05,connect,0.6,0.21,0.17794308432000336,0.15585660609001087,0.02,0.1,0.35318129014646127,0.4472135954999579
403,no-dream,5,create,0.06358535274061375,understand,0.05,understand,0.875,0.30624999999999997,0.16034812388202302,0.37947228692296237,0.92,0.1,0.8324850580643716,0.35355339059327373
403,no-dream,5,create,0.15523767758938903,create,0.05,create,0.75,0.26249999999999996,0.1878595125380158,0.1443996347870815,0.02,0.1,0.4895214697357082,0.5
403,no-dream,5,create,0.15523767758938903,explore,0.05,explore,0.75,0.26249999999999996,0.1878595125380158,0.0942166560070059,0.02,0.0,0.3393384909556326,0.5
403,no-dream,5,create,0.15523767758938903,finish,0.05,finish,0.75,0.26249999999999996,0.1878595125380158,0.2317893458492641,0.02,0.0,0.47691118079789085,0.5
403,no-dream,5,create,0.24061840026355297,connect,0.05,connect,0.6,0.21,0.17794308432000336,0.15012207643368614,0.02,0.1,0.34744676049013656,0.4472135954999579
403,no-dream,6,understand,0.06358535274061375,understand,0.05,understand,0.875,0.30624999999999997,0.16034812388202302,0.3725916221831976,0.92,0.1,0.8256043933246068,0.35355339059327373
403,no-dream,6,understand,0.16299956146885847,create,0.05,create,0.8,0.27999999999999997,0.17794308432000336,0.15293238999982783,0.02,0.1,0.49787591285097266,0.4472135954999579
403,no-dream,6,understand,0.15523767758938903,explore,0.05,explore,0.75,0.26249999999999996,0.1878595125380158,0.09551516796099717,0.02,0.0,0.34063700290962384,0.5
403,no-dream,6,understand,0.15523767758938903,finish,0.05,finish,0.75,0.26249999999999996,0.1878595125380158,0.22914321581725142,0.02,0.0,0.4742650507658781,0.5
403,no-dream,6,understand,0.24061840026355297,connect,0.05,connect,0.6,0.21,0.17794308432000336,0.149817604038726,0.02,0.1,0.34714228809517644,0.4472135954999579
403,no-dream,7,understand,0.05086828219249101,understand,0.05,understand,0.8888888888888888,0.31111111111111106,0.15654959378167982,0.39702366541945844,0.92,0.1,0.8638160881197582,0.3333333333333333
403,no-dream,7,understand,0.16299956146885847,create,0.05,create,0.8,0.27999999999999997,0.17794308432000336,0.14707697648715837,0.02,0.1,0.4920204993383033,0.4472135954999579
403,no-dream,7,understand,0.15523767758938903,explore,0.05,explore,0.75,0.26249999999999996,0.1878595125380158,0.09335988929838838,0.02,0.0,0.33848172424701517,0.5
403,no-dream,7,understand,0.15523767758938903,finish,0.05,finish,0.75,0.26249999999999996,0.1878595125380158,0.21837655229028752,0.02,0.0,0.46349838723891423,0.5
403,no-dream,7,understand,0.24061840026355297,connect,0.05,connect,0.6,0.21,0.17794308432000336,0.14416291650470728,0.02,0.1,0.3414876005611577,0.4472135954999579
403,no-dream,8,understand,0.04069462575399281,understand,0.05,understand,0.9,0.315,0.1533361502439168,0.42155380635358247,0.92,0.1,0.8991953308435063,0.31622776601683794
403,no-dream,8,understand,0.16299956146885847,create,0.05,create,0.8,0.27999999999999997,0.17794308432000336,0.14119093246963293,0.02,0.1,0.4861344553207778,0.4472135954999579
403,no-dream,8,understand,0.15523767758938903,explore,0.05,explore,0.75,0.26249999999999996,0.1878595125380158,0.09108453609818336,0.02,0.0,0.33620637104681006,0.5
403,no-dream,8,understand,0.15523767758938903,finish,0.05,finish,0.75,0.26249999999999996,0.1878595125380158,0.20769797879836016,0.02,0.0,0.4528198137469869,0.5
403,no-dream,8,understand,0.24061840026355297,connect,0.05,connect,0.6,0.21,0.17794308432000336,0.13847274628024106,0.02,0.1,0.3357974303366915,0.4472135954999579
403,no-dream,9,understand,0.032555700603194244,understand,0.05,understand,0.9090909090909091,0.3181818181818182,0.1505715304860683,0.4460365358404062,0.92,0.1,0.9322341839050984,0.30151134457776363
403,no-dream,9,understand,0.16299956146885847,create,0.05,create,0.8,0.27999999999999997,0.17794308432000336,0.1353096429254331,0.02,0.1,0.48025316577657795,0.4472135954999579
403,no-dream,9,understand,0.15523767758938903,explore,0.05,explore,0.75,0.26249999999999996,0.1878595125380158,0.08870995765718574,0.02,0.0,0.3338317926058124,0.5
403,no-dream,9,understand,0.15523767758938903,finish,0.05,finish,0.75,0.26249999999999996,0.1878595125380158,0.1971621737692866,0.02,0.0,0.4422840087179133,0.5
403,no-dream,9,understand,0.24061840026355297,connect,0.05,connect,0.6,0.21,0.17794308432000336,0.1327816898076884,0.02,0.1,0.3301063738641389,0.4472135954999579
403,restarted,0,understand,0.15523767758938903,understand,0.05,understand,0.75,0.26249999999999996,0.1878595125380158,0.2840108536271783,0.92,0.1,0.6291326885758051,0.5
403,restarted,0,understand,0.15523767758938903,create,0.05,create,0.75,0.26249999999999996,0.1878595125380158,0.1625183906758416,0.02,0.1,0.5076402256244683,0.5
403,restarted,0,understand,0.15523767758938903,explore,0.05,explore,0.75,0.26249999999999996,0.1878595125380158,0.09804974893425221,0.02,0.0,0.34317158388287894,0.5
403,restarted,0,understand,0.15523767758938903,finish,0.05,finish,0.75,0.26249999999999996,0.1878595125380158,0.27478546033424356,0.02,0.0,0.5199072952828703,0.5
403,restarted,0,understand,0.15523767758938903,connect,0.05,connect,0.75,0.26249999999999996,0.1878595125380158,0.1806355464284843,0.02,0.1,0.525757381377111,0.5
403,restarted,1,connect,0.12419014207151122,understand,0.05,understand,0.8,0.27999999999999997,0.17794308432000336,0.306850549716859,0.92,0.1,0.6906034919653511,0.4472135954999579
403,restarted,1,connect,0.15523767758938903,create,0.05,create,0.75,0.26249999999999996,0.1878595125380158,0.15770238426734937,0.02,0.1,0.5028242192159761,0.5
403,restarted,1,connect,0.15523767758938903,explore,0.05,explore,0.75,0.26249999999999996,0.1878595125380158,0.09673092186883066,0.02,0.0,0.3418527568174573,0.5
403,restarted,1,connect,0.15523767758938903,finish,0.05,finish,0.75,0.26249999999999996,0.1878595125380158,0.26387939112451886,0.02,0.0,0.5090012260731456,0.5
403,restarted,1,connect,0.15523767758938903,connect,0.05,connect,0.75,0.26249999999999996,0.1878595125380158,0.17483675302244223,0.02,0.1,0.5199585879710689,0.5
403,restarted,2,understand,0.12419014207151122,understand,0.05,understand,0.8,0.27999999999999997,0.17794308432000336,0.3078068084613588,0.92,0.1,0.6915597507098509,0.4472135954999579
403,restarted,2,understand,0.15523767758938903,create,0.05,create,0.75,0.26249999999999996,0.1878595125380158,0.16013808772778573,0.02,0.1,0.5052599226764124,0.5
403,restarted,2,understand,0.15523767758938903,explore,0.05,explore,0.75,0.26249999999999996,0.1878595125380158,0.09977141927759724,0.02,0.0,0.34489325422622397,0.5
403,restarted,2,understand,0.15523767758938903,finish,0.05,finish,0.75,0.26249999999999996,0.1878595125380158,0.26526189348606555,0.02,0.0,0.5103837284346923,0.5
403,restarted,2,understand,0.24061840026355297,connect,0.05,connect,0.6,0.21,0.17794308432000336,0.1670217910471926,0.02,0.1,0.36434647510364293,0.4472135954999579
403,restarted,3,understand,0.09935211365720899,understand,0.05,understand,0.8333333333333334,0.2916666666666667,0.17062308111002752,0.3312667946270517,0.92,0.1,0.7442044287465369,0.4082482904638631
403,restarted,3,understand,0.15523767758938903,create,0.05,create,0.75,0.26249999999999996,0.1878595125380158,0.15500906594082964,0.02,0.1,0.5001309008894563,0.5
403,restarted,3,understand,0.15523767758938903,explore,0.05,explore,0.75,0.26249999999999996,0.1878595125380158,0.09808373140006378,0.02,0.0,0.3432055663486905,0.5
403,restarted,3,understand,0.15523767758938903,finish,0.05,finish,0.75,0.26249999999999996,0.1878595125380158,0.25414005932878564,0.02,0.0,0.4992618942774124,0.5
403,restarted,3,understand,0.24061840026355297,connect,0.05,connect,0.6,0.21,0.17794308432000336,0.1615003487032693,0.02,0.1,0.3588250327597198,0.4472135954999579
403,restarted,4,understand,0.07948169092576719,understand,0.05,understand,0.8571428571428571,0.3,0.16493397792520936,0.3551991598593098,0.92,0.1,0.7906514468587519,0.3779644730092272
403,restarted,4,understand,0.15523767758938903,create,0.05,create,0.75,0.26249999999999996,0.1878595125380158,0.149752940200807,0.02,0.1,0.4948747751494337,0.5
403,restarted,4,understand,0.15523767758938903,explore,0.05,explore,0.75,0.26249999999999996,0.1878595125380158,0.09622681364251694,0.02,0.0,0.34134864859114367,0.5
403,restarted,4,understand,0.15523767758938903,finish,0.05,finish,0.75,0.26249999999999996,0.1878595125380158,0.24296448020735542,0.02,0.0,0.4880863151559821,0.5
403,restarted,4,understand,0.24061840026355297,connect,0.05,connect,0.6,0.21,0.17794308432000336,0.15585660609001087,0.02,0.1,0.35318129014646127,0.4472135954999579
403,restarted,5,create,0.06358535274061375,understand,0.05,understand,0.875,0.30624999999999997,0.16034812388202302,0.37947228692296237,0.92,0.1,0.8324850580643716,0.35355339059327373
403,restarted,5,create,0.15523767758938903,create,0.05,create,0.75,0.26249999999999996,0.1878595125380158,0.1443996347870815,0.02,0.1,0.4895214697357082,0.5
403,restarted,5,create,0.15523767758938903,explore,0.05,explore,0.75,0.26249999999999996,0.1878595125380158,0.0942166560070059,0.02,0.0,0.3393384909556326,0.5
403,restarted,5,create,0.15523767758938903,finish,0.05,finish,0.75,0.26249999999999996,0.1878595125380158,0.2317893458492641,0.02,0.0,0.47691118079789085,0.5
403,restarted,5,create,0.24061840026355297,connect,0.05,connect,0.6,0.21,0.17794308432000336,0.15012207643368614,0.02,0.1,0.34744676049013656,0.4472135954999579
403,restarted,6,understand,0.06358535274061375,understand,0.05,understand,0.875,0.30624999999999997,0.16034812388202302,0.3725916221831976,0.92,0.1,0.8256043933246068,0.35355339059327373
403,restarted,6,understand,0.16299956146885847,create,0.05,create,0.8,0.27999999999999997,0.17794308432000336,0.15293238999982783,0.02,0.1,0.49787591285097266,0.4472135954999579
403,restarted,6,understand,0.15523767758938903,explore,0.05,explore,0.75,0.26249999999999996,0.1878595125380158,0.09551516796099717,0.02,0.0,0.34063700290962384,0.5
403,restarted,6,understand,0.15523767758938903,finish,0.05,finish,0.75,0.26249999999999996,0.1878595125380158,0.22914321581725142,0.02,0.0,0.4742650507658781,0.5
403,restarted,6,understand,0.24061840026355297,connect,0.05,connect,0.6,0.21,0.17794308432000336,0.149817604038726,0.02,0.1,0.34714228809517644,0.4472135954999579
403,restarted,7,understand,0.05086828219249101,understand,0.05,understand,0.8888888888888888,0.31111111111111106,0.15654959378167982,0.39702366541945844,0.92,0.1,0.8638160881197582,0.3333333333333333
403,restarted,7,understand,0.16299956146885847,create,0.05,create,0.8,0.27999999999999997,0.17794308432000336,0.14707697648715837,0.02,0.1,0.4920204993383033,0.4472135954999579
403,restarted,7,understand,0.15523767758938903,explore,0.05,explore,0.75,0.26249999999999996,0.1878595125380158,0.09335988929838838,0.02,0.0,0.33848172424701517,0.5
403,restarted,7,understand,0.15523767758938903,finish,0.05,finish,0.75,0.26249999999999996,0.1878595125380158,0.21837655229028752,0.02,0.0,0.46349838723891423,0.5
403,restarted,7,understand,0.24061840026355297,connect,0.05,connect,0.6,0.21,0.17794308432000336,0.14416291650470728,0.02,0.1,0.3414876005611577,0.4472135954999579
403,restarted,8,understand,0.04069462575399281,understand,0.05,understand,0.9,0.315,0.1533361502439168,0.42155380635358247,0.92,0.1,0.8991953308435063,0.31622776601683794
403,restarted,8,understand,0.16299956146885847,create,0.05,create,0.8,0.27999999999999997,0.17794308432000336,0.14119093246963293,0.02,0.1,0.4861344553207778,0.4472135954999579
403,restarted,8,understand,0.15523767758938903,explore,0.05,explore,0.75,0.26249999999999996,0.1878595125380158,0.09108453609818336,0.02,0.0,0.33620637104681006,0.5
403,restarted,8,understand,0.15523767758938903,finish,0.05,finish,0.75,0.26249999999999996,0.1878595125380158,0.20769797879836016,0.02,0.0,0.4528198137469869,0.5
403,restarted,8,understand,0.24061840026355297,connect,0.05,connect,0.6,0.21,0.17794308432000336,0.13847274628024106,0.02,0.1,0.3357974303366915,0.4472135954999579
403,restarted,9,understand,0.032555700603194244,understand,0.05,understand,0.9090909090909091,0.3181818181818182,0.1505715304860683,0.4460365358404062,0.92,0.1,0.9322341839050984,0.30151134457776363
403,restarted,9,understand,0.16299956146885847,create,0.05,create,0.8,0.27999999999999997,0.17794308432000336,0.1353096429254331,0.02,0.1,0.48025316577657795,0.4472135954999579
403,restarted,9,understand,0.15523767758938903,explore,0.05,explore,0.75,0.26249999999999996,0.1878595125380158,0.08870995765718574,0.02,0.0,0.3338317926058124,0.5
403,restarted,9,understand,0.15523767758938903,finish,0.05,finish,0.75,0.26249999999999996,0.1878595125380158,0.1971621737692866,0.02,0.0,0.4422840087179133,0.5
403,restarted,9,understand,0.24061840026355297,connect,0.05,connect,0.6,0.21,0.17794308432000336,0.1327816898076884,0.02,0.1,0.3301063738641389,0.4472135954999579
404,updated,0,understand,0.018557549188944516,understand,0.05,understand,0.75,0.26249999999999996,0.42574139690932017,0.38172333843729683,0.92,0.1,1.1014071861576726,0.5
404,updated,0,understand,0.018557549188944516,create,0.05,create,0.75,0.26249999999999996,0.42574139690932017,0.17575905393442603,0.02,0.0,0.7954429016548017,0.5
404,updated,0,understand,0.018557549188944516,explore,0.05,explore,0.75,0.26249999999999996,0.42574139690932017,0.2439660194596605,0.02,0.0,0.8636498671800361,0.5
404,updated,0,understand,0.018557549188944516,finish,0.05,finish,0.75,0.26249999999999996,0.42574139690932017,0.08992992268068645,0.02,0.0,0.7096137704010621,0.5
404,updated,0,understand,0.018557549188944516,connect,0.05,connect,0.75,0.26249999999999996,0.42574139690932017,0.10862166548793015,0.02,0.1,0.8283055132083058,0.5
404,updated,1,understand,0.014846039351155613,understand,0.05,understand,0.8,0.27999999999999997,0.4032680393196518,0.40620910176522945,0.92,0.1,1.1246311017337256,0.4472135954999579
404,updated,1,understand,0.018557549188944516,create,0.05,create,0.75,0.26249999999999996,0.42574139690932017,0.16825006467006434,0.02,0.0,0.7879339123904399,0.5
404,updated,1,understand,0.018557549188944516,explore,0.05,explore,0.75,0.26249999999999996,0.42574139690932017,0.23199072694427264,0.02,0.0,0.8516745746646482,0.5
404,updated,1,understand,0.018557549188944516,finish,0.05,finish,0.75,0.26249999999999996,0.42574139690932017,0.08804116479591173,0.02,0.0,0.7077250125162873,0.5
404,updated,1,understand,0.018557549188944516,connect,0.05,connect,0.75,0.26249999999999996,0.42574139690932017,0.1055089418245217,0.02,0.1,0.8251927895448973,0.5
404,updated,2,finish,0.011876831480924492,understand,0.05,understand,0.8333333333333334,0.2916666666666667,0.3866788959225871,0.4307385417538049,0.92,0.1,1.147207272862134,0.4082482904638631
404,updated,2,finish,0.018557549188944516,create,0.05,create,0.75,0.26249999999999996,0.42574139690932017,0.1607660878705022,0.02,0.0,0.7804499355908778,0.5
404,updated,2,finish,0.018557549188944516,explore,0.05,explore,0.75,0.26249999999999996,0.42574139690932017,0.22015610523897944,0.02,0.0,0.839839952959355,0.5
404,updated,2,finish,0.018557549188944516,finish,0.05,finish,0.75,0.26249999999999996,0.42574139690932017,0.08603187917747612,0.02,0.0,0.7057157268978518,0.5
404,updated,2,finish,0.018557549188944516,connect,0.05,connect,0.75,0.26249999999999996,0.42574139690932017,0.10230738595923743,0.02,0.1,0.821991233679613,0.5
404,updated,3,understand,0.011876831480924492,understand,0.05,understand,0.8333333333333334,0.2916666666666667,0.3866788959225871,0.4250206711683177,0.92,0.1,1.1414894022766469,0.4082482904638631
404,updated,3,understand,0.018557549188944516,create,0.05,create,0.75,0.26249999999999996,0.42574139690932017,0.16113905224443661,0.02,0.0,0.7808228999648121,0.5
404,updated,3,understand,0.018557549188944516,explore,0.05,explore,0.75,0.26249999999999996,0.42574139690932017,0.21918917441684715,0.02,0.0,0.8388730221372227,0.5
404,updated,3,understand,0.014846039351155613,finish,0.05,finish,0.8,0.27999999999999997,0.4032680393196518,0.09065186800236909,0.02,0.0,0.7090738679708652,0.4472135954999579
404,updated,3,understand,0.018557549188944516,connect,0.05,connect,0.75,0.26249999999999996,0.42574139690932017,0.10399923416802946,0.02,0.1,0.823683081888405,0.5
404,updated,4,understand,0.009501465184739594,understand,0.05,understand,0.8571428571428571,0.3,0.3737858211757035,0.4494849836872755,0.92,0.1,1.1637693396782394,0.3779644730092272
404,updated,4,understand,0.018557549188944516,create,0.05,create,0.75,0.26249999999999996,0.42574139690932017,0.15379885157622042,0.02,0.0,0.773482699296596,0.5
404,updated,4,understand,0.018557549188944516,explore,0.05,explore,0.75,0.26249999999999996,0.42574139690932017,0.20776368203889067,0.02,0.0,0.8274475297592663,0.5
404,updated,4,understand,0.014846039351155613,finish,0.05,finish,0.8,0.27999999999999997,0.4032680393196518,0.08827222036402942,0.02,0.0,0.7066942203325256,0.4472135954999579
404,updated,4,understand,0.018557549188944516,connect,0.05,connect,0.75,0.26249999999999996,0.42574139690932017,0.10068026233358404,0.02,0.1,0.8203641100539597,0.5
404,updated,5,understand,0.007601172147791675,understand,0.05,understand,0.875,0.30624999999999997,0.36339301284786696,0.473737373897934,0.92,0.1,1.185779214598009,0.35355339059327373
404,updated,5,understand,0.018557549188944516,create,0.05,create,0.75,0.26249999999999996,0.42574139690932017,0.1465534337326489,0.02,0.0,0.7662372814530245,0.5
404,updated,5,understand,0.018557549188944516,explore,0.05,explore,0.75,0.26249999999999996,0.42574139690932017,0.19657248006760428,0.02,0.0,0.81625632778798,0.5
404,updated,5,understand,0.014846039351155613,finish,0.05,finish,0.8,0.27999999999999997,0.4032680393196518,0.08581795889328372,0.02,0.0,0.7042399588617799,0.4472135954999579
404,updated,5,understand,0.018557549188944516,connect,0.05,connect,0.75,0.26249999999999996,0.42574139690932017,0.09731875340852908,0.02,0.1,0.8170026011289047,0.5
404,updated,6,understand,0.006080937718233341,understand,0.05,understand,0.8888888888888888,0.31111111111111106,0.35478449742443346,0.49763885130251334,0.92,0.1,1.2074535221198246,0.3333333333333333
404,updated,6,understand,0.018557549188944516,create,0.05,create,0.75,0.26249999999999996,0.42574139690932017,0.1394416841334808,0.02,0.0,0.7591255318538563,0.5
404,updated,6,understand,0.018557549188944516,explore,0.05,explore,0.75,0.26249999999999996,0.42574139690932017,0.1856682630802129,0.02,0.0,0.8053521108005885,0.5
404,updated,6,understand,0.014846039351155613,finish,0.05,finish,0.8,0.27999999999999997,0.4032680393196518,0.08331120128244904,0.02,0.0,0.7017332012509452,0.4472135954999579
404,updated,6,understand,0.018557549188944516,connect,0.05,connect,0.75,0.26249999999999996,0.42574139690932017,0.09394000020134405,0.02,0.1,0.8136238479217196,0.5
404,updated,7,understand,0.004864750174586673,understand,0.05,understand,0.9,0.315,0.34750194930018236,0.5210585025166917,0.92,0.1,1.2286957016422875,0.31622776601683794
404,updated,7,understand,0.018557549188944516,create,0.05,create,0.75,0.26249999999999996,0.42574139690932017,0.13249986952956228,0.02,0.0,0.7521837172499379,0.5
404,updated,7,understand,0.018557549188944516,explore,0.05,explore,0.75,0.26249999999999996,0.42574139690932017,0.17509910662545755,0.02,0.0,0.7947829543458331,0.5
404,updated,7,understand,0.014846039351155613,finish,0.05,finish,0.8,0.27999999999999997,0.4032680393196518,0.08077387548545359,0.02,0.0,0.6991958754539498,0.4472135954999579
404,updated,7,understand,0.018557549188944516,connect,0.05,connect,0.75,0.26249999999999996,0.42574139690932017,0.09056864584283501,0.02,0.1,0.8102524935632106,0.5
404,updated,8,understand,0.003891800139669338,understand,0.05,understand,0.9090909090909091,0.3181818181818182,0.34123655947920456,0.5438762160135602,0.92,0.1,1.2494027935349137,0.30151134457776363
404,updated,8,understand,0.018557549188944516,create,0.05,create,0.75,0.26249999999999996,0.42574139690932017,0.1257608920118535,0.02,0.0,0.745444739732229,0.5
404,updated,8,understand,0.018557549188944516,explore,0.05,explore,0.75,0.26249999999999996,0.42574139690932017,0.16490750495748654,0.02,0.0,0.7845913526778621,0.5
404,updated,8,understand,0.014846039351155613,finish,0.05,finish,0.8,0.27999999999999997,0.4032680393196518,0.07822723633828856,0.02,0.0,0.6966492363067847,0.4472135954999579
404,updated,8,understand,0.018557549188944516,connect,0.05,connect,0.75,0.26249999999999996,0.42574139690932017,0.08722815067881123,0.02,0.1,0.8069119983991868,0.5
404,updated,9,understand,0.003113440111735471,understand,0.05,understand,0.9166666666666666,0.3208333333333333,0.33577165351004173,0.5659849055499543,0.92,0.1,1.269476452281594,0.2886751345948129
404,updated,9,understand,0.018557549188944516,create,0.05,create,0.75,0.26249999999999996,0.42574139690932017,0.11925369427791074,0.02,0.0,0.7389375419982864,0.5
404,updated,9,understand,0.018557549188944516,explore,0.05,explore,0.75,0.26249999999999996,0.42574139690932017,0.15512964655746705,0.02,0.0,0.7748134942778426,0.5
404,updated,9,understand,0.014846039351155613,finish,0.05,finish,0.8,0.27999999999999997,0.4032680393196518,0.07569142836780439,0.02,0.0,0.6941134283363006,0.4472135954999579
404,updated,9,understand,0.018557549188944516,connect,0.05,connect,0.75,0.26249999999999996,0.42574139690932017,0.08394032524686346,0.02,0.1,0.803624172967239,0.5
404,frozen,0,understand,0.018557549188944516,understand,0.05,understand,0.75,0.26249999999999996,0.42574139690932017,0.38172333843729683,0.92,0.1,1.1014071861576726,0.5
404,frozen,0,understand,0.018557549188944516,create,0.05,create,0.75,0.26249999999999996,0.42574139690932017,0.17575905393442603,0.02,0.0,0.7954429016548017,0.5
404,frozen,0,understand,0.018557549188944516,explore,0.05,explore,0.75,0.26249999999999996,0.42574139690932017,0.2439660194596605,0.02,0.0,0.8636498671800361,0.5
404,frozen,0,understand,0.018557549188944516,finish,0.05,finish,0.75,0.26249999999999996,0.42574139690932017,0.08992992268068645,0.02,0.0,0.7096137704010621,0.5
404,frozen,0,understand,0.018557549188944516,connect,0.05,connect,0.75,0.26249999999999996,0.42574139690932017,0.10862166548793015,0.02,0.1,0.8283055132083058,0.5
404,frozen,1,understand,0.018557549188944516,understand,0.05,understand,0.75,0.26249999999999996,0.42574139690932017,0.38172333843729683,0.92,0.1,1.1014071861576726,0.5
404,frozen,1,understand,0.018557549188944516,create,0.05,create,0.75,0.26249999999999996,0.42574139690932017,0.17575905393442603,0.02,0.0,0.7954429016548017,0.5
404,frozen,1,understand,0.018557549188944516,explore,0.05,explore,0.75,0.26249999999999996,0.42574139690932017,0.2439660194596605,0.02,0.0,0.8636498671800361,0.5
404,frozen,1,understand,0.018557549188944516,finish,0.05,finish,0.75,0.26249999999999996,0.42574139690932017,0.08992992268068645,0.02,0.0,0.7096137704010621,0.5
404,frozen,1,understand,0.018557549188944516,connect,0.05,connect,0.75,0.26249999999999996,0.42574139690932017,0.10862166548793015,0.02,0.1,0.8283055132083058,0.5
404,frozen,2,finish,0.018557549188944516,understand,0.05,understand,0.75,0.26249999999999996,0.42574139690932017,0.38172333843729683,0.92,0.1,1.1014071861576726,0.5
404,frozen,2,finish,0.018557549188944516,create,0.05,create,0.75,0.26249999999999996,0.42574139690932017,0.17575905393442603,0.02,0.0,0.7954429016548017,0.5
404,frozen,2,finish,0.018557549188944516,explore,0.05,explore,0.75,0.26249999999999996,0.42574139690932017,0.2439660194596605,0.02,0.0,0.8636498671800361,0.5
404,frozen,2,finish,0.018557549188944516,finish,0.05,finish,0.75,0.26249999999999996,0.42574139690932017,0.08992992268068645,0.02,0.0,0.7096137704010621,0.5
404,frozen,2,finish,0.018557549188944516,connect,0.05,connect,0.75,0.26249999999999996,0.42574139690932017,0.10862166548793015,0.02,0.1,0.8283055132083058,0.5
404,frozen,3,understand,0.018557549188944516,understand,0.05,understand,0.75,0.26249999999999996,0.42574139690932017,0.38172333843729683,0.92,0.1,1.1014071861576726,0.5
404,frozen,3,understand,0.018557549188944516,create,0.05,create,0.75,0.26249999999999996,0.42574139690932017,0.17575905393442603,0.02,0.0,0.7954429016548017,0.5
404,frozen,3,understand,0.018557549188944516,explore,0.05,explore,0.75,0.26249999999999996,0.42574139690932017,0.2439660194596605,0.02,0.0,0.8636498671800361,0.5
404,frozen,3,understand,0.018557549188944516,finish,0.05,finish,0.75,0.26249999999999996,0.42574139690932017,0.08992992268068645,0.02,0.0,0.7096137704010621,0.5
404,frozen,3,understand,0.018557549188944516,connect,0.05,connect,0.75,0.26249999999999996,0.42574139690932017,0.10862166548793015,0.02,0.1,0.8283055132083058,0.5
404,frozen,4,understand,0.018557549188944516,understand,0.05,understand,0.75,0.26249999999999996,0.42574139690932017,0.38172333843729683,0.92,0.1,1.1014071861576726,0.5
404,frozen,4,understand,0.018557549188944516,create,0.05,create,0.75,0.26249999999999996,0.42574139690932017,0.17575905393442603,0.02,0.0,0.7954429016548017,0.5
404,frozen,4,understand,0.018557549188944516,explore,0.05,explore,0.75,0.26249999999999996,0.42574139690932017,0.2439660194596605,0.02,0.0,0.8636498671800361,0.5
404,frozen,4,understand,0.018557549188944516,finish,0.05,finish,0.75,0.26249999999999996,0.42574139690932017,0.08992992268068645,0.02,0.0,0.7096137704010621,0.5
404,frozen,4,understand,0.018557549188944516,connect,0.05,connect,0.75,0.26249999999999996,0.42574139690932017,0.10862166548793015,0.02,0.1,0.8283055132083058,0.5
404,frozen,5,understand,0.018557549188944516,understand,0.05,understand,0.75,0.26249999999999996,0.42574139690932017,0.38172333843729683,0.92,0.1,1.1014071861576726,0.5
404,frozen,5,understand,0.018557549188944516,create,0.05,create,0.75,0.26249999999999996,0.42574139690932017,0.17575905393442603,0.02,0.0,0.7954429016548017,0.5
404,frozen,5,understand,0.018557549188944516,explore,0.05,explore,0.75,0.26249999999999996,0.42574139690932017,0.2439660194596605,0.02,0.0,0.8636498671800361,0.5
404,frozen,5,understand,0.018557549188944516,finish,0.05,finish,0.75,0.26249999999999996,0.42574139690932017,0.08992992268068645,0.02,0.0,0.7096137704010621,0.5
404,frozen,5,understand,0.018557549188944516,connect,0.05,connect,0.75,0.26249999999999996,0.42574139690932017,0.10862166548793015,0.02,0.1,0.8283055132083058,0.5
404,frozen,6,understand,0.018557549188944516,understand,0.05,understand,0.75,0.26249999999999996,0.42574139690932017,0.38172333843729683,0.92,0.1,1.1014071861576726,0.5
404,frozen,6,understand,0.018557549188944516,create,0.05,create,0.75,0.26249999999999996,0.42574139690932017,0.17575905393442603,0.02,0.0,0.7954429016548017,0.5
404,frozen,6,understand,0.018557549188944516,explore,0.05,explore,0.75,0.26249999999999996,0.42574139690932017,0.2439660194596605,0.02,0.0,0.8636498671800361,0.5
404,frozen,6,understand,0.018557549188944516,finish,0.05,finish,0.75,0.26249999999999996,0.42574139690932017,0.08992992268068645,0.02,0.0,0.7096137704010621,0.5
404,frozen,6,understand,0.018557549188944516,connect,0.05,connect,0.75,0.26249999999999996,0.42574139690932017,0.10862166548793015,0.02,0.1,0.8283055132083058,0.5
404,frozen,7,understand,0.018557549188944516,understand,0.05,understand,0.75,0.26249999999999996,0.42574139690932017,0.38172333843729683,0.92,0.1,1.1014071861576726,0.5
404,frozen,7,understand,0.018557549188944516,create,0.05,create,0.75,0.26249999999999996,0.42574139690932017,0.17575905393442603,0.02,0.0,0.7954429016548017,0.5
404,frozen,7,understand,0.018557549188944516,explore,0.05,explore,0.75,0.26249999999999996,0.42574139690932017,0.2439660194596605,0.02,0.0,0.8636498671800361,0.5
404,frozen,7,understand,0.018557549188944516,finish,0.05,finish,0.75,0.26249999999999996,0.42574139690932017,0.08992992268068645,0.02,0.0,0.7096137704010621,0.5
404,frozen,7,understand,0.018557549188944516,connect,0.05,connect,0.75,0.26249999999999996,0.42574139690932017,0.10862166548793015,0.02,0.1,0.8283055132083058,0.5
404,frozen,8,understand,0.018557549188944516,understand,0.05,understand,0.75,0.26249999999999996,0.42574139690932017,0.38172333843729683,0.92,0.1,1.1014071861576726,0.5
404,frozen,8,understand,0.018557549188944516,create,0.05,create,0.75,0.26249999999999996,0.42574139690932017,0.17575905393442603,0.02,0.0,0.7954429016548017,0.5
404,frozen,8,understand,0.018557549188944516,explore,0.05,explore,0.75,0.26249999999999996,0.42574139690932017,0.2439660194596605,0.02,0.0,0.8636498671800361,0.5
404,frozen,8,understand,0.018557549188944516,finish,0.05,finish,0.75,0.26249999999999996,0.42574139690932017,0.08992992268068645,0.02,0.0,0.7096137704010621,0.5
404,frozen,8,understand,0.018557549188944516,connect,0.05,connect,0.75,0.26249999999999996,0.42574139690932017,0.10862166548793015,0.02,0.1,0.8283055132083058,0.5
404,frozen,9,understand,0.018557549188944516,understand,0.05,understand,0.75,0.26249999999999996,0.42574139690932017,0.38172333843729683,0.92,0.1,1.1014071861576726,0.5
404,frozen,9,understand,0.018557549188944516,create,0.05,create,0.75,0.26249999999999996,0.42574139690932017,0.17575905393442603,0.02,0.0,0.7954429016548017,0.5
404,frozen,9,understand,0.018557549188944516,explore,0.05,explore,0.75,0.26249999999999996,0.42574139690932017,0.2439660194596605,0.02,0.0,0.8636498671800361,0.5
404,frozen,9,understand,0.018557549188944516,finish,0.05,finish,0.75,0.26249999999999996,0.42574139690932017,0.08992992268068645,0.02,0.0,0.7096137704010621,0.5
404,frozen,9,understand,0.018557549188944516,connect,0.05,connect,0.75,0.26249999999999996,0.42574139690932017,0.10862166548793015,0.02,0.1,0.8283055132083058,0.5
404,neutral,0,connect,0.018557549188944516,understand,0.05,understand,0.75,0.26249999999999996,0.42574139690932017,0.2,0.47000000000000003,0.1,0.9196838477203756,0.5
404,neutral,0,connect,0.018557549188944516,create,0.05,create,0.75,0.26249999999999996,0.42574139690932017,0.2,0.02,0.0,0.8196838477203756,0.5
404,neutral,0,connect,0.018557549188944516,explore,0.05,explore,0.75,0.26249999999999996,0.42574139690932017,0.2,0.02,0.0,0.8196838477203756,0.5
404,neutral,0,connect,0.018557549188944516,finish,0.05,finish,0.75,0.26249999999999996,0.42574139690932017,0.2,0.02,0.0,0.8196838477203756,0.5
404,neutral,0,connect,0.018557549188944516,connect,0.05,connect,0.75,0.26249999999999996,0.42574139690932017,0.2,0.47000000000000003,0.1,0.9196838477203756,0.5
404,neutral,1,understand,0.018557549188944516,understand,0.05,understand,0.75,0.26249999999999996,0.42574139690932017,0.2,0.92,0.1,0.9196838477203756,0.5
404,neutral,1,understand,0.018557549188944516,create,0.05,create,0.75,0.26249999999999996,0.42574139690932017,0.2,0.02,0.0,0.8196838477203756,0.5
404,neutral,1,understand,0.018557549188944516,explore,0.05,explore,0.75,0.26249999999999996,0.42574139690932017,0.2,0.02,0.0,0.8196838477203756,0.5
404,neutral,1,understand,0.018557549188944516,finish,0.05,finish,0.75,0.26249999999999996,0.42574139690932017,0.2,0.02,0.0,0.8196838477203756,0.5
404,neutral,1,understand,0.028764201242864,connect,0.05,connect,0.6,0.21,0.4032680393196518,0.2,0.02,0.1,0.8345038380767877,0.4472135954999579
404,neutral,2,finish,0.014846039351155613,understand,0.05,understand,0.8,0.27999999999999997,0.4032680393196518,0.2,0.92,0.1,0.9184219999684962,0.4472135954999579
404,neutral,2,finish,0.018557549188944516,create,0.05,create,0.75,0.26249999999999996,0.42574139690932017,0.2,0.02,0.0,0.8196838477203756,0.5
404,neutral,2,finish,0.018557549188944516,explore,0.05,explore,0.75,0.26249999999999996,0.42574139690932017,0.2,0.02,0.0,0.8196838477203756,0.5
404,neutral,2,finish,0.018557549188944516,finish,0.05,finish,0.75,0.26249999999999996,0.42574139690932017,0.2,0.02,0.0,0.8196838477203756,0.5
404,neutral,2,finish,0.028764201242864,connect,0.05,connect,0.6,0.21,0.4032680393196518,0.2,0.02,0.1,0.8345038380767877,0.4472135954999579
404,neutral,3,understand,0.014846039351155613,understand,0.05,understand,0.8,0.27999999999999997,0.4032680393196518,0.2,0.92,0.1,0.9184219999684962,0.4472135954999579
404,neutral,3,understand,0.018557549188944516,create,0.05,create,0.75,0.26249999999999996,0.42574139690932017,0.2,0.02,0.0,0.8196838477203756,0.5
404,neutral,3,understand,0.018557549188944516,explore,0.05,explore,0.75,0.26249999999999996,0.42574139690932017,0.2,0.02,0.0,0.8196838477203756,0.5
404,neutral,3,understand,0.014846039351155613,finish,0.05,finish,0.8,0.27999999999999997,0.4032680393196518,0.2,0.02,0.0,0.8184219999684962,0.4472135954999579
404,neutral,3,understand,0.028764201242864,connect,0.05,connect,0.6,0.21,0.4032680393196518,0.2,0.02,0.1,0.8345038380767877,0.4472135954999579
404,neutral,4,understand,0.011876831480924492,understand,0.05,understand,0.8333333333333334,0.2916666666666667,0.3866788959225871,0.2,0.92,0.1,0.9164687311083293,0.4082482904638631
404,neutral,4,understand,0.018557549188944516,create,0.05,create,0.75,0.26249999999999996,0.42574139690932017,0.2,0.02,0.0,0.8196838477203756,0.5
404,neutral,4,understand,0.018557549188944516,explore,0.05,explore,0.75,0.26249999999999996,0.42574139690932017,0.2,0.02,0.0,0.8196838477203756,0.5
404,neutral,4,understand,0.014846039351155613,finish,0.05,finish,0.8,0.27999999999999997,0.4032680393196518,0.2,0.02,0.0,0.8184219999684962,0.4472135954999579
404,neutral,4,understand,0.028764201242864,connect,0.05,connect,0.6,0.21,0.4032680393196518,0.2,0.02,0.1,0.8345038380767877,0.4472135954999579
404,neutral,5,understand,0.009501465184739594,understand,0.05,understand,0.8571428571428571,0.3,0.3737858211757035,0.2,0.92,0.1,0.9142843559909638,0.3779644730092272
404,neutral,5,understand,0.018557549188944516,create,0.05,create,0.75,0.26249999999999996,0.42574139690932017,0.2,0.02,0.0,0.8196838477203756,0.5
404,neutral,5,understand,0.018557549188944516,explore,0.05,explore,0.75,0.26249999999999996,0.42574139690932017,0.2,0.02,0.0,0.8196838477203756,0.5
404,neutral,5,understand,0.014846039351155613,finish,0.05,finish,0.8,0.27999999999999997,0.4032680393196518,0.2,0.02,0.0,0.8184219999684962,0.4472135954999579
404,neutral,5,understand,0.028764201242864,connect,0.05,connect,0.6,0.21,0.4032680393196518,0.2,0.02,0.1,0.8345038380767877,0.4472135954999579
404,neutral,6,understand,0.007601172147791675,understand,0.05,understand,0.875,0.30624999999999997,0.36339301284786696,0.2,0.92,0.1,0.9120418407000752,0.35355339059327373
404,neutral,6,understand,0.018557549188944516,create,0.05,create,0.75,0.26249999999999996,0.42574139690932017,0.2,0.02,0.0,0.8196838477203756,0.5
404,neutral,6,understand,0.018557549188944516,explore,0.05,explore,0.75,0.26249999999999996,0.42574139690932017,0.2,0.02,0.0,0.8196838477203756,0.5
404,neutral,6,understand,0.014846039351155613,finish,0.05,finish,0.8,0.27999999999999997,0.4032680393196518,0.2,0.02,0.0,0.8184219999684962,0.4472135954999579
404,neutral,6,understand,0.028764201242864,connect,0.05,connect,0.6,0.21,0.4032680393196518,0.2,0.02,0.1,0.8345038380767877,0.4472135954999579
404,neutral,7,understand,0.006080937718233341,understand,0.05,understand,0.8888888888888888,0.31111111111111106,0.35478449742443346,0.2,0.92,0.1,0.909814670817311,0.3333333333333333
404,neutral,7,understand,0.018557549188944516,create,0.05,create,0.75,0.26249999999999996,0.42574139690932017,0.2,0.02,0.0,0.8196838477203756,0.5
404,neutral,7,understand,0.018557549188944516,explore,0.05,explore,0.75,0.26249999999999996,0.42574139690932017,0.2,0.02,0.0,0.8196838477203756,0.5
404,neutral,7,understand,0.014846039351155613,finish,0.05,finish,0.8,0.27999999999999997,0.4032680393196518,0.2,0.02,0.0,0.8184219999684962,0.4472135954999579
404,neutral,7,understand,0.028764201242864,connect,0.05,connect,0.6,0.21,0.4032680393196518,0.2,0.02,0.1,0.8345038380767877,0.4472135954999579
404,neutral,8,understand,0.004864750174586673,understand,0.05,understand,0.9,0.315,0.34750194930018236,0.2,0.92,0.1,0.9076371991255957,0.31622776601683794
404,neutral,8,understand,0.018557549188944516,create,0.05,create,0.75,0.26249999999999996,0.42574139690932017,0.2,0.02,0.0,0.8196838477203756,0.5
404,neutral,8,understand,0.018557549188944516,explore,0.05,explore,0.75,0.26249999999999996,0.42574139690932017,0.2,0.02,0.0,0.8196838477203756,0.5
404,neutral,8,understand,0.014846039351155613,finish,0.05,finish,0.8,0.27999999999999997,0.4032680393196518,0.2,0.02,0.0,0.8184219999684962,0.4472135954999579
404,neutral,8,understand,0.028764201242864,connect,0.05,connect,0.6,0.21,0.4032680393196518,0.2,0.02,0.1,0.8345038380767877,0.4472135954999579
404,neutral,9,understand,0.003891800139669338,understand,0.05,understand,0.9090909090909091,0.3181818181818182,0.34123655947920456,0.2,0.92,0.1,0.9055265775213532,0.30151134457776363
404,neutral,9,understand,0.018557549188944516,create,0.05,create,0.75,0.26249999999999996,0.42574139690932017,0.2,0.02,0.0,0.8196838477203756,0.5
404,neutral,9,understand,0.018557549188944516,explore,0.05,explore,0.75,0.26249999999999996,0.42574139690932017,0.2,0.02,0.0,0.8196838477203756,0.5
404,neutral,9,understand,0.014846039351155613,finish,0.05,finish,0.8,0.27999999999999997,0.4032680393196518,0.2,0.02,0.0,0.8184219999684962,0.4472135954999579
404,neutral,9,understand,0.028764201242864,connect,0.05,connect,0.6,0.21,0.4032680393196518,0.2,0.02,0.1,0.8345038380767877,0.4472135954999579
404,no-aversion,0,understand,0.0,understand,0.05,understand,0.75,0.26249999999999996,0.42574139690932017,0.38172333843729683,0.92,0.1,1.1199647353466171,0.5
404,no-aversion,0,understand,0.0,create,0.05,create,0.75,0.26249999999999996,0.42574139690932017,0.17575905393442603,0.02,0.0,0.8140004508437462,0.5
404,no-aversion,0,understand,0.0,explore,0.05,explore,0.75,0.26249999999999996,0.42574139690932017,0.2439660194596605,0.02,0.0,0.8822074163689806,0.5
404,no-aversion,0,understand,0.0,finish,0.05,finish,0.75,0.26249999999999996,0.42574139690932017,0.08992992268068645,0.02,0.0,0.7281713195900066,0.5
404,no-aversion,0,understand,0.0,connect,0.05,connect,0.75,0.26249999999999996,0.42574139690932017,0.10862166548793015,0.02,0.1,0.8468630623972503,0.5
404,no-aversion,1,understand,0.0,understand,0.05,understand,0.8,0.27999999999999997,0.4032680393196518,0.40620910176522945,0.92,0.1,1.1394771410848812,0.4472135954999579
404,no-aversion,1,understand,0.0,create,0.05,create,0.75,0.26249999999999996,0.42574139690932017,0.16825006467006434,0.02,0.0,0.8064914615793843,0.5
404,no-aversion,1,understand,0.0,explore,0.05,explore,0.75,0.26249999999999996,0.42574139690932017,0.23199072694427264,0.02,0.0,0.8702321238535927,0.5
404,no-aversion,1,understand,0.0,finish,0.05,finish,0.75,0.26249999999999996,0.42574139690932017,0.08804116479591173,0.02,0.0,0.7262825617052318,0.5
404,no-aversion,1,understand,0.0,connect,0.05,connect,0.75,0.26249999999999996,0.42574139690932017,0.1055089418245217,0.02,0.1,0.8437503387338418,0.5
404,no-aversion,2,finish,0.0,understand,0.05,understand,0.8333333333333334,0.2916666666666667,0.3866788959225871,0.4307385417538049,0.92,0.1,1.1590841043430586,0.4082482904638631
404,no-aversion,2,finish,0.0,create,0.05,create,0.75,0.26249999999999996,0.42574139690932017,0.1607660878705022,0.02,0.0,0.7990074847798223,0.5
404,no-aversion,2,finish,0.0,explore,0.05,explore,0.75,0.26249999999999996,0.42574139690932017,0.22015610523897944,0.02,0.0,0.8583975021482995,0.5
404,no-aversion,2,finish,0.0,finish,0.05,finish,0.75,0.26249999999999996,0.42574139690932017,0.08603187917747612,0.02,0.0,0.7242732760867963,0.5
404,no-aversion,2,finish,0.0,connect,0.05,connect,0.75,0.26249999999999996,0.42574139690932017,0.10230738595923743,0.02,0.1,0.8405487828685575,0.5
404,no-aversion,3,understand,0.0,understand,0.05,understand,0.8333333333333334,0.2916666666666667,0.3866788959225871,0.4250206711683177,0.92,0.1,1.1533662337575714,0.4082482904638631
404,no-aversion,3,understand,0.0,create,0.05,create,0.75,0.26249999999999996,0.42574139690932017,0.16113905224443661,0.02,0.0,0.7993804491537566,0.5
404,no-aversion,3,understand,0.0,explore,0.05,explore,0.75,0.26249999999999996,0.42574139690932017,0.21918917441684715,0.02,0.0,0.8574305713261672,0.5
404,no-aversion,3,understand,0.0,finish,0.05,finish,0.8,0.27999999999999997,0.4032680393196518,0.09065186800236909,0.02,0.0,0.7239199073220208,0.4472135954999579
404,no-aversion,3,understand,0.0,connect,0.05,connect,0.75,0.26249999999999996,0.42574139690932017,0.10399923416802946,0.02,0.1,0.8422406310773495,0.5
404,no-aversion,4,understand,0.0,understand,0.05,understand,0.8571428571428571,0.3,0.3737858211757035,0.4494849836872755,0.92,0.1,1.173270804862979,0.3779644730092272
404,no-aversion,4,understand,0.0,create,0.05,create,0.75,0.26249999999999996,0.42574139690932017,0.15379885157622042,0.02,0.0,0.7920402484855404,0.5
404,no-aversion,4,understand,0.0,explore,0.05,explore,0.75,0.26249999999999996,0.42574139690932017,0.20776368203889067,0.02,0.0,0.8460050789482108,0.5
404,no-aversion,4,understand,0.0,finish,0.05,finish,0.8,0.27999999999999997,0.4032680393196518,0.08827222036402942,0.02,0.0,0.7215402596836812,0.4472135954999579
404,no-aversion,4,understand,0.0,connect,0.05,connect,0.75,0.26249999999999996,0.42574139690932017,0.10068026233358404,0.02,0.1,0.8389216592429042,0.5
404,no-aversion,5,understand,0.0,understand,0.05,understand,0.875,0.30624999999999997,0.36339301284786696,0.473737373897934,0.92,0.1,1.1933803867458008,0.35355339059327373
404,no-aversion,5,understand,0.0,create,0.05,create,0.75,0.26249999999999996,0.42574139690932017,0.1465534337326489,0.02,0.0,0.784794830641969,0.5
404,no-aversion,5,understand,0.0,explore,0.05,explore,0.75,0.26249999999999996,0.42574139690932017,0.19657248006760428,0.02,0.0,0.8348138769769244,0.5
404,no-aversion,5,understand,0.0,finish,0.05,finish,0.8,0.27999999999999997,0.4032680393196518,0.08581795889328372,0.02,0.0,0.7190859982129355,0.4472135954999579
404,no-aversion,5,understand,0.0,connect,0.05,connect,0.75,0.26249999999999996,0.42574139690932017,0.09731875340852908,0.02,0.1,0.8355601503178491,0.5
404,no-aversion,6,understand,0.0,understand,0.05,understand,0.8888888888888888,0.31111111111111106,0.35478449742443346,0.49763885130251334,0.92,0.1,1.213534459838058,0.3333333333333333
404,no-aversion,6,understand,0.0,create,0.05,create,0.75,0.26249999999999996,0.42574139690932017,0.1394416841334808,0.02,0.0,0.7776830810428008,0.5
404,no-aversion,6,understand,0.0,explore,0.05,explore,0.75,0.26249999999999996,0.42574139690932017,0.1856682630802129,0.02,0.0,0.823909659989533,0.5
404,no-aversion,6,understand,0.0,finish,0.05,finish,0.8,0.27999999999999997,0.4032680393196518,0.08331120128244904,0.02,0.0,0.7165792406021008,0.4472135954999579
404,no-aversion,6,understand,0.0,connect,0.05,connect,0.75,0.26249999999999996,0.42574139690932017,0.09394000020134405,0.02,0.1,0.8321813971106641,0.5
404,no-aversion,7,understand,0.0,understand,0.05,understand,0.9,0.315,0.34750194930018236,0.5210585025166917,0.92,0.1,1.2335604518168741,0.31622776601683794
404,no-aversion,7,understand,0.0,create,0.05,create,0.75,0.26249999999999996,0.42574139690932017,0.13249986952956228,0.02,0.0,0.7707412664388824,0.5
404,no-aversion,7,understand,0.0,explore,0.05,explore,0.75,0.26249999999999996,0.42574139690932017,0.17509910662545755,0.02,0.0,0.8133405035347776,0.5
404,no-aversion,7,understand,0.0,finish,0.05,finish,0.8,0.27999999999999997,0.4032680393196518,0.08077387548545359,0.02,0.0,0.7140419148051054,0.4472135954999579
404,no-aversion,7,understand,0.0,connect,0.05,connect,0.75,0.26249999999999996,0.42574139690932017,0.09056864584283501,0.02,0.1,0.8288100427521551,0.5
404,no-aversion,8,understand,0.0,understand,0.05,understand,0.9090909090909091,0.3181818181818182,0.34123655947920456,0.5438762160135602,0.92,0.1,1.253294593674583,0.30151134457776363
404,no-aversion,8,understand,0.0,create,0.05,create,0.75,0.26249999999999996,0.42574139690932017,0.1257608920118535,0.02,0.0,0.7640022889211735,0.5
404,no-aversion,8,understand,0.0,explore,0.05,explore,0.75,0.26249999999999996,0.42574139690932017,0.16490750495748654,0.02,0.0,0.8031489018668065,0.5
404,no-aversion,8,understand,0.0,finish,0.05,finish,0.8,0.27999999999999997,0.4032680393196518,0.07822723633828856,0.02,0.0,0.7114952756579402,0.4472135954999579
404,no-aversion,8,understand,0.0,connect,0.05,connect,0.75,0.26249999999999996,0.42574139690932017,0.08722815067881123,0.02,0.1,0.8254695475881313,0.5
404,no-aversion,9,understand,0.0,understand,0.05,understand,0.9166666666666666,0.3208333333333333,0.33577165351004173,0.5659849055499543,0.92,0.1,1.2725898923933294,0.2886751345948129
404,no-aversion,9,understand,0.0,create,0.05,create,0.75,0.26249999999999996,0.42574139690932017,0.11925369427791074,0.02,0.0,0.7574950911872309,0.5
404,no-aversion,9,understand,0.0,explore,0.05,explore,0.75,0.26249999999999996,0.42574139690932017,0.15512964655746705,0.02,0.0,0.7933710434667871,0.5
404,no-aversion,9,understand,0.0,finish,0.05,finish,0.8,0.27999999999999997,0.4032680393196518,0.07569142836780439,0.02,0.0,0.7089594676874562,0.4472135954999579
404,no-aversion,9,understand,0.0,connect,0.05,connect,0.75,0.26249999999999996,0.42574139690932017,0.08394032524686346,0.02,0.1,0.8221817221561835,0.5
404,no-dream,0,understand,0.018557549188944516,understand,0.05,understand,0.75,0.26249999999999996,0.42574139690932017,0.38172333843729683,0.92,0.1,1.1014071861576726,0.5
404,no-dream,0,understand,0.018557549188944516,create,0.05,create,0.75,0.26249999999999996,0.42574139690932017,0.17575905393442603,0.02,0.0,0.7954429016548017,0.5
404,no-dream,0,understand,0.018557549188944516,explore,0.05,explore,0.75,0.26249999999999996,0.42574139690932017,0.2439660194596605,0.02,0.0,0.8636498671800361,0.5
404,no-dream,0,understand,0.018557549188944516,finish,0.05,finish,0.75,0.26249999999999996,0.42574139690932017,0.08992992268068645,0.02,0.0,0.7096137704010621,0.5
404,no-dream,0,understand,0.018557549188944516,connect,0.05,connect,0.75,0.26249999999999996,0.42574139690932017,0.10862166548793015,0.02,0.1,0.8283055132083058,0.5
404,no-dream,1,understand,0.014846039351155613,understand,0.05,understand,0.8,0.27999999999999997,0.4032680393196518,0.40620910176522945,0.92,0.1,1.1246311017337256,0.4472135954999579
404,no-dream,1,understand,0.018557549188944516,create,0.05,create,0.75,0.26249999999999996,0.42574139690932017,0.16825006467006434,0.02,0.0,0.7879339123904399,0.5
404,no-dream,1,understand,0.018557549188944516,explore,0.05,explore,0.75,0.26249999999999996,0.42574139690932017,0.23199072694427264,0.02,0.0,0.8516745746646482,0.5
404,no-dream,1,understand,0.018557549188944516,finish,0.05,finish,0.75,0.26249999999999996,0.42574139690932017,0.08804116479591173,0.02,0.0,0.7077250125162873,0.5
404,no-dream,1,understand,0.018557549188944516,connect,0.05,connect,0.75,0.26249999999999996,0.42574139690932017,0.1055089418245217,0.02,0.1,0.8251927895448973,0.5
404,no-dream,2,finish,0.011876831480924492,understand,0.05,understand,0.8333333333333334,0.2916666666666667,0.3866788959225871,0.4307385417538049,0.92,0.1,1.147207272862134,0.4082482904638631
404,no-dream,2,finish,0.018557549188944516,create,0.05,create,0.75,0.26249999999999996,0.42574139690932017,0.1607660878705022,0.02,0.0,0.7804499355908778,0.5
404,no-dream,2,finish,0.018557549188944516,explore,0.05,explore,0.75,0.26249999999999996,0.42574139690932017,0.22015610523897944,0.02,0.0,0.839839952959355,0.5
404,no-dream,2,finish,0.018557549188944516,finish,0.05,finish,0.75,0.26249999999999996,0.42574139690932017,0.08603187917747612,0.02,0.0,0.7057157268978518,0.5
404,no-dream,2,finish,0.018557549188944516,connect,0.05,connect,0.75,0.26249999999999996,0.42574139690932017,0.10230738595923743,0.02,0.1,0.821991233679613,0.5
404,no-dream,3,understand,0.011876831480924492,understand,0.05,understand,0.8333333333333334,0.2916666666666667,0.3866788959225871,0.4250206711683177,0.92,0.1,1.1414894022766469,0.4082482904638631
404,no-dream,3,understand,0.018557549188944516,create,0.05,create,0.75,0.26249999999999996,0.42574139690932017,0.16113905224443661,0.02,0.0,0.7808228999648121,0.5
404,no-dream,3,understand,0.018557549188944516,explore,0.05,explore,0.75,0.26249999999999996,0.42574139690932017,0.21918917441684715,0.02,0.0,0.8388730221372227,0.5
404,no-dream,3,understand,0.014846039351155613,finish,0.05,finish,0.8,0.27999999999999997,0.4032680393196518,0.09065186800236909,0.02,0.0,0.7090738679708652,0.4472135954999579
404,no-dream,3,understand,0.018557549188944516,connect,0.05,connect,0.75,0.26249999999999996,0.42574139690932017,0.10399923416802946,0.02,0.1,0.823683081888405,0.5
404,no-dream,4,understand,0.009501465184739594,understand,0.05,understand,0.8571428571428571,0.3,0.3737858211757035,0.4494849836872755,0.92,0.1,1.1637693396782394,0.3779644730092272
404,no-dream,4,understand,0.018557549188944516,create,0.05,create,0.75,0.26249999999999996,0.42574139690932017,0.15379885157622042,0.02,0.0,0.773482699296596,0.5
404,no-dream,4,understand,0.018557549188944516,explore,0.05,explore,0.75,0.26249999999999996,0.42574139690932017,0.20776368203889067,0.02,0.0,0.8274475297592663,0.5
404,no-dream,4,understand,0.014846039351155613,finish,0.05,finish,0.8,0.27999999999999997,0.4032680393196518,0.08827222036402942,0.02,0.0,0.7066942203325256,0.4472135954999579
404,no-dream,4,understand,0.018557549188944516,connect,0.05,connect,0.75,0.26249999999999996,0.42574139690932017,0.10068026233358404,0.02,0.1,0.8203641100539597,0.5
404,no-dream,5,understand,0.007601172147791675,understand,0.05,understand,0.875,0.30624999999999997,0.36339301284786696,0.473737373897934,0.92,0.1,1.185779214598009,0.35355339059327373
404,no-dream,5,understand,0.018557549188944516,create,0.05,create,0.75,0.26249999999999996,0.42574139690932017,0.1465534337326489,0.02,0.0,0.7662372814530245,0.5
404,no-dream,5,understand,0.018557549188944516,explore,0.05,explore,0.75,0.26249999999999996,0.42574139690932017,0.19657248006760428,0.02,0.0,0.81625632778798,0.5
404,no-dream,5,understand,0.014846039351155613,finish,0.05,finish,0.8,0.27999999999999997,0.4032680393196518,0.08581795889328372,0.02,0.0,0.7042399588617799,0.4472135954999579
404,no-dream,5,understand,0.018557549188944516,connect,0.05,connect,0.75,0.26249999999999996,0.42574139690932017,0.09731875340852908,0.02,0.1,0.8170026011289047,0.5
404,no-dream,6,understand,0.006080937718233341,understand,0.05,understand,0.8888888888888888,0.31111111111111106,0.35478449742443346,0.49763885130251334,0.92,0.1,1.2074535221198246,0.3333333333333333
404,no-dream,6,understand,0.018557549188944516,create,0.05,create,0.75,0.26249999999999996,0.42574139690932017,0.1394416841334808,0.02,0.0,0.7591255318538563,0.5
404,no-dream,6,understand,0.018557549188944516,explore,0.05,explore,0.75,0.26249999999999996,0.42574139690932017,0.1856682630802129,0.02,0.0,0.8053521108005885,0.5
404,no-dream,6,understand,0.014846039351155613,finish,0.05,finish,0.8,0.27999999999999997,0.4032680393196518,0.08331120128244904,0.02,0.0,0.7017332012509452,0.4472135954999579
404,no-dream,6,understand,0.018557549188944516,connect,0.05,connect,0.75,0.26249999999999996,0.42574139690932017,0.09394000020134405,0.02,0.1,0.8136238479217196,0.5
404,no-dream,7,understand,0.004864750174586673,understand,0.05,understand,0.9,0.315,0.34750194930018236,0.5210585025166917,0.92,0.1,1.2286957016422875,0.31622776601683794
404,no-dream,7,understand,0.018557549188944516,create,0.05,create,0.75,0.26249999999999996,0.42574139690932017,0.13249986952956228,0.02,0.0,0.7521837172499379,0.5
404,no-dream,7,understand,0.018557549188944516,explore,0.05,explore,0.75,0.26249999999999996,0.42574139690932017,0.17509910662545755,0.02,0.0,0.7947829543458331,0.5
404,no-dream,7,understand,0.014846039351155613,finish,0.05,finish,0.8,0.27999999999999997,0.4032680393196518,0.08077387548545359,0.02,0.0,0.6991958754539498,0.4472135954999579
404,no-dream,7,understand,0.018557549188944516,connect,0.05,connect,0.75,0.26249999999999996,0.42574139690932017,0.09056864584283501,0.02,0.1,0.8102524935632106,0.5
404,no-dream,8,understand,0.003891800139669338,understand,0.05,understand,0.9090909090909091,0.3181818181818182,0.34123655947920456,0.5438762160135602,0.92,0.1,1.2494027935349137,0.30151134457776363
404,no-dream,8,understand,0.018557549188944516,create,0.05,create,0.75,0.26249999999999996,0.42574139690932017,0.1257608920118535,0.02,0.0,0.745444739732229,0.5
404,no-dream,8,understand,0.018557549188944516,explore,0.05,explore,0.75,0.26249999999999996,0.42574139690932017,0.16490750495748654,0.02,0.0,0.7845913526778621,0.5
404,no-dream,8,understand,0.014846039351155613,finish,0.05,finish,0.8,0.27999999999999997,0.4032680393196518,0.07822723633828856,0.02,0.0,0.6966492363067847,0.4472135954999579
404,no-dream,8,understand,0.018557549188944516,connect,0.05,connect,0.75,0.26249999999999996,0.42574139690932017,0.08722815067881123,0.02,0.1,0.8069119983991868,0.5
404,no-dream,9,understand,0.003113440111735471,understand,0.05,understand,0.9166666666666666,0.3208333333333333,0.33577165351004173,0.5659849055499543,0.92,0.1,1.269476452281594,0.2886751345948129
404,no-dream,9,understand,0.018557549188944516,create,0.05,create,0.75,0.26249999999999996,0.42574139690932017,0.11925369427791074,0.02,0.0,0.7389375419982864,0.5
404,no-dream,9,understand,0.018557549188944516,explore,0.05,explore,0.75,0.26249999999999996,0.42574139690932017,0.15512964655746705,0.02,0.0,0.7748134942778426,0.5
404,no-dream,9,understand,0.014846039351155613,finish,0.05,finish,0.8,0.27999999999999997,0.4032680393196518,0.07569142836780439,0.02,0.0,0.6941134283363006,0.4472135954999579
404,no-dream,9,understand,0.018557549188944516,connect,0.05,connect,0.75,0.26249999999999996,0.42574139690932017,0.08394032524686346,0.02,0.1,0.803624172967239,0.5
404,restarted,0,understand,0.018557549188944516,understand,0.05,understand,0.75,0.26249999999999996,0.42574139690932017,0.38172333843729683,0.92,0.1,1.1014071861576726,0.5
404,restarted,0,understand,0.018557549188944516,create,0.05,create,0.75,0.26249999999999996,0.42574139690932017,0.17575905393442603,0.02,0.0,0.7954429016548017,0.5
404,restarted,0,understand,0.018557549188944516,explore,0.05,explore,0.75,0.26249999999999996,0.42574139690932017,0.2439660194596605,0.02,0.0,0.8636498671800361,0.5
404,restarted,0,understand,0.018557549188944516,finish,0.05,finish,0.75,0.26249999999999996,0.42574139690932017,0.08992992268068645,0.02,0.0,0.7096137704010621,0.5
404,restarted,0,understand,0.018557549188944516,connect,0.05,connect,0.75,0.26249999999999996,0.42574139690932017,0.10862166548793015,0.02,0.1,0.8283055132083058,0.5
404,restarted,1,understand,0.014846039351155613,understand,0.05,understand,0.8,0.27999999999999997,0.4032680393196518,0.40620910176522945,0.92,0.1,1.1246311017337256,0.4472135954999579
404,restarted,1,understand,0.018557549188944516,create,0.05,create,0.75,0.26249999999999996,0.42574139690932017,0.16825006467006434,0.02,0.0,0.7879339123904399,0.5
404,restarted,1,understand,0.018557549188944516,explore,0.05,explore,0.75,0.26249999999999996,0.42574139690932017,0.23199072694427264,0.02,0.0,0.8516745746646482,0.5
404,restarted,1,understand,0.018557549188944516,finish,0.05,finish,0.75,0.26249999999999996,0.42574139690932017,0.08804116479591173,0.02,0.0,0.7077250125162873,0.5
404,restarted,1,understand,0.018557549188944516,connect,0.05,connect,0.75,0.26249999999999996,0.42574139690932017,0.1055089418245217,0.02,0.1,0.8251927895448973,0.5
404,restarted,2,finish,0.011876831480924492,understand,0.05,understand,0.8333333333333334,0.2916666666666667,0.3866788959225871,0.4307385417538049,0.92,0.1,1.147207272862134,0.4082482904638631
404,restarted,2,finish,0.018557549188944516,create,0.05,create,0.75,0.26249999999999996,0.42574139690932017,0.1607660878705022,0.02,0.0,0.7804499355908778,0.5
404,restarted,2,finish,0.018557549188944516,explore,0.05,explore,0.75,0.26249999999999996,0.42574139690932017,0.22015610523897944,0.02,0.0,0.839839952959355,0.5
404,restarted,2,finish,0.018557549188944516,finish,0.05,finish,0.75,0.26249999999999996,0.42574139690932017,0.08603187917747612,0.02,0.0,0.7057157268978518,0.5
404,restarted,2,finish,0.018557549188944516,connect,0.05,connect,0.75,0.26249999999999996,0.42574139690932017,0.10230738595923743,0.02,0.1,0.821991233679613,0.5
404,restarted,3,understand,0.011876831480924492,understand,0.05,understand,0.8333333333333334,0.2916666666666667,0.3866788959225871,0.4250206711683177,0.92,0.1,1.1414894022766469,0.4082482904638631
404,restarted,3,understand,0.018557549188944516,create,0.05,create,0.75,0.26249999999999996,0.42574139690932017,0.16113905224443661,0.02,0.0,0.7808228999648121,0.5
404,restarted,3,understand,0.018557549188944516,explore,0.05,explore,0.75,0.26249999999999996,0.42574139690932017,0.21918917441684715,0.02,0.0,0.8388730221372227,0.5
404,restarted,3,understand,0.014846039351155613,finish,0.05,finish,0.8,0.27999999999999997,0.4032680393196518,0.09065186800236909,0.02,0.0,0.7090738679708652,0.4472135954999579
404,restarted,3,understand,0.018557549188944516,connect,0.05,connect,0.75,0.26249999999999996,0.42574139690932017,0.10399923416802946,0.02,0.1,0.823683081888405,0.5
404,restarted,4,understand,0.009501465184739594,understand,0.05,understand,0.8571428571428571,0.3,0.3737858211757035,0.4494849836872755,0.92,0.1,1.1637693396782394,0.3779644730092272
404,restarted,4,understand,0.018557549188944516,create,0.05,create,0.75,0.26249999999999996,0.42574139690932017,0.15379885157622042,0.02,0.0,0.773482699296596,0.5
404,restarted,4,understand,0.018557549188944516,explore,0.05,explore,0.75,0.26249999999999996,0.42574139690932017,0.20776368203889067,0.02,0.0,0.8274475297592663,0.5
404,restarted,4,understand,0.014846039351155613,finish,0.05,finish,0.8,0.27999999999999997,0.4032680393196518,0.08827222036402942,0.02,0.0,0.7066942203325256,0.4472135954999579
404,restarted,4,understand,0.018557549188944516,connect,0.05,connect,0.75,0.26249999999999996,0.42574139690932017,0.10068026233358404,0.02,0.1,0.8203641100539597,0.5
404,restarted,5,understand,0.007601172147791675,understand,0.05,understand,0.875,0.30624999999999997,0.36339301284786696,0.473737373897934,0.92,0.1,1.185779214598009,0.35355339059327373
404,restarted,5,understand,0.018557549188944516,create,0.05,create,0.75,0.26249999999999996,0.42574139690932017,0.1465534337326489,0.02,0.0,0.7662372814530245,0.5
404,restarted,5,understand,0.018557549188944516,explore,0.05,explore,0.75,0.26249999999999996,0.42574139690932017,0.19657248006760428,0.02,0.0,0.81625632778798,0.5
404,restarted,5,understand,0.014846039351155613,finish,0.05,finish,0.8,0.27999999999999997,0.4032680393196518,0.08581795889328372,0.02,0.0,0.7042399588617799,0.4472135954999579
404,restarted,5,understand,0.018557549188944516,connect,0.05,connect,0.75,0.26249999999999996,0.42574139690932017,0.09731875340852908,0.02,0.1,0.8170026011289047,0.5
404,restarted,6,understand,0.006080937718233341,understand,0.05,understand,0.8888888888888888,0.31111111111111106,0.35478449742443346,0.49763885130251334,0.92,0.1,1.2074535221198246,0.3333333333333333
404,restarted,6,understand,0.018557549188944516,create,0.05,create,0.75,0.26249999999999996,0.42574139690932017,0.1394416841334808,0.02,0.0,0.7591255318538563,0.5
404,restarted,6,understand,0.018557549188944516,explore,0.05,explore,0.75,0.26249999999999996,0.42574139690932017,0.1856682630802129,0.02,0.0,0.8053521108005885,0.5
404,restarted,6,understand,0.014846039351155613,finish,0.05,finish,0.8,0.27999999999999997,0.4032680393196518,0.08331120128244904,0.02,0.0,0.7017332012509452,0.4472135954999579
404,restarted,6,understand,0.018557549188944516,connect,0.05,connect,0.75,0.26249999999999996,0.42574139690932017,0.09394000020134405,0.02,0.1,0.8136238479217196,0.5
404,restarted,7,understand,0.004864750174586673,understand,0.05,understand,0.9,0.315,0.34750194930018236,0.5210585025166917,0.92,0.1,1.2286957016422875,0.31622776601683794
404,restarted,7,understand,0.018557549188944516,create,0.05,create,0.75,0.26249999999999996,0.42574139690932017,0.13249986952956228,0.02,0.0,0.7521837172499379,0.5
404,restarted,7,understand,0.018557549188944516,explore,0.05,explore,0.75,0.26249999999999996,0.42574139690932017,0.17509910662545755,0.02,0.0,0.7947829543458331,0.5
404,restarted,7,understand,0.014846039351155613,finish,0.05,finish,0.8,0.27999999999999997,0.4032680393196518,0.08077387548545359,0.02,0.0,0.6991958754539498,0.4472135954999579
404,restarted,7,understand,0.018557549188944516,connect,0.05,connect,0.75,0.26249999999999996,0.42574139690932017,0.09056864584283501,0.02,0.1,0.8102524935632106,0.5
404,restarted,8,understand,0.003891800139669338,understand,0.05,understand,0.9090909090909091,0.3181818181818182,0.34123655947920456,0.5438762160135602,0.92,0.1,1.2494027935349137,0.30151134457776363
404,restarted,8,understand,0.018557549188944516,create,0.05,create,0.75,0.26249999999999996,0.42574139690932017,0.1257608920118535,0.02,0.0,0.745444739732229,0.5
404,restarted,8,understand,0.018557549188944516,explore,0.05,explore,0.75,0.26249999999999996,0.42574139690932017,0.16490750495748654,0.02,0.0,0.7845913526778621,0.5
404,restarted,8,understand,0.014846039351155613,finish,0.05,finish,0.8,0.27999999999999997,0.4032680393196518,0.07822723633828856,0.02,0.0,0.6966492363067847,0.4472135954999579
404,restarted,8,understand,0.018557549188944516,connect,0.05,connect,0.75,0.26249999999999996,0.42574139690932017,0.08722815067881123,0.02,0.1,0.8069119983991868,0.5
404,restarted,9,understand,0.003113440111735471,understand,0.05,understand,0.9166666666666666,0.3208333333333333,0.33577165351004173,0.5659849055499543,0.92,0.1,1.269476452281594,0.2886751345948129
404,restarted,9,understand,0.018557549188944516,create,0.05,create,0.75,0.26249999999999996,0.42574139690932017,0.11925369427791074,0.02,0.0,0.7389375419982864,0.5
404,restarted,9,understand,0.018557549188944516,explore,0.05,explore,0.75,0.26249999999999996,0.42574139690932017,0.15512964655746705,0.02,0.0,0.7748134942778426,0.5
404,restarted,9,understand,0.014846039351155613,finish,0.05,finish,0.8,0.27999999999999997,0.4032680393196518,0.07569142836780439,0.02,0.0,0.6941134283363006,0.4472135954999579
404,restarted,9,understand,0.018557549188944516,connect,0.05,connect,0.75,0.26249999999999996,0.42574139690932017,0.08394032524686346,0.02,0.1,0.803624172967239,0.5
405,updated,0,finish,0.10597946074711301,understand,0.05,understand,0.75,0.26249999999999996,0.09257478492506138,0.2547464806316465,0.02,0.1,0.5538418048095949,0.5
405,updated,0,finish,0.10597946074711301,create,0.05,create,0.75,0.26249999999999996,0.09257478492506138,0.08567641847791113,0.02,0.0,0.28477174265585947,0.5
405,updated,0,finish,0.10597946074711301,explore,0.05,explore,0.75,0.26249999999999996,0.09257478492506138,0.15137440249005057,0.02,0.0,0.3504697266679989,0.5
405,updated,0,finish,0.10597946074711301,finish,0.05,finish,0.75,0.26249999999999996,0.09257478492506138,0.2977834338374589,0.92,0.1,0.5968787580154072,0.5
405,updated,0,finish,0.10597946074711301,connect,0.05,connect,0.75,0.26249999999999996,0.09257478492506138,0.2104192645629328,0.02,0.1,0.5095145887408811,0.5
405,updated,1,finish,0.10597946074711301,understand,0.05,understand,0.75,0.26249999999999996,0.09257478492506138,0.2514078449747315,0.02,0.1,0.5505031691526797,0.5
405,updated,1,finish,0.10597946074711301,create,0.05,create,0.75,0.26249999999999996,0.09257478492506138,0.08720828616833111,0.02,0.0,0.28630361034627944,0.5
405,updated,1,finish,0.10597946074711301,explore,0.05,explore,0.75,0.26249999999999996,0.09257478492506138,0.15101366869344132,0.02,0.0,0.35010899287138963,0.5
405,updated,1,finish,0.08478356859769041,finish,0.05,finish,0.8,0.27999999999999997,0.08768809488150268,0.3020126103840364,0.92,0.1,0.6349171366678485,0.4472135954999579
405,updated,1,finish,0.10597946074711301,connect,0.05,connect,0.75,0.26249999999999996,0.09257478492506138,0.20835758977945973,0.02,0.1,0.5074529139574081,0.5
405,updated,2,finish,0.10597946074711301,understand,0.05,understand,0.75,0.26249999999999996,0.09257478492506138,0.24813422610550623,0.02,0.1,0.5472295502834544,0.5
405,updated,2,finish,0.10597946074711301,create,0.05,create,0.75,0.26249999999999996,0.09257478492506138,0.08868521519618015,0.02,0.0,0.2877805393741285,0.5
405,updated,2,finish,0.10597946074711301,explore,0.05,explore,0.75,0.26249999999999996,0.09257478492506138,0.15064460904762975,0.02,0.0,0.34973993322557817,0.5
405,updated,2,finish,0.06782685487815233,finish,0.05,finish,0.8333333333333334,0.2916666666666667,0.08408089014824681,0.3062064680900369,0.92,0.1,0.664127170026798,0.4082482904638631
405,updated,2,finish,0.10597946074711301,connect,0.05,connect,0.75,0.26249999999999996,0.09257478492506138,0.20632948156064698,0.02,0.1,0.5054248057385954,0.5
405,updated,3,finish,0.10597946074711301,understand,0.05,understand,0.75,0.26249999999999996,0.09257478492506138,0.2449248271560809,0.02,0.1,0.5440201513340291,0.5
405,updated,3,finish,0.10597946074711301,create,0.05,create,0.75,0.26249999999999996,0.09257478492506138,0.09010851665966693,0.02,0.0,0.28920384083761524,0.5
405,updated,3,finish,0.10597946074711301,explore,0.05,explore,0.75,0.26249999999999996,0.09257478492506138,0.1502677155281409,0.02,0.0,0.3493630397060892,0.5
405,updated,3,finish,0.054261483902521876,finish,0.05,finish,0.8571428571428571,0.3,0.08127737226067407,0.31036424494562864,0.92,0.1,0.6873801333037808,0.3779644730092272
405,updated,3,finish,0.10597946074711301,connect,0.05,connect,0.75,0.26249999999999996,0.09257478492506138,0.20433469571048252,0.02,0.1,0.5034300198884308,0.5
405,updated,4,finish,0.10597946074711301,understand,0.05,understand,0.75,0.26249999999999996,0.09257478492506138,0.2417788453387854,0.02,0.1,0.5408741695167337,0.5
405,updated,4,finish,0.10597946074711301,create,0.05,create,0.75,0.26249999999999996,0.09257478492506138,0.09147949032080947,0.02,0.0,0.2905748144987578,0.5
405,updated,4,finish,0.10597946074711301,explore,0.05,explore,0.75,0.26249999999999996,0.09257478492506138,0.14988347087904155,0.02,0.0,0.3489787950569898,0.5
405,updated,4,finish,0.043409187122017495,finish,0.05,finish,0.875,0.30624999999999997,0.07901752155622922,0.3144852127682778,0.92,0.1,0.7063435472024894,0.35355339059327373
405,updated,4,finish,0.10597946074711301,connect,0.05,connect,0.75,0.26249999999999996,0.09257478492506138,0.20237298069308574,0.02,0.1,0.5014683048710341,0.5
405,updated,5,finish,0.10597946074711301,understand,0.05,understand,0.75,0.26249999999999996,0.09257478492506138,0.23869547240653516,0.02,0.1,0.5377907965844834,0.5
405,updated,5,finish,0.10597946074711301,create,0.05,create,0.75,0.26249999999999996,0.09257478492506138,0.09279942397883277,0.02,0.0,0.2918947481567811,0.5
405,updated,5,finish,0.10597946074711301,explore,0.05,explore,0.75,0.26249999999999996,0.09257478492506138,0.14949234840871678,0.02,0.0,0.3485876725866651,0.5
405,updated,5,finish,0.034727349697614,finish,0.05,finish,0.8888888888888888,0.31111111111111106,0.07714565410421781,0.3185686773978259,0.92,0.1,0.7220980929155406,0.3333333333333333
405,updated,5,finish,0.10597946074711301,connect,0.05,connect,0.75,0.26249999999999996,0.09257478492506138,0.20044407780808943,0.02,0.1,0.49953940198603775,0.5
405,updated,6,finish,0.10597946074711301,understand,0.05,understand,0.75,0.26249999999999996,0.09257478492506138,0.23567389512272285,0.02,0.1,0.5347692193006711,0.5
405,updated,6,finish,0.10597946074711301,create,0.05,create,0.75,0.26249999999999996,0.09257478492506138,0.09406959286477265,0.02,0.0,0.293164917042721,0.5
405,updated,6,finish,0.10597946074711301,explore,0.05,explore,0.75,0.26249999999999996,0.09257478492506138,0.14909481180231376,0.02,0.0,0.34819013598026216,0.5
405,updated,6,finish,0.0277818797580912,finish,0.05,finish,0.9,0.315,0.0755621098888721,0.32261397883158105,0.92,0.1,0.735394208962362,0.31622776601683794
405,updated,6,finish,0.10597946074711301,connect,0.05,connect,0.75,0.26249999999999996,0.09257478492506138,0.19854772137860965,0.02,0.1,0.49764304555655803,0.5
405,updated,7,finish,0.10597946074711301,understand,0.05,understand,0.75,0.26249999999999996,0.09257478492506138,0.23271329573913194,0.02,0.1,0.5318086199170803,0.5
405,updated,7,finish,0.10597946074711301,create,0.05,create,0.75,0.26249999999999996,0.09257478492506138,0.09529125905835671,0.02,0.0,0.29438658323630507,0.5
405,updated,7,finish,0.10597946074711301,explore,0.05,explore,0.75,0.26249999999999996,0.09257478492506138,0.1486913149509235,0.02,0.0,0.34778663912887176,0.5
405,updated,7,finish,0.022225503806472962,finish,0.05,finish,0.9090909090909091,0.3181818181818182,0.07419974033928323,0.32662049130061277,0.92,0.1,0.7467765460152411,0.30151134457776363
405,updated,7,finish,0.10597946074711301,connect,0.05,connect,0.75,0.26249999999999996,0.09257478492506138,0.19668363895097515,0.02,0.1,0.49577896312892344,0.5
405,updated,8,finish,0.10597946074711301,understand,0.05,understand,0.75,0.26249999999999996,0.09257478492506138,0.22981285248038966,0.02,0.1,0.528908176658338,0.5
405,updated,8,finish,0.10597946074711301,create,0.05,create,0.75,0.26249999999999996,0.09257478492506138,0.09646567092813055,0.02,0.0,0.29556099510607886,0.5
405,updated,8,finish,0.10597946074711301,explore,0.05,explore,0.75,0.26249999999999996,0.09257478492506138,0.1482823017975161,0.02,0.0,0.3473776259754644,0.5
405,updated,8,finish,0.017780403045178368,finish,0.05,finish,0.9166666666666666,0.3208333333333333,0.07301143096085864,0.33058762328858754,0.92,0.1,0.7566519845376011,0.2886751345948129
405,updated,8,finish,0.10597946074711301,connect,0.05,connect,0.75,0.26249999999999996,0.09257478492506138,0.19485155150537614,0.02,0.1,0.4939468756833244,0.5
405,updated,9,finish,0.10597946074711301,understand,0.05,understand,0.75,0.26249999999999996,0.09257478492506138,0.22697174003350615,0.02,0.1,0.5260670642114545,0.5
405,updated,9,finish,0.10597946074711301,create,0.05,create,0.75,0.26249999999999996,0.09257478492506138,0.0975940625956953,0.02,0.0,0.29668938677364365,0.5
405,updated,9,finish,0.10597946074711301,explore,0.05,explore,0.75,0.26249999999999996,0.09257478492506138,0.14786820619959437,0.02,0.0,0.3469635303775427,0.5
405,updated,9,finish,0.014224322436142696,finish,0.05,finish,0.9230769230769231,0.3230769230769231,0.07196301814425066,0.33451481749461687,0.92,0.1,0.7653304362796478,0.2773500981126146
405,updated,9,finish,0.10597946074711301,connect,0.05,connect,0.75,0.26249999999999996,0.09257478492506138,0.19305117367658725,0.02,0.1,0.49214649785453557,0.5
405,frozen,0,finish,0.10597946074711301,understand,0.05,understand,0.75,0.26249999999999996,0.09257478492506138,0.2547464806316465,0.02,0.1,0.5538418048095949,0.5
405,frozen,0,finish,0.10597946074711301,create,0.05,create,0.75,0.26249999999999996,0.09257478492506138,0.08567641847791113,0.02,0.0,0.28477174265585947,0.5
405,frozen,0,finish,0.10597946074711301,explore,0.05,explore,0.75,0.26249999999999996,0.09257478492506138,0.15137440249005057,0.02,0.0,0.3504697266679989,0.5
405,frozen,0,finish,0.10597946074711301,finish,0.05,finish,0.75,0.26249999999999996,0.09257478492506138,0.2977834338374589,0.92,0.1,0.5968787580154072,0.5
405,frozen,0,finish,0.10597946074711301,connect,0.05,connect,0.75,0.26249999999999996,0.09257478492506138,0.2104192645629328,0.02,0.1,0.5095145887408811,0.5
405,frozen,1,finish,0.10597946074711301,understand,0.05,understand,0.75,0.26249999999999996,0.09257478492506138,0.2547464806316465,0.02,0.1,0.5538418048095949,0.5
405,frozen,1,finish,0.10597946074711301,create,0.05,create,0.75,0.26249999999999996,0.09257478492506138,0.08567641847791113,0.02,0.0,0.28477174265585947,0.5
405,frozen,1,finish,0.10597946074711301,explore,0.05,explore,0.75,0.26249999999999996,0.09257478492506138,0.15137440249005057,0.02,0.0,0.3504697266679989,0.5
405,frozen,1,finish,0.10597946074711301,finish,0.05,finish,0.75,0.26249999999999996,0.09257478492506138,0.2977834338374589,0.92,0.1,0.5968787580154072,0.5
405,frozen,1,finish,0.10597946074711301,connect,0.05,connect,0.75,0.26249999999999996,0.09257478492506138,0.2104192645629328,0.02,0.1,0.5095145887408811,0.5
405,frozen,2,finish,0.10597946074711301,understand,0.05,understand,0.75,0.26249999999999996,0.09257478492506138,0.2547464806316465,0.02,0.1,0.5538418048095949,0.5
405,frozen,2,finish,0.10597946074711301,create,0.05,create,0.75,0.26249999999999996,0.09257478492506138,0.08567641847791113,0.02,0.0,0.28477174265585947,0.5
405,frozen,2,finish,0.10597946074711301,explore,0.05,explore,0.75,0.26249999999999996,0.09257478492506138,0.15137440249005057,0.02,0.0,0.3504697266679989,0.5
405,frozen,2,finish,0.10597946074711301,finish,0.05,finish,0.75,0.26249999999999996,0.09257478492506138,0.2977834338374589,0.92,0.1,0.5968787580154072,0.5
405,frozen,2,finish,0.10597946074711301,connect,0.05,connect,0.75,0.26249999999999996,0.09257478492506138,0.2104192645629328,0.02,0.1,0.5095145887408811,0.5
405,frozen,3,finish,0.10597946074711301,understand,0.05,understand,0.75,0.26249999999999996,0.09257478492506138,0.2547464806316465,0.02,0.1,0.5538418048095949,0.5
405,frozen,3,finish,0.10597946074711301,create,0.05,create,0.75,0.26249999999999996,0.09257478492506138,0.08567641847791113,0.02,0.0,0.28477174265585947,0.5
405,frozen,3,finish,0.10597946074711301,explore,0.05,explore,0.75,0.26249999999999996,0.09257478492506138,0.15137440249005057,0.02,0.0,0.3504697266679989,0.5
405,frozen,3,finish,0.10597946074711301,finish,0.05,finish,0.75,0.26249999999999996,0.09257478492506138,0.2977834338374589,0.92,0.1,0.5968787580154072,0.5
405,frozen,3,finish,0.10597946074711301,connect,0.05,connect,0.75,0.26249999999999996,0.09257478492506138,0.2104192645629328,0.02,0.1,0.5095145887408811,0.5
405,frozen,4,finish,0.10597946074711301,understand,0.05,understand,0.75,0.26249999999999996,0.09257478492506138,0.2547464806316465,0.02,0.1,0.5538418048095949,0.5
405,frozen,4,finish,0.10597946074711301,create,0.05,create,0.75,0.26249999999999996,0.09257478492506138,0.08567641847791113,0.02,0.0,0.28477174265585947,0.5
405,frozen,4,finish,0.10597946074711301,explore,0.05,explore,0.75,0.26249999999999996,0.09257478492506138,0.15137440249005057,0.02,0.0,0.3504697266679989,0.5
405,frozen,4,finish,0.10597946074711301,finish,0.05,finish,0.75,0.26249999999999996,0.09257478492506138,0.2977834338374589,0.92,0.1,0.5968787580154072,0.5
405,frozen,4,finish,0.10597946074711301,connect,0.05,connect,0.75,0.26249999999999996,0.09257478492506138,0.2104192645629328,0.02,0.1,0.5095145887408811,0.5
405,frozen,5,finish,0.10597946074711301,understand,0.05,understand,0.75,0.26249999999999996,0.09257478492506138,0.2547464806316465,0.02,0.1,0.5538418048095949,0.5
405,frozen,5,finish,0.10597946074711301,create,0.05,create,0.75,0.26249999999999996,0.09257478492506138,0.08567641847791113,0.02,0.0,0.28477174265585947,0.5
405,frozen,5,finish,0.10597946074711301,explore,0.05,explore,0.75,0.26249999999999996,0.09257478492506138,0.15137440249005057,0.02,0.0,0.3504697266679989,0.5
405,frozen,5,finish,0.10597946074711301,finish,0.05,finish,0.75,0.26249999999999996,0.09257478492506138,0.2977834338374589,0.92,0.1,0.5968787580154072,0.5
405,frozen,5,finish,0.10597946074711301,connect,0.05,connect,0.75,0.26249999999999996,0.09257478492506138,0.2104192645629328,0.02,0.1,0.5095145887408811,0.5
405,frozen,6,finish,0.10597946074711301,understand,0.05,understand,0.75,0.26249999999999996,0.09257478492506138,0.2547464806316465,0.02,0.1,0.5538418048095949,0.5
405,frozen,6,finish,0.10597946074711301,create,0.05,create,0.75,0.26249999999999996,0.09257478492506138,0.08567641847791113,0.02,0.0,0.28477174265585947,0.5
405,frozen,6,finish,0.10597946074711301,explore,0.05,explore,0.75,0.26249999999999996,0.09257478492506138,0.15137440249005057,0.02,0.0,0.3504697266679989,0.5
405,frozen,6,finish,0.10597946074711301,finish,0.05,finish,0.75,0.26249999999999996,0.09257478492506138,0.2977834338374589,0.92,0.1,0.5968787580154072,0.5
405,frozen,6,finish,0.10597946074711301,connect,0.05,connect,0.75,0.26249999999999996,0.09257478492506138,0.2104192645629328,0.02,0.1,0.5095145887408811,0.5
405,frozen,7,finish,0.10597946074711301,understand,0.05,understand,0.75,0.26249999999999996,0.09257478492506138,0.2547464806316465,0.02,0.1,0.5538418048095949,0.5
405,frozen,7,finish,0.10597946074711301,create,0.05,create,0.75,0.26249999999999996,0.09257478492506138,0.08567641847791113,0.02,0.0,0.28477174265585947,0.5
405,frozen,7,finish,0.10597946074711301,explore,0.05,explore,0.75,0.26249999999999996,0.09257478492506138,0.15137440249005057,0.02,0.0,0.3504697266679989,0.5
405,frozen,7,finish,0.10597946074711301,finish,0.05,finish,0.75,0.26249999999999996,0.09257478492506138,0.2977834338374589,0.92,0.1,0.5968787580154072,0.5
405,frozen,7,finish,0.10597946074711301,connect,0.05,connect,0.75,0.26249999999999996,0.09257478492506138,0.2104192645629328,0.02,0.1,0.5095145887408811,0.5
405,frozen,8,finish,0.10597946074711301,understand,0.05,understand,0.75,0.26249999999999996,0.09257478492506138,0.2547464806316465,0.02,0.1,0.5538418048095949,0.5
405,frozen,8,finish,0.10597946074711301,create,0.05,create,0.75,0.26249999999999996,0.09257478492506138,0.08567641847791113,0.02,0.0,0.28477174265585947,0.5
405,frozen,8,finish,0.10597946074711301,explore,0.05,explore,0.75,0.26249999999999996,0.09257478492506138,0.15137440249005057,0.02,0.0,0.3504697266679989,0.5
405,frozen,8,finish,0.10597946074711301,finish,0.05,finish,0.75,0.26249999999999996,0.09257478492506138,0.2977834338374589,0.92,0.1,0.5968787580154072,0.5
405,frozen,8,finish,0.10597946074711301,connect,0.05,connect,0.75,0.26249999999999996,0.09257478492506138,0.2104192645629328,0.02,0.1,0.5095145887408811,0.5
405,frozen,9,finish,0.10597946074711301,understand,0.05,understand,0.75,0.26249999999999996,0.09257478492506138,0.2547464806316465,0.02,0.1,0.5538418048095949,0.5
405,frozen,9,finish,0.10597946074711301,create,0.05,create,0.75,0.26249999999999996,0.09257478492506138,0.08567641847791113,0.02,0.0,0.28477174265585947,0.5
405,frozen,9,finish,0.10597946074711301,explore,0.05,explore,0.75,0.26249999999999996,0.09257478492506138,0.15137440249005057,0.02,0.0,0.3504697266679989,0.5
405,frozen,9,finish,0.10597946074711301,finish,0.05,finish,0.75,0.26249999999999996,0.09257478492506138,0.2977834338374589,0.92,0.1,0.5968787580154072,0.5
405,frozen,9,finish,0.10597946074711301,connect,0.05,connect,0.75,0.26249999999999996,0.09257478492506138,0.2104192645629328,0.02,0.1,0.5095145887408811,0.5
405,neutral,0,finish,0.10597946074711301,understand,0.05,understand,0.75,0.26249999999999996,0.09257478492506138,0.2,0.32,0.1,0.49909532417794833,0.5
405,neutral,0,finish,0.10597946074711301,create,0.05,create,0.75,0.26249999999999996,0.09257478492506138,0.2,0.02,0.0,0.3990953241779483,0.5
405,neutral,0,finish,0.10597946074711301,explore,0.05,explore,0.75,0.26249999999999996,0.09257478492506138,0.2,0.02,0.0,0.3990953241779483,0.5
405,neutral,0,finish,0.10597946074711301,finish,0.05,finish,0.75,0.26249999999999996,0.09257478492506138,0.2,0.32,0.1,0.49909532417794833,0.5
405,neutral,0,finish,0.10597946074711301,connect,0.05,connect,0.75,0.26249999999999996,0.09257478492506138,0.2,0.32,0.1,0.49909532417794833,0.5
405,neutral,1,finish,0.10597946074711301,understand,0.05,understand,0.75,0.26249999999999996,0.09257478492506138,0.2,0.02,0.1,0.49909532417794833,0.5
405,neutral,1,finish,0.10597946074711301,create,0.05,create,0.75,0.26249999999999996,0.09257478492506138,0.2,0.02,0.0,0.3990953241779483,0.5
405,neutral,1,finish,0.10597946074711301,explore,0.05,explore,0.75,0.26249999999999996,0.09257478492506138,0.2,0.02,0.0,0.3990953241779483,0.5
405,neutral,1,finish,0.08478356859769041,finish,0.05,finish,0.8,0.27999999999999997,0.08768809488150268,0.2,0.92,0.1,0.5329045262838121,0.4472135954999579
405,neutral,1,finish,0.10597946074711301,connect,0.05,connect,0.75,0.26249999999999996,0.09257478492506138,0.2,0.02,0.1,0.49909532417794833,0.5
405,neutral,2,finish,0.10597946074711301,understand,0.05,understand,0.75,0.26249999999999996,0.09257478492506138,0.2,0.02,0.1,0.49909532417794833,0.5
405,neutral,2,finish,0.10597946074711301,create,0.05,create,0.75,0.26249999999999996,0.09257478492506138,0.2,0.02,0.0,0.3990953241779483,0.5
405,neutral,2,finish,0.10597946074711301,explore,0.05,explore,0.75,0.26249999999999996,0.09257478492506138,0.2,0.02,0.0,0.3990953241779483,0.5
405,neutral,2,finish,0.06782685487815233,finish,0.05,finish,0.8333333333333334,0.2916666666666667,0.08408089014824681,0.2,0.92,0.1,0.5579207019367611,0.4082482904638631
405,neutral,2,finish,0.10597946074711301,connect,0.05,connect,0.75,0.26249999999999996,0.09257478492506138,0.2,0.02,0.1,0.49909532417794833,0.5
405,neutral,3,finish,0.10597946074711301,understand,0.05,understand,0.75,0.26249999999999996,0.09257478492506138,0.2,0.02,0.1,0.49909532417794833,0.5
405,neutral,3,finish,0.10597946074711301,create,0.05,create,0.75,0.26249999999999996,0.09257478492506138,0.2,0.02,0.0,0.3990953241779483,0.5
405,neutral,3,finish,0.10597946074711301,explore,0.05,explore,0.75,0.26249999999999996,0.09257478492506138,0.2,0.02,0.0,0.3990953241779483,0.5
405,neutral,3,finish,0.054261483902521876,finish,0.05,finish,0.8571428571428571,0.3,0.08127737226067407,0.2,0.92,0.1,0.5770158883581522,0.3779644730092272
405,neutral,3,finish,0.10597946074711301,connect,0.05,connect,0.75,0.26249999999999996,0.09257478492506138,0.2,0.02,0.1,0.49909532417794833,0.5
405,neutral,4,finish,0.10597946074711301,understand,0.05,understand,0.75,0.26249999999999996,0.09257478492506138,0.2,0.02,0.1,0.49909532417794833,0.5
405,neutral,4,finish,0.10597946074711301,create,0.05,create,0.75,0.26249999999999996,0.09257478492506138,0.2,0.02,0.0,0.3990953241779483,0.5
405,neutral,4,finish,0.10597946074711301,explore,0.05,explore,0.75,0.26249999999999996,0.09257478492506138,0.2,0.02,0.0,0.3990953241779483,0.5
405,neutral,4,finish,0.043409187122017495,finish,0.05,finish,0.875,0.30624999999999997,0.07901752155622922,0.2,0.92,0.1,0.5918583344342117,0.35355339059327373
405,neutral,4,finish,0.10597946074711301,connect,0.05,connect,0.75,0.26249999999999996,0.09257478492506138,0.2,0.02,0.1,0.49909532417794833,0.5
405,neutral,5,finish,0.10597946074711301,understand,0.05,understand,0.75,0.26249999999999996,0.09257478492506138,0.2,0.02,0.1,0.49909532417794833,0.5
405,neutral,5,finish,0.10597946074711301,create,0.05,create,0.75,0.26249999999999996,0.09257478492506138,0.2,0.02,0.0,0.3990953241779483,0.5
405,neutral,5,finish,0.10597946074711301,explore,0.05,explore,0.75,0.26249999999999996,0.09257478492506138,0.2,0.02,0.0,0.3990953241779483,0.5
405,neutral,5,finish,0.034727349697614,finish,0.05,finish,0.8888888888888888,0.31111111111111106,0.07714565410421781,0.2,0.92,0.1,0.6035294155177148,0.3333333333333333
405,neutral,5,finish,0.10597946074711301,connect,0.05,connect,0.75,0.26249999999999996,0.09257478492506138,0.2,0.02,0.1,0.49909532417794833,0.5
405,neutral,6,finish,0.10597946074711301,understand,0.05,understand,0.75,0.26249999999999996,0.09257478492506138,0.2,0.02,0.1,0.49909532417794833,0.5
405,neutral,6,finish,0.10597946074711301,create,0.05,create,0.75,0.26249999999999996,0.09257478492506138,0.2,0.02,0.0,0.3990953241779483,0.5
405,neutral,6,finish,0.10597946074711301,explore,0.05,explore,0.75,0.26249999999999996,0.09257478492506138,0.2,0.02,0.0,0.3990953241779483,0.5
405,neutral,6,finish,0.0277818797580912,finish,0.05,finish,0.9,0.315,0.0755621098888721,0.2,0.92,0.1,0.6127802301307809,0.31622776601683794
405,neutral,6,finish,0.10597946074711301,connect,0.05,connect,0.75,0.26249999999999996,0.09257478492506138,0.2,0.02,0.1,0.49909532417794833,0.5
405,neutral,7,finish,0.10597946074711301,understand,0.05,understand,0.75,0.26249999999999996,0.09257478492506138,0.2,0.02,0.1,0.49909532417794833,0.5
405,neutral,7,finish,0.10597946074711301,create,0.05,create,0.75,0.26249999999999996,0.09257478492506138,0.2,0.02,0.0,0.3990953241779483,0.5
405,neutral,7,finish,0.10597946074711301,explore,0.05,explore,0.75,0.26249999999999996,0.09257478492506138,0.2,0.02,0.0,0.3990953241779483,0.5
405,neutral,7,finish,0.022225503806472962,finish,0.05,finish,0.9090909090909091,0.3181818181818182,0.07419974033928323,0.2,0.92,0.1,0.6201560547146284,0.30151134457776363
405,neutral,7,finish,0.10597946074711301,connect,0.05,connect,0.75,0.26249999999999996,0.09257478492506138,0.2,0.02,0.1,0.49909532417794833,0.5
405,neutral,8,finish,0.10597946074711301,understand,0.05,understand,0.75,0.26249999999999996,0.09257478492506138,0.2,0.02,0.1,0.49909532417794833,0.5
405,neutral,8,finish,0.10597946074711301,create,0.05,create,0.75,0.26249999999999996,0.09257478492506138,0.2,0.02,0.0,0.3990953241779483,0.5
405,neutral,8,finish,0.10597946074711301,explore,0.05,explore,0.75,0.26249999999999996,0.09257478492506138,0.2,0.02,0.0,0.3990953241779483,0.5
405,neutral,8,finish,0.017780403045178368,finish,0.05,finish,0.9166666666666666,0.3208333333333333,0.07301143096085864,0.2,0.92,0.1,0.6260643612490134,0.2886751345948129
405,neutral,8,finish,0.10597946074711301,connect,0.05,connect,0.75,0.26249999999999996,0.09257478492506138,0.2,0.02,0.1,0.49909532417794833,0.5
405,neutral,9,finish,0.10597946074711301,understand,0.05,understand,0.75,0.26249999999999996,0.09257478492506138,0.2,0.02,0.1,0.49909532417794833,0.5
405,neutral,9,finish,0.10597946074711301,create,0.05,create,0.75,0.26249999999999996,0.09257478492506138,0.2,0.02,0.0,0.3990953241779483,0.5
405,neutral,9,finish,0.10597946074711301,explore,0.05,explore,0.75,0.26249999999999996,0.09257478492506138,0.2,0.02,0.0,0.3990953241779483,0.5
405,neutral,9,finish,0.014224322436142696,finish,0.05,finish,0.9230769230769231,0.3230769230769231,0.07196301814425066,0.2,0.92,0.1,0.630815618785031,0.2773500981126146
405,neutral,9,finish,0.10597946074711301,connect,0.05,connect,0.75,0.26249999999999996,0.09257478492506138,0.2,0.02,0.1,0.49909532417794833,0.5
405,no-aversion,0,finish,0.0,understand,0.05,understand,0.75,0.26249999999999996,0.09257478492506138,0.2547464806316465,0.02,0.1,0.6598212655567078,0.5
405,no-aversion,0,finish,0.0,create,0.05,create,0.75,0.26249999999999996,0.09257478492506138,0.08567641847791113,0.02,0.0,0.3907512034029725,0.5
405,no-aversion,0,finish,0.0,explore,0.05,explore,0.75,0.26249999999999996,0.09257478492506138,0.15137440249005057,0.02,0.0,0.4564491874151119,0.5
405,no-aversion,0,finish,0.0,finish,0.05,finish,0.75,0.26249999999999996,0.09257478492506138,0.2977834338374589,0.92,0.1,0.7028582187625202,0.5
405,no-aversion,0,finish,0.0,connect,0.05,connect,0.75,0.26249999999999996,0.09257478492506138,0.2104192645629328,0.02,0.1,0.615494049487994,0.5
405,no-aversion,1,finish,0.0,understand,0.05,understand,0.75,0.26249999999999996,0.09257478492506138,0.2514078449747315,0.02,0.1,0.6564826298997927,0.5
405,no-aversion,1,finish,0.0,create,0.05,create,0.75,0.26249999999999996,0.09257478492506138,0.08720828616833111,0.02,0.0,0.39228307109339244,0.5
405,no-aversion,1,finish,0.0,explore,0.05,explore,0.75,0.26249999999999996,0.09257478492506138,0.15101366869344132,0.02,0.0,0.45608845361850264,0.5
405,no-aversion,1,finish,0.0,finish,0.05,finish,0.8,0.27999999999999997,0.08768809488150268,0.3020126103840364,0.92,0.1,0.719700705265539,0.4472135954999579
405,no-aversion,1,finish,0.0,connect,0.05,connect,0.75,0.26249999999999996,0.09257478492506138,0.20835758977945973,0.02,0.1,0.613432374704521,0.5
405,no-aversion,2,finish,0.0,understand,0.05,understand,0.75,0.26249999999999996,0.09257478492506138,0.24813422610550623,0.02,0.1,0.6532090110305674,0.5
405,no-aversion,2,finish,0.0,create,0.05,create,0.75,0.26249999999999996,0.09257478492506138,0.08868521519618015,0.02,0.0,0.3937600001212415,0.5
405,no-aversion,2,finish,0.0,explore,0.05,explore,0.75,0.26249999999999996,0.09257478492506138,0.15064460904762975,0.02,0.0,0.4557193939726912,0.5
405,no-aversion,2,finish,0.0,finish,0.05,finish,0.8333333333333334,0.2916666666666667,0.08408089014824681,0.3062064680900369,0.92,0.1,0.7319540249049503,0.4082482904638631
405,no-aversion,2,finish,0.0,connect,0.05,connect,0.75,0.26249999999999996,0.09257478492506138,0.20632948156064698,0.02,0.1,0.6114042664857083,0.5
405,no-aversion,3,finish,0.0,understand,0.05,understand,0.75,0.26249999999999996,0.09257478492506138,0.2449248271560809,0.02,0.1,0.6499996120811421,0.5
405,no-aversion,3,finish,0.0,create,0.05,create,0.75,0.26249999999999996,0.09257478492506138,0.09010851665966693,0.02,0.0,0.39518330158472825,0.5
405,no-aversion,3,finish,0.0,explore,0.05,explore,0.75,0.26249999999999996,0.09257478492506138,0.1502677155281409,0.02,0.0,0.4553425004532022,0.5
405,no-aversion,3,finish,0.0,finish,0.05,finish,0.8571428571428571,0.3,0.08127737226067407,0.31036424494562864,0.92,0.1,0.7416416172063026,0.3779644730092272
405,no-aversion,3,finish,0.0,connect,0.05,connect,0.75,0.26249999999999996,0.09257478492506138,0.20433469571048252,0.02,0.1,0.6094094806355438,0.5
405,no-aversion,4,finish,0.0,understand,0.05,understand,0.75,0.26249999999999996,0.09257478492506138,0.2417788453387854,0.02,0.1,0.6468536302638467,0.5
405,no-aversion,4,finish,0.0,create,0.05,create,0.75,0.26249999999999996,0.09257478492506138,0.09147949032080947,0.02,0.0,0.39655427524587084,0.5
405,no-aversion,4,finish,0.0,explore,0.05,explore,0.75,0.26249999999999996,0.09257478492506138,0.14988347087904155,0.02,0.0,0.4549582558041028,0.5
405,no-aversion,4,finish,0.0,finish,0.05,finish,0.875,0.30624999999999997,0.07901752155622922,0.3144852127682778,0.92,0.1,0.7497527343245068,0.35355339059327373
405,no-aversion,4,finish,0.0,connect,0.05,connect,0.75,0.26249999999999996,0.09257478492506138,0.20237298069308574,0.02,0.1,0.6074477656181471,0.5
405,no-aversion,5,finish,0.0,understand,0.05,understand,0.75,0.26249999999999996,0.09257478492506138,0.23869547240653516,0.02,0.1,0.6437702573315963,0.5
405,no-aversion,5,finish,0.0,create,0.05,create,0.75,0.26249999999999996,0.09257478492506138,0.09279942397883277,0.02,0.0,0.39787420890389413,0.5
405,no-aversion,5,finish,0.0,explore,0.05,explore,0.75,0.26249999999999996,0.09257478492506138,0.14949234840871678,0.02,0.0,0.45456713333377813,0.5
405,no-aversion,5,finish,0.0,finish,0.05,finish,0.8888888888888888,0.31111111111111106,0.07714565410421781,0.3185686773978259,0.92,0.1,0.7568254426131547,0.3333333333333333
405,no-aversion,5,finish,0.0,connect,0.05,connect,0.75,0.26249999999999996,0.09257478492506138,0.20044407780808943,0.02,0.1,0.6055188627331507,0.5
405,no-aversion,6,finish,0.0,understand,0.05,understand,0.75,0.26249999999999996,0.09257478492506138,0.23567389512272285,0.02,0.1,0.6407486800477841,0.5
405,no-aversion,6,finish,0.0,create,0.05,create,0.75,0.26249999999999996,0.09257478492506138,0.09406959286477265,0.02,0.0,0.399144377789834,0.5
405,no-aversion,6,finish,0.0,explore,0.05,explore,0.75,0.26249999999999996,0.09257478492506138,0.14909481180231376,0.02,0.0,0.45416959672737517,0.5
405,no-aversion,6,finish,0.0,finish,0.05,finish,0.9,0.315,0.0755621098888721,0.32261397883158105,0.92,0.1,0.7631760887204532,0.31622776601683794
405,no-aversion,6,finish,0.0,connect,0.05,connect,0.75,0.26249999999999996,0.09257478492506138,0.19854772137860965,0.02,0.1,0.603622506303671,0.5
405,no-aversion,7,finish,0.0,understand,0.05,understand,0.75,0.26249999999999996,0.09257478492506138,0.23271329573913194,0.02,0.1,0.6377880806641932,0.5
405,no-aversion,7,finish,0.0,create,0.05,create,0.75,0.26249999999999996,0.09257478492506138,0.09529125905835671,0.02,0.0,0.4003660439834181,0.5
405,no-aversion,7,finish,0.0,explore,0.05,explore,0.75,0.26249999999999996,0.09257478492506138,0.1486913149509235,0.02,0.0,0.45376609987598476,0.5
405,no-aversion,7,finish,0.0,finish,0.05,finish,0.9090909090909091,0.3181818181818182,0.07419974033928323,0.32662049130061277,0.92,0.1,0.769002049821714,0.30151134457776363
405,no-aversion,7,finish,0.0,connect,0.05,connect,0.75,0.26249999999999996,0.09257478492506138,0.19668363895097515,0.02,0.1,0.6017584238760364,0.5
405,no-aversion,8,finish,0.0,understand,0.05,understand,0.75,0.26249999999999996,0.09257478492506138,0.22981285248038966,0.02,0.1,0.634887637405451,0.5
405,no-aversion,8,finish,0.0,create,0.05,create,0.75,0.26249999999999996,0.09257478492506138,0.09646567092813055,0.02,0.0,0.40154045585319187,0.5
405,no-aversion,8,finish,0.0,explore,0.05,explore,0.75,0.26249999999999996,0.09257478492506138,0.1482823017975161,0.02,0.0,0.4533570867225774,0.5
405,no-aversion,8,finish,0.0,finish,0.05,finish,0.9166666666666666,0.3208333333333333,0.07301143096085864,0.33058762328858754,0.92,0.1,0.7744323875827794,0.2886751345948129
405,no-aversion,8,finish,0.0,connect,0.05,connect,0.75,0.26249999999999996,0.09257478492506138,0.19485155150537614,0.02,0.1,0.5999263364304375,0.5
405,no-aversion,9,finish,0.0,understand,0.05,understand,0.75,0.26249999999999996,0.09257478492506138,0.22697174003350615,0.02,0.1,0.6320465249585675,0.5
405,no-aversion,9,finish,0.0,create,0.05,create,0.75,0.26249999999999996,0.09257478492506138,0.0975940625956953,0.02,0.0,0.40266884752075666,0.5
405,no-aversion,9,finish,0.0,explore,0.05,explore,0.75,0.26249999999999996,0.09257478492506138,0.14786820619959437,0.02,0.0,0.4529429911246557,0.5
405,no-aversion,9,finish,0.0,finish,0.05,finish,0.9230769230769231,0.3230769230769231,0.07196301814425066,0.33451481749461687,0.92,0.1,0.7795547587157905,0.2773500981126146
405,no-aversion,9,finish,0.0,connect,0.05,connect,0.75,0.26249999999999996,0.09257478492506138,0.19305117367658725,0.02,0.1,0.5981259586016486,0.5
405,no-dream,0,finish,0.10597946074711301,understand,0.05,understand,0.75,0.26249999999999996,0.09257478492506138,0.2547464806316465,0.02,0.1,0.5538418048095949,0.5
405,no-dream,0,finish,0.10597946074711301,create,0.05,create,0.75,0.26249999999999996,0.09257478492506138,0.08567641847791113,0.02,0.0,0.28477174265585947,0.5
405,no-dream,0,finish,0.10597946074711301,explore,0.05,explore,0.75,0.26249999999999996,0.09257478492506138,0.15137440249005057,0.02,0.0,0.3504697266679989,0.5
405,no-dream,0,finish,0.10597946074711301,finish,0.05,finish,0.75,0.26249999999999996,0.09257478492506138,0.2977834338374589,0.92,0.1,0.5968787580154072,0.5
405,no-dream,0,finish,0.10597946074711301,connect,0.05,connect,0.75,0.26249999999999996,0.09257478492506138,0.2104192645629328,0.02,0.1,0.5095145887408811,0.5
405,no-dream,1,finish,0.10597946074711301,understand,0.05,understand,0.75,0.26249999999999996,0.09257478492506138,0.2514078449747315,0.02,0.1,0.5505031691526797,0.5
405,no-dream,1,finish,0.10597946074711301,create,0.05,create,0.75,0.26249999999999996,0.09257478492506138,0.08720828616833111,0.02,0.0,0.28630361034627944,0.5
405,no-dream,1,finish,0.10597946074711301,explore,0.05,explore,0.75,0.26249999999999996,0.09257478492506138,0.15101366869344132,0.02,0.0,0.35010899287138963,0.5
405,no-dream,1,finish,0.08478356859769041,finish,0.05,finish,0.8,0.27999999999999997,0.08768809488150268,0.3020126103840364,0.92,0.1,0.6349171366678485,0.4472135954999579
405,no-dream,1,finish,0.10597946074711301,connect,0.05,connect,0.75,0.26249999999999996,0.09257478492506138,0.20835758977945973,0.02,0.1,0.5074529139574081,0.5
405,no-dream,2,finish,0.10597946074711301,understand,0.05,understand,0.75,0.26249999999999996,0.09257478492506138,0.24813422610550623,0.02,0.1,0.5472295502834544,0.5
405,no-dream,2,finish,0.10597946074711301,create,0.05,create,0.75,0.26249999999999996,0.09257478492506138,0.08868521519618015,0.02,0.0,0.2877805393741285,0.5
405,no-dream,2,finish,0.10597946074711301,explore,0.05,explore,0.75,0.26249999999999996,0.09257478492506138,0.15064460904762975,0.02,0.0,0.34973993322557817,0.5
405,no-dream,2,finish,0.06782685487815233,finish,0.05,finish,0.8333333333333334,0.2916666666666667,0.08408089014824681,0.3062064680900369,0.92,0.1,0.664127170026798,0.4082482904638631
405,no-dream,2,finish,0.10597946074711301,connect,0.05,connect,0.75,0.26249999999999996,0.09257478492506138,0.20632948156064698,0.02,0.1,0.5054248057385954,0.5
405,no-dream,3,finish,0.10597946074711301,understand,0.05,understand,0.75,0.26249999999999996,0.09257478492506138,0.2449248271560809,0.02,0.1,0.5440201513340291,0.5
405,no-dream,3,finish,0.10597946074711301,create,0.05,create,0.75,0.26249999999999996,0.09257478492506138,0.09010851665966693,0.02,0.0,0.28920384083761524,0.5
405,no-dream,3,finish,0.10597946074711301,explore,0.05,explore,0.75,0.26249999999999996,0.09257478492506138,0.1502677155281409,0.02,0.0,0.3493630397060892,0.5
405,no-dream,3,finish,0.054261483902521876,finish,0.05,finish,0.8571428571428571,0.3,0.08127737226067407,0.31036424494562864,0.92,0.1,0.6873801333037808,0.3779644730092272
405,no-dream,3,finish,0.10597946074711301,connect,0.05,connect,0.75,0.26249999999999996,0.09257478492506138,0.20433469571048252,0.02,0.1,0.5034300198884308,0.5
405,no-dream,4,finish,0.10597946074711301,understand,0.05,understand,0.75,0.26249999999999996,0.09257478492506138,0.2417788453387854,0.02,0.1,0.5408741695167337,0.5
405,no-dream,4,finish,0.10597946074711301,create,0.05,create,0.75,0.26249999999999996,0.09257478492506138,0.09147949032080947,0.02,0.0,0.2905748144987578,0.5
405,no-dream,4,finish,0.10597946074711301,explore,0.05,explore,0.75,0.26249999999999996,0.09257478492506138,0.14988347087904155,0.02,0.0,0.3489787950569898,0.5
405,no-dream,4,finish,0.043409187122017495,finish,0.05,finish,0.875,0.30624999999999997,0.07901752155622922,0.3144852127682778,0.92,0.1,0.7063435472024894,0.35355339059327373
405,no-dream,4,finish,0.10597946074711301,connect,0.05,connect,0.75,0.26249999999999996,0.09257478492506138,0.20237298069308574,0.02,0.1,0.5014683048710341,0.5
405,no-dream,5,finish,0.10597946074711301,understand,0.05,understand,0.75,0.26249999999999996,0.09257478492506138,0.23869547240653516,0.02,0.1,0.5377907965844834,0.5
405,no-dream,5,finish,0.10597946074711301,create,0.05,create,0.75,0.26249999999999996,0.09257478492506138,0.09279942397883277,0.02,0.0,0.2918947481567811,0.5
405,no-dream,5,finish,0.10597946074711301,explore,0.05,explore,0.75,0.26249999999999996,0.09257478492506138,0.14949234840871678,0.02,0.0,0.3485876725866651,0.5
405,no-dream,5,finish,0.034727349697614,finish,0.05,finish,0.8888888888888888,0.31111111111111106,0.07714565410421781,0.3185686773978259,0.92,0.1,0.7220980929155406,0.3333333333333333
405,no-dream,5,finish,0.10597946074711301,connect,0.05,connect,0.75,0.26249999999999996,0.09257478492506138,0.20044407780808943,0.02,0.1,0.49953940198603775,0.5
405,no-dream,6,finish,0.10597946074711301,understand,0.05,understand,0.75,0.26249999999999996,0.09257478492506138,0.23567389512272285,0.02,0.1,0.5347692193006711,0.5
405,no-dream,6,finish,0.10597946074711301,create,0.05,create,0.75,0.26249999999999996,0.09257478492506138,0.09406959286477265,0.02,0.0,0.293164917042721,0.5
405,no-dream,6,finish,0.10597946074711301,explore,0.05,explore,0.75,0.26249999999999996,0.09257478492506138,0.14909481180231376,0.02,0.0,0.34819013598026216,0.5
405,no-dream,6,finish,0.0277818797580912,finish,0.05,finish,0.9,0.315,0.0755621098888721,0.32261397883158105,0.92,0.1,0.735394208962362,0.31622776601683794
405,no-dream,6,finish,0.10597946074711301,connect,0.05,connect,0.75,0.26249999999999996,0.09257478492506138,0.19854772137860965,0.02,0.1,0.49764304555655803,0.5
405,no-dream,7,finish,0.10597946074711301,understand,0.05,understand,0.75,0.26249999999999996,0.09257478492506138,0.23271329573913194,0.02,0.1,0.5318086199170803,0.5
405,no-dream,7,finish,0.10597946074711301,create,0.05,create,0.75,0.26249999999999996,0.09257478492506138,0.09529125905835671,0.02,0.0,0.29438658323630507,0.5
405,no-dream,7,finish,0.10597946074711301,explore,0.05,explore,0.75,0.26249999999999996,0.09257478492506138,0.1486913149509235,0.02,0.0,0.34778663912887176,0.5
405,no-dream,7,finish,0.022225503806472962,finish,0.05,finish,0.9090909090909091,0.3181818181818182,0.07419974033928323,0.32662049130061277,0.92,0.1,0.7467765460152411,0.30151134457776363
405,no-dream,7,finish,0.10597946074711301,connect,0.05,connect,0.75,0.26249999999999996,0.09257478492506138,0.19668363895097515,0.02,0.1,0.49577896312892344,0.5
405,no-dream,8,finish,0.10597946074711301,understand,0.05,understand,0.75,0.26249999999999996,0.09257478492506138,0.22981285248038966,0.02,0.1,0.528908176658338,0.5
405,no-dream,8,finish,0.10597946074711301,create,0.05,create,0.75,0.26249999999999996,0.09257478492506138,0.09646567092813055,0.02,0.0,0.29556099510607886,0.5
405,no-dream,8,finish,0.10597946074711301,explore,0.05,explore,0.75,0.26249999999999996,0.09257478492506138,0.1482823017975161,0.02,0.0,0.3473776259754644,0.5
405,no-dream,8,finish,0.017780403045178368,finish,0.05,finish,0.9166666666666666,0.3208333333333333,0.07301143096085864,0.33058762328858754,0.92,0.1,0.7566519845376011,0.2886751345948129
405,no-dream,8,finish,0.10597946074711301,connect,0.05,connect,0.75,0.26249999999999996,0.09257478492506138,0.19485155150537614,0.02,0.1,0.4939468756833244,0.5
405,no-dream,9,finish,0.10597946074711301,understand,0.05,understand,0.75,0.26249999999999996,0.09257478492506138,0.22697174003350615,0.02,0.1,0.5260670642114545,0.5
405,no-dream,9,finish,0.10597946074711301,create,0.05,create,0.75,0.26249999999999996,0.09257478492506138,0.0975940625956953,0.02,0.0,0.29668938677364365,0.5
405,no-dream,9,finish,0.10597946074711301,explore,0.05,explore,0.75,0.26249999999999996,0.09257478492506138,0.14786820619959437,0.02,0.0,0.3469635303775427,0.5
405,no-dream,9,finish,0.014224322436142696,finish,0.05,finish,0.9230769230769231,0.3230769230769231,0.07196301814425066,0.33451481749461687,0.92,0.1,0.7653304362796478,0.2773500981126146
405,no-dream,9,finish,0.10597946074711301,connect,0.05,connect,0.75,0.26249999999999996,0.09257478492506138,0.19305117367658725,0.02,0.1,0.49214649785453557,0.5
405,restarted,0,finish,0.10597946074711301,understand,0.05,understand,0.75,0.26249999999999996,0.09257478492506138,0.2547464806316465,0.02,0.1,0.5538418048095949,0.5
405,restarted,0,finish,0.10597946074711301,create,0.05,create,0.75,0.26249999999999996,0.09257478492506138,0.08567641847791113,0.02,0.0,0.28477174265585947,0.5
405,restarted,0,finish,0.10597946074711301,explore,0.05,explore,0.75,0.26249999999999996,0.09257478492506138,0.15137440249005057,0.02,0.0,0.3504697266679989,0.5
405,restarted,0,finish,0.10597946074711301,finish,0.05,finish,0.75,0.26249999999999996,0.09257478492506138,0.2977834338374589,0.92,0.1,0.5968787580154072,0.5
405,restarted,0,finish,0.10597946074711301,connect,0.05,connect,0.75,0.26249999999999996,0.09257478492506138,0.2104192645629328,0.02,0.1,0.5095145887408811,0.5
405,restarted,1,finish,0.10597946074711301,understand,0.05,understand,0.75,0.26249999999999996,0.09257478492506138,0.2514078449747315,0.02,0.1,0.5505031691526797,0.5
405,restarted,1,finish,0.10597946074711301,create,0.05,create,0.75,0.26249999999999996,0.09257478492506138,0.08720828616833111,0.02,0.0,0.28630361034627944,0.5
405,restarted,1,finish,0.10597946074711301,explore,0.05,explore,0.75,0.26249999999999996,0.09257478492506138,0.15101366869344132,0.02,0.0,0.35010899287138963,0.5
405,restarted,1,finish,0.08478356859769041,finish,0.05,finish,0.8,0.27999999999999997,0.08768809488150268,0.3020126103840364,0.92,0.1,0.6349171366678485,0.4472135954999579
405,restarted,1,finish,0.10597946074711301,connect,0.05,connect,0.75,0.26249999999999996,0.09257478492506138,0.20835758977945973,0.02,0.1,0.5074529139574081,0.5
405,restarted,2,finish,0.10597946074711301,understand,0.05,understand,0.75,0.26249999999999996,0.09257478492506138,0.24813422610550623,0.02,0.1,0.5472295502834544,0.5
405,restarted,2,finish,0.10597946074711301,create,0.05,create,0.75,0.26249999999999996,0.09257478492506138,0.08868521519618015,0.02,0.0,0.2877805393741285,0.5
405,restarted,2,finish,0.10597946074711301,explore,0.05,explore,0.75,0.26249999999999996,0.09257478492506138,0.15064460904762975,0.02,0.0,0.34973993322557817,0.5
405,restarted,2,finish,0.06782685487815233,finish,0.05,finish,0.8333333333333334,0.2916666666666667,0.08408089014824681,0.3062064680900369,0.92,0.1,0.664127170026798,0.4082482904638631
405,restarted,2,finish,0.10597946074711301,connect,0.05,connect,0.75,0.26249999999999996,0.09257478492506138,0.20632948156064698,0.02,0.1,0.5054248057385954,0.5
405,restarted,3,finish,0.10597946074711301,understand,0.05,understand,0.75,0.26249999999999996,0.09257478492506138,0.2449248271560809,0.02,0.1,0.5440201513340291,0.5
405,restarted,3,finish,0.10597946074711301,create,0.05,create,0.75,0.26249999999999996,0.09257478492506138,0.09010851665966693,0.02,0.0,0.28920384083761524,0.5
405,restarted,3,finish,0.10597946074711301,explore,0.05,explore,0.75,0.26249999999999996,0.09257478492506138,0.1502677155281409,0.02,0.0,0.3493630397060892,0.5
405,restarted,3,finish,0.054261483902521876,finish,0.05,finish,0.8571428571428571,0.3,0.08127737226067407,0.31036424494562864,0.92,0.1,0.6873801333037808,0.3779644730092272
405,restarted,3,finish,0.10597946074711301,connect,0.05,connect,0.75,0.26249999999999996,0.09257478492506138,0.20433469571048252,0.02,0.1,0.5034300198884308,0.5
405,restarted,4,finish,0.10597946074711301,understand,0.05,understand,0.75,0.26249999999999996,0.09257478492506138,0.2417788453387854,0.02,0.1,0.5408741695167337,0.5
405,restarted,4,finish,0.10597946074711301,create,0.05,create,0.75,0.26249999999999996,0.09257478492506138,0.09147949032080947,0.02,0.0,0.2905748144987578,0.5
405,restarted,4,finish,0.10597946074711301,explore,0.05,explore,0.75,0.26249999999999996,0.09257478492506138,0.14988347087904155,0.02,0.0,0.3489787950569898,0.5
405,restarted,4,finish,0.043409187122017495,finish,0.05,finish,0.875,0.30624999999999997,0.07901752155622922,0.3144852127682778,0.92,0.1,0.7063435472024894,0.35355339059327373
405,restarted,4,finish,0.10597946074711301,connect,0.05,connect,0.75,0.26249999999999996,0.09257478492506138,0.20237298069308574,0.02,0.1,0.5014683048710341,0.5
405,restarted,5,finish,0.10597946074711301,understand,0.05,understand,0.75,0.26249999999999996,0.09257478492506138,0.23869547240653516,0.02,0.1,0.5377907965844834,0.5
405,restarted,5,finish,0.10597946074711301,create,0.05,create,0.75,0.26249999999999996,0.09257478492506138,0.09279942397883277,0.02,0.0,0.2918947481567811,0.5
405,restarted,5,finish,0.10597946074711301,explore,0.05,explore,0.75,0.26249999999999996,0.09257478492506138,0.14949234840871678,0.02,0.0,0.3485876725866651,0.5
405,restarted,5,finish,0.034727349697614,finish,0.05,finish,0.8888888888888888,0.31111111111111106,0.07714565410421781,0.3185686773978259,0.92,0.1,0.7220980929155406,0.3333333333333333
405,restarted,5,finish,0.10597946074711301,connect,0.05,connect,0.75,0.26249999999999996,0.09257478492506138,0.20044407780808943,0.02,0.1,0.49953940198603775,0.5
405,restarted,6,finish,0.10597946074711301,understand,0.05,understand,0.75,0.26249999999999996,0.09257478492506138,0.23567389512272285,0.02,0.1,0.5347692193006711,0.5
405,restarted,6,finish,0.10597946074711301,create,0.05,create,0.75,0.26249999999999996,0.09257478492506138,0.09406959286477265,0.02,0.0,0.293164917042721,0.5
405,restarted,6,finish,0.10597946074711301,explore,0.05,explore,0.75,0.26249999999999996,0.09257478492506138,0.14909481180231376,0.02,0.0,0.34819013598026216,0.5
405,restarted,6,finish,0.0277818797580912,finish,0.05,finish,0.9,0.315,0.0755621098888721,0.32261397883158105,0.92,0.1,0.735394208962362,0.31622776601683794
405,restarted,6,finish,0.10597946074711301,connect,0.05,connect,0.75,0.26249999999999996,0.09257478492506138,0.19854772137860965,0.02,0.1,0.49764304555655803,0.5
405,restarted,7,finish,0.10597946074711301,understand,0.05,understand,0.75,0.26249999999999996,0.09257478492506138,0.23271329573913194,0.02,0.1,0.5318086199170803,0.5
405,restarted,7,finish,0.10597946074711301,create,0.05,create,0.75,0.26249999999999996,0.09257478492506138,0.09529125905835671,0.02,0.0,0.29438658323630507,0.5
405,restarted,7,finish,0.10597946074711301,explore,0.05,explore,0.75,0.26249999999999996,0.09257478492506138,0.1486913149509235,0.02,0.0,0.34778663912887176,0.5
405,restarted,7,finish,0.022225503806472962,finish,0.05,finish,0.9090909090909091,0.3181818181818182,0.07419974033928323,0.32662049130061277,0.92,0.1,0.7467765460152411,0.30151134457776363
405,restarted,7,finish,0.10597946074711301,connect,0.05,connect,0.75,0.26249999999999996,0.09257478492506138,0.19668363895097515,0.02,0.1,0.49577896312892344,0.5
405,restarted,8,finish,0.10597946074711301,understand,0.05,understand,0.75,0.26249999999999996,0.09257478492506138,0.22981285248038966,0.02,0.1,0.528908176658338,0.5
405,restarted,8,finish,0.10597946074711301,create,0.05,create,0.75,0.26249999999999996,0.09257478492506138,0.09646567092813055,0.02,0.0,0.29556099510607886,0.5
405,restarted,8,finish,0.10597946074711301,explore,0.05,explore,0.75,0.26249999999999996,0.09257478492506138,0.1482823017975161,0.02,0.0,0.3473776259754644,0.5
405,restarted,8,finish,0.017780403045178368,finish,0.05,finish,0.9166666666666666,0.3208333333333333,0.07301143096085864,0.33058762328858754,0.92,0.1,0.7566519845376011,0.2886751345948129
405,restarted,8,finish,0.10597946074711301,connect,0.05,connect,0.75,0.26249999999999996,0.09257478492506138,0.19485155150537614,0.02,0.1,0.4939468756833244,0.5
405,restarted,9,finish,0.10597946074711301,understand,0.05,understand,0.75,0.26249999999999996,0.09257478492506138,0.22697174003350615,0.02,0.1,0.5260670642114545,0.5
405,restarted,9,finish,0.10597946074711301,create,0.05,create,0.75,0.26249999999999996,0.09257478492506138,0.0975940625956953,0.02,0.0,0.29668938677364365,0.5
405,restarted,9,finish,0.10597946074711301,explore,0.05,explore,0.75,0.26249999999999996,0.09257478492506138,0.14786820619959437,0.02,0.0,0.3469635303775427,0.5
405,restarted,9,finish,0.014224322436142696,finish,0.05,finish,0.9230769230769231,0.3230769230769231,0.07196301814425066,0.33451481749461687,0.92,0.1,0.7653304362796478,0.2773500981126146
405,restarted,9,finish,0.10597946074711301,connect,0.05,connect,0.75,0.26249999999999996,0.09257478492506138,0.19305117367658725,0.02,0.1,0.49214649785453557,0.5
406,updated,0,connect,0.04970762700114338,understand,0.05,understand,0.75,0.26249999999999996,0.309639563664739,0.1466335287143751,0.02,0.1,0.7190654653779706,0.5
406,updated,0,connect,0.04970762700114338,create,0.05,create,0.75,0.26249999999999996,0.309639563664739,0.2380637625621041,0.02,0.0,0.7104956992256996,0.5
406,updated,0,connect,0.04970762700114338,explore,0.05,explore,0.75,0.26249999999999996,0.309639563664739,0.15860163914421335,0.02,0.0,0.6310335758078088,0.5
406,updated,0,connect,0.04970762700114338,finish,0.05,finish,0.75,0.26249999999999996,0.309639563664739,0.17005597950328696,0.02,0.0,0.6424879161668825,0.5
406,updated,0,connect,0.04970762700114338,connect,0.05,connect,0.75,0.26249999999999996,0.309639563664739,0.28664509007602035,0.92,0.1,0.8590770267396158,0.5
406,updated,1,connect,0.04970762700114338,understand,0.05,understand,0.75,0.26249999999999996,0.309639563664739,0.15014036619582288,0.02,0.1,0.7225723028594183,0.5
406,updated,1,connect,0.04970762700114338,create,0.05,create,0.75,0.26249999999999996,0.309639563664739,0.24126309899115617,0.02,0.0,0.7136950356547517,0.5
406,updated,1,connect,0.04970762700114338,explore,0.05,explore,0.75,0.26249999999999996,0.309639563664739,0.16206822509837648,0.02,0.0,0.634500161761972,0.5
406,updated,1,connect,0.04970762700114338,finish,0.05,finish,0.75,0.26249999999999996,0.309639563664739,0.17348404185790664,0.02,0.0,0.6459159785215022,0.5
406,updated,1,connect,0.07704682185177222,connect,0.05,connect,0.6,0.21,0.29329480440791555,0.2730442678567378,0.92,0.1,0.7492922504128811,0.4472135954999579
406,updated,2,understand,0.04970762700114338,understand,0.05,understand,0.75,0.26249999999999996,0.309639563664739,0.15351497561046853,0.92,0.1,0.725946912274064,0.5
406,updated,2,understand,0.04970762700114338,create,0.05,create,0.75,0.26249999999999996,0.309639563664739,0.2442581482605466,0.02,0.0,0.7166900849241421,0.5
406,updated,2,understand,0.04970762700114338,explore,0.05,explore,0.75,0.26249999999999996,0.309639563664739,0.16539315053495485,0.02,0.0,0.6378250871985504,0.5
406,updated,2,understand,0.04970762700114338,finish,0.05,finish,0.75,0.26249999999999996,0.309639563664739,0.17676141616279115,0.02,0.0,0.6491933528263867,0.5
406,updated,2,understand,0.0989181777322753,connect,0.05,connect,0.5,0.175,0.2812296043584757,0.26007230943123893,0.02,0.1,0.6673837360574393,0.4082482904638631
406,updated,3,understand,0.039766101600914705,understand,0.05,understand,0.8,0.27999999999999997,0.29329480440791555,0.17036960034380222,0.92,0.1,0.753898303150803,0.4472135954999579
406,updated,3,understand,0.04970762700114338,create,0.05,create,0.75,0.26249999999999996,0.309639563664739,0.23877775632455608,0.02,0.0,0.7112096929881516,0.5
406,updated,3,understand,0.04970762700114338,explore,0.05,explore,0.75,0.26249999999999996,0.309639563664739,0.16297374589373445,0.02,0.0,0.63540568255733,0.5
406,updated,3,understand,0.04970762700114338,finish,0.05,finish,0.75,0.26249999999999996,0.309639563664739,0.17390077500785833,0.02,0.0,0.6463327116714539,0.5
406,updated,3,understand,0.0989181777322753,connect,0.05,connect,0.5,0.175,0.2812296043584757,0.2539781224300489,0.02,0.1,0.6612895490562493,0.4082482904638631
406,updated,4,understand,0.031812881280731765,understand,0.05,understand,0.8333333333333334,0.2916666666666667,0.2812296043584757,0.18824722204984415,0.92,0.1,0.7793306117942547,0.4082482904638631
406,updated,4,understand,0.04970762700114338,create,0.05,create,0.75,0.26249999999999996,0.309639563664739,0.23302736325321613,0.02,0.0,0.7054592999168117,0.5
406,updated,4,understand,0.04970762700114338,explore,0.05,explore,0.75,0.26249999999999996,0.309639563664739,0.16031877891844937,0.02,0.0,0.6327507155820449,0.5
406,updated,4,understand,0.04970762700114338,finish,0.05,finish,0.75,0.26249999999999996,0.309639563664739,0.17079960721971418,0.02,0.0,0.6432315438833097,0.5
406,updated,4,understand,0.0989181777322753,connect,0.05,connect,0.5,0.175,0.2812296043584757,0.2476070285587761,0.02,0.1,0.6549184551849765,0.4082482904638631
406,updated,5,finish,0.025450305024585416,understand,0.05,understand,0.8571428571428571,0.3,0.2718525363357196,0.20712792836626956,0.92,0.1,0.8035301596774036,0.3779644730092272
406,updated,5,finish,0.04970762700114338,create,0.05,create,0.75,0.26249999999999996,0.309639563664739,0.22701426660345575,0.02,0.0,0.6994462032670512,0.5
406,updated,5,finish,0.04970762700114338,explore,0.05,explore,0.75,0.26249999999999996,0.309639563664739,0.15742994232144578,0.02,0.0,0.6298618789850413,0.5
406,updated,5,finish,0.04970762700114338,finish,0.05,finish,0.75,0.26249999999999996,0.309639563664739,0.16746041344025359,0.02,0.0,0.6398923501038492,0.5
406,updated,5,finish,0.0989181777322753,connect,0.05,connect,0.5,0.175,0.2812296043584757,0.24096744926857533,0.02,0.1,0.6482788758947757,0.4082482904638631
406,updated,6,connect,0.025450305024585416,understand,0.05,understand,0.8571428571428571,0.3,0.2718525363357196,0.205955411569675,0.92,0.1,0.802357642880809,0.3779644730092272
406,updated,6,connect,0.04970762700114338,create,0.05,create,0.75,0.26249999999999996,0.309639563664739,0.2253451368229631,0.02,0.0,0.6977770734865586,0.5
406,updated,6,connect,0.04970762700114338,explore,0.05,explore,0.75,0.26249999999999996,0.309639563664739,0.15749851198577117,0.02,0.0,0.6299304486493666,0.5
406,updated,6,connect,0.039766101600914705,finish,0.05,finish,0.8,0.27999999999999997,0.29329480440791555,0.17225106697151077,0.02,0.0,0.6557797697785115,0.4472135954999579
406,updated,6,connect,0.0989181777322753,connect,0.05,connect,0.5,0.175,0.2812296043584757,0.23894987265007994,0.02,0.1,0.6462612992762803,0.4082482904638631
406,updated,7,explore,0.025450305024585416,understand,0.05,understand,0.8571428571428571,0.3,0.2718525363357196,0.2086845621510842,0.92,0.1,0.8050867934622182,0.3779644730092272
406,updated,7,explore,0.04970762700114338,create,0.05,create,0.75,0.26249999999999996,0.309639563664739,0.2279546429586305,0.02,0.0,0.700386579622226,0.5
406,updated,7,explore,0.04970762700114338,explore,0.05,explore,0.75,0.26249999999999996,0.309639563664739,0.16052666623109763,0.02,0.0,0.6329586028946932,0.5
406,updated,7,explore,0.039766101600914705,finish,0.05,finish,0.8,0.27999999999999997,0.29329480440791555,0.17518819046516396,0.02,0.0,0.6587168932721648,0.4472135954999579
406,updated,7,explore,0.11641526243667777,connect,0.05,connect,0.42857142857142855,0.15,0.2718525363357196,0.22764593819402376,0.02,0.1,0.5830832120930656,0.3779644730092272
406,updated,8,understand,0.025450305024585416,understand,0.05,understand,0.8571428571428571,0.3,0.2718525363357196,0.2122918438865926,0.92,0.1,0.8086940751977267,0.3779644730092272
406,updated,8,understand,0.04970762700114338,create,0.05,create,0.75,0.26249999999999996,0.309639563664739,0.23152566081044124,0.02,0.0,0.7039575974740367,0.5
406,updated,8,understand,0.10190063535234392,explore,0.05,explore,0.6,0.21,0.29329480440791555,0.14610645012755083,0.02,0.0,0.4975006191831224,0.4472135954999579
406,updated,8,understand,0.039766101600914705,finish,0.05,finish,0.8,0.27999999999999997,0.29329480440791555,0.17885850818579588,0.02,0.0,0.6623872109927966,0.4472135954999579
406,updated,8,understand,0.11641526243667777,connect,0.05,connect,0.42857142857142855,0.15,0.2718525363357196,0.23121753698961944,0.02,0.1,0.5866548108886612,0.3779644730092272
406,updated,9,understand,0.020360244019668332,understand,0.05,understand,0.875,0.30624999999999997,0.2642938994278598,0.23238950385362356,0.92,0.1,0.8325731592618151,0.35355339059327373
406,updated,9,understand,0.04970762700114338,create,0.05,create,0.75,0.26249999999999996,0.309639563664739,0.22491572296389922,0.02,0.0,0.6973476596274948,0.5
406,updated,9,understand,0.10190063535234392,explore,0.05,explore,0.6,0.21,0.29329480440791555,0.1434109488625684,0.02,0.0,0.49480511791813997,0.4472135954999579
406,updated,9,understand,0.039766101600914705,finish,0.05,finish,0.8,0.27999999999999997,0.29329480440791555,0.17466210503750632,0.02,0.0,0.6581908078445071,0.4472135954999579
406,updated,9,understand,0.11641526243667777,connect,0.05,connect,0.42857142857142855,0.15,0.2718525363357196,0.22462171928240243,0.02,0.1,0.5800589931814442,0.3779644730092272
406,frozen,0,connect,0.04970762700114338,understand,0.05,understand,0.75,0.26249999999999996,0.309639563664739,0.1466335287143751,0.02,0.1,0.7190654653779706,0.5
406,frozen,0,connect,0.04970762700114338,create,0.05,create,0.75,0.26249999999999996,0.309639563664739,0.2380637625621041,0.02,0.0,0.7104956992256996,0.5
406,frozen,0,connect,0.04970762700114338,explore,0.05,explore,0.75,0.26249999999999996,0.309639563664739,0.15860163914421335,0.02,0.0,0.6310335758078088,0.5
406,frozen,0,connect,0.04970762700114338,finish,0.05,finish,0.75,0.26249999999999996,0.309639563664739,0.17005597950328696,0.02,0.0,0.6424879161668825,0.5
406,frozen,0,connect,0.04970762700114338,connect,0.05,connect,0.75,0.26249999999999996,0.309639563664739,0.28664509007602035,0.92,0.1,0.8590770267396158,0.5
406,frozen,1,connect,0.04970762700114338,understand,0.05,understand,0.75,0.26249999999999996,0.309639563664739,0.1466335287143751,0.02,0.1,0.7190654653779706,0.5
406,frozen,1,connect,0.04970762700114338,create,0.05,create,0.75,0.26249999999999996,0.309639563664739,0.2380637625621041,0.02,0.0,0.7104956992256996,0.5
406,frozen,1,connect,0.04970762700114338,explore,0.05,explore,0.75,0.26249999999999996,0.309639563664739,0.15860163914421335,0.02,0.0,0.6310335758078088,0.5
406,frozen,1,connect,0.04970762700114338,finish,0.05,finish,0.75,0.26249999999999996,0.309639563664739,0.17005597950328696,0.02,0.0,0.6424879161668825,0.5
406,frozen,1,connect,0.04970762700114338,connect,0.05,connect,0.75,0.26249999999999996,0.309639563664739,0.28664509007602035,0.92,0.1,0.8590770267396158,0.5
406,frozen,2,connect,0.04970762700114338,understand,0.05,understand,0.75,0.26249999999999996,0.309639563664739,0.1466335287143751,0.02,0.1,0.7190654653779706,0.5
406,frozen,2,connect,0.04970762700114338,create,0.05,create,0.75,0.26249999999999996,0.309639563664739,0.2380637625621041,0.02,0.0,0.7104956992256996,0.5
406,frozen,2,connect,0.04970762700114338,explore,0.05,explore,0.75,0.26249999999999996,0.309639563664739,0.15860163914421335,0.02,0.0,0.6310335758078088,0.5
406,frozen,2,connect,0.04970762700114338,finish,0.05,finish,0.75,0.26249999999999996,0.309639563664739,0.17005597950328696,0.02,0.0,0.6424879161668825,0.5
406,frozen,2,connect,0.04970762700114338,connect,0.05,connect,0.75,0.26249999999999996,0.309639563664739,0.28664509007602035,0.92,0.1,0.8590770267396158,0.5
406,frozen,3,connect,0.04970762700114338,understand,0.05,understand,0.75,0.26249999999999996,0.309639563664739,0.1466335287143751,0.02,0.1,0.7190654653779706,0.5
406,frozen,3,connect,0.04970762700114338,create,0.05,create,0.75,0.26249999999999996,0.309639563664739,0.2380637625621041,0.02,0.0,0.7104956992256996,0.5
406,frozen,3,connect,0.04970762700114338,explore,0.05,explore,0.75,0.26249999999999996,0.309639563664739,0.15860163914421335,0.02,0.0,0.6310335758078088,0.5
406,frozen,3,connect,0.04970762700114338,finish,0.05,finish,0.75,0.26249999999999996,0.309639563664739,0.17005597950328696,0.02,0.0,0.6424879161668825,0.5
406,frozen,3,connect,0.04970762700114338,connect,0.05,connect,0.75,0.26249999999999996,0.309639563664739,0.28664509007602035,0.92,0.1,0.8590770267396158,0.5
406,frozen,4,connect,0.04970762700114338,understand,0.05,understand,0.75,0.26249999999999996,0.309639563664739,0.1466335287143751,0.02,0.1,0.7190654653779706,0.5
406,frozen,4,connect,0.04970762700114338,create,0.05,create,0.75,0.26249999999999996,0.309639563664739,0.2380637625621041,0.02,0.0,0.7104956992256996,0.5
406,frozen,4,connect,0.04970762700114338,explore,0.05,explore,0.75,0.26249999999999996,0.309639563664739,0.15860163914421335,0.02,0.0,0.6310335758078088,0.5
406,frozen,4,connect,0.04970762700114338,finish,0.05,finish,0.75,0.26249999999999996,0.309639563664739,0.17005597950328696,0.02,0.0,0.6424879161668825,0.5
406,frozen,4,connect,0.04970762700114338,connect,0.05,connect,0.75,0.26249999999999996,0.309639563664739,0.28664509007602035,0.92,0.1,0.8590770267396158,0.5
406,frozen,5,finish,0.04970762700114338,understand,0.05,understand,0.75,0.26249999999999996,0.309639563664739,0.1466335287143751,0.02,0.1,0.7190654653779706,0.5
406,frozen,5,finish,0.04970762700114338,create,0.05,create,0.75,0.26249999999999996,0.309639563664739,0.2380637625621041,0.02,0.0,0.7104956992256996,0.5
406,frozen,5,finish,0.04970762700114338,explore,0.05,explore,0.75,0.26249999999999996,0.309639563664739,0.15860163914421335,0.02,0.0,0.6310335758078088,0.5
406,frozen,5,finish,0.04970762700114338,finish,0.05,finish,0.75,0.26249999999999996,0.309639563664739,0.17005597950328696,0.02,0.0,0.6424879161668825,0.5
406,frozen,5,finish,0.04970762700114338,connect,0.05,connect,0.75,0.26249999999999996,0.309639563664739,0.28664509007602035,0.92,0.1,0.8590770267396158,0.5
406,frozen,6,connect,0.04970762700114338,understand,0.05,understand,0.75,0.26249999999999996,0.309639563664739,0.1466335287143751,0.02,0.1,0.7190654653779706,0.5
406,frozen,6,connect,0.04970762700114338,create,0.05,create,0.75,0.26249999999999996,0.309639563664739,0.2380637625621041,0.02,0.0,0.7104956992256996,0.5
406,frozen,6,connect,0.04970762700114338,explore,0.05,explore,0.75,0.26249999999999996,0.309639563664739,0.15860163914421335,0.02,0.0,0.6310335758078088,0.5
406,frozen,6,connect,0.04970762700114338,finish,0.05,finish,0.75,0.26249999999999996,0.309639563664739,0.17005597950328696,0.02,0.0,0.6424879161668825,0.5
406,frozen,6,connect,0.04970762700114338,connect,0.05,connect,0.75,0.26249999999999996,0.309639563664739,0.28664509007602035,0.92,0.1,0.8590770267396158,0.5
406,frozen,7,explore,0.04970762700114338,understand,0.05,understand,0.75,0.26249999999999996,0.309639563664739,0.1466335287143751,0.02,0.1,0.7190654653779706,0.5
406,frozen,7,explore,0.04970762700114338,create,0.05,create,0.75,0.26249999999999996,0.309639563664739,0.2380637625621041,0.02,0.0,0.7104956992256996,0.5
406,frozen,7,explore,0.04970762700114338,explore,0.05,explore,0.75,0.26249999999999996,0.309639563664739,0.15860163914421335,0.02,0.0,0.6310335758078088,0.5
406,frozen,7,explore,0.04970762700114338,finish,0.05,finish,0.75,0.26249999999999996,0.309639563664739,0.17005597950328696,0.02,0.0,0.6424879161668825,0.5
406,frozen,7,explore,0.04970762700114338,connect,0.05,connect,0.75,0.26249999999999996,0.309639563664739,0.28664509007602035,0.92,0.1,0.8590770267396158,0.5
406,frozen,8,connect,0.04970762700114338,understand,0.05,understand,0.75,0.26249999999999996,0.309639563664739,0.1466335287143751,0.02,0.1,0.7190654653779706,0.5
406,frozen,8,connect,0.04970762700114338,create,0.05,create,0.75,0.26249999999999996,0.309639563664739,0.2380637625621041,0.02,0.0,0.7104956992256996,0.5
406,frozen,8,connect,0.04970762700114338,explore,0.05,explore,0.75,0.26249999999999996,0.309639563664739,0.15860163914421335,0.02,0.0,0.6310335758078088,0.5
406,frozen,8,connect,0.04970762700114338,finish,0.05,finish,0.75,0.26249999999999996,0.309639563664739,0.17005597950328696,0.02,0.0,0.6424879161668825,0.5
406,frozen,8,connect,0.04970762700114338,connect,0.05,connect,0.75,0.26249999999999996,0.309639563664739,0.28664509007602035,0.92,0.1,0.8590770267396158,0.5
406,frozen,9,connect,0.04970762700114338,understand,0.05,understand,0.75,0.26249999999999996,0.309639563664739,0.1466335287143751,0.02,0.1,0.7190654653779706,0.5
406,frozen,9,connect,0.04970762700114338,create,0.05,create,0.75,0.26249999999999996,0.309639563664739,0.2380637625621041,0.02,0.0,0.7104956992256996,0.5
406,frozen,9,connect,0.04970762700114338,explore,0.05,explore,0.75,0.26249999999999996,0.309639563664739,0.15860163914421335,0.02,0.0,0.6310335758078088,0.5
406,frozen,9,connect,0.04970762700114338,finish,0.05,finish,0.75,0.26249999999999996,0.309639563664739,0.17005597950328696,0.02,0.0,0.6424879161668825,0.5
406,frozen,9,connect,0.04970762700114338,connect,0.05,connect,0.75,0.26249999999999996,0.309639563664739,0.28664509007602035,0.92,0.1,0.8590770267396158,0.5
406,neutral,0,understand,0.04970762700114338,understand,0.05,understand,0.75,0.26249999999999996,0.309639563664739,0.2,0.47000000000000003,0.1,0.7724319366635956,0.5
406,neutral,0,understand,0.04970762700114338,create,0.05,create,0.75,0.26249999999999996,0.309639563664739,0.2,0.02,0.0,0.6724319366635956,0.5
406,neutral,0,understand,0.04970762700114338,explore,0.05,explore,0.75,0.26249999999999996,0.309639563664739,0.2,0.02,0.0,0.6724319366635956,0.5
406,neutral,0,understand,0.04970762700114338,finish,0.05,finish,0.75,0.26249999999999996,0.309639563664739,0.2,0.02,0.0,0.6724319366635956,0.5
406,neutral,0,understand,0.04970762700114338,connect,0.05,connect,0.75,0.26249999999999996,0.309639563664739,0.2,0.47000000000000003,0.1,0.7724319366635956,0.5
406,neutral,1,understand,0.039766101600914705,understand,0.05,understand,0.8,0.27999999999999997,0.29329480440791555,0.2,0.92,0.1,0.7835287028070007,0.4472135954999579
406,neutral,1,understand,0.04970762700114338,create,0.05,create,0.75,0.26249999999999996,0.309639563664739,0.2,0.02,0.0,0.6724319366635956,0.5
406,neutral,1,understand,0.04970762700114338,explore,0.05,explore,0.75,0.26249999999999996,0.309639563664739,0.2,0.02,0.0,0.6724319366635956,0.5
406,neutral,1,understand,0.04970762700114338,finish,0.05,finish,0.75,0.26249999999999996,0.309639563664739,0.2,0.02,0.0,0.6724319366635956,0.5
406,neutral,1,understand,0.04970762700114338,connect,0.05,connect,0.75,0.26249999999999996,0.309639563664739,0.2,0.02,0.1,0.7724319366635956,0.5
406,neutral,2,understand,0.031812881280731765,understand,0.05,understand,0.8333333333333334,0.2916666666666667,0.2812296043584757,0.2,0.92,0.1,0.7910833897444105,0.4082482904638631
406,neutral,2,understand,0.04970762700114338,create,0.05,create,0.75,0.26249999999999996,0.309639563664739,0.2,0.02,0.0,0.6724319366635956,0.5
406,neutral,2,understand,0.04970762700114338,explore,0.05,explore,0.75,0.26249999999999996,0.309639563664739,0.2,0.02,0.0,0.6724319366635956,0.5
406,neutral,2,understand,0.04970762700114338,finish,0.05,finish,0.75,0.26249999999999996,0.309639563664739,0.2,0.02,0.0,0.6724319366635956,0.5
406,neutral,2,understand,0.04970762700114338,connect,0.05,connect,0.75,0.26249999999999996,0.309639563664739,0.2,0.02,0.1,0.7724319366635956,0.5
406,neutral,3,understand,0.025450305024585416,understand,0.05,understand,0.8571428571428571,0.3,0.2718525363357196,0.2,0.92,0.1,0.7964022313111341,0.3779644730092272
406,neutral,3,understand,0.04970762700114338,create,0.05,create,0.75,0.26249999999999996,0.309639563664739,0.2,0.02,0.0,0.6724319366635956,0.5
406,neutral,3,understand,0.04970762700114338,explore,0.05,explore,0.75,0.26249999999999996,0.309639563664739,0.2,0.02,0.0,0.6724319366635956,0.5
406,neutral,3,understand,0.04970762700114338,finish,0.05,finish,0.75,0.26249999999999996,0.309639563664739,0.2,0.02,0.0,0.6724319366635956,0.5
406,neutral,3,understand,0.04970762700114338,connect,0.05,connect,0.75,0.26249999999999996,0.309639563664739,0.2,0.02,0.1,0.7724319366635956,0.5
406,neutral,4,understand,0.020360244019668332,understand,0.05,understand,0.875,0.30624999999999997,0.2642938994278598,0.2,0.92,0.1,0.8001836554081914,0.35355339059327373
406,neutral,4,understand,0.04970762700114338,create,0.05,create,0.75,0.26249999999999996,0.309639563664739,0.2,0.02,0.0,0.6724319366635956,0.5
406,neutral,4,understand,0.04970762700114338,explore,0.05,explore,0.75,0.26249999999999996,0.309639563664739,0.2,0.02,0.0,0.6724319366635956,0.5
406,neutral,4,understand,0.04970762700114338,finish,0.05,finish,0.75,0.26249999999999996,0.309639563664739,0.2,0.02,0.0,0.6724319366635956,0.5
406,neutral,4,understand,0.04970762700114338,connect,0.05,connect,0.75,0.26249999999999996,0.309639563664739,0.2,0.02,0.1,0.7724319366635956,0.5
406,neutral,5,finish,0.016288195215734668,understand,0.05,understand,0.8888888888888888,0.31111111111111106,0.2580329697206158,0.2,0.92,0.1,0.8028558856159922,0.3333333333333333
406,neutral,5,finish,0.04970762700114338,create,0.05,create,0.75,0.26249999999999996,0.309639563664739,0.2,0.02,0.0,0.6724319366635956,0.5
406,neutral,5,finish,0.04970762700114338,explore,0.05,explore,0.75,0.26249999999999996,0.309639563664739,0.2,0.02,0.0,0.6724319366635956,0.5
406,neutral,5,finish,0.04970762700114338,finish,0.05,finish,0.75,0.26249999999999996,0.309639563664739,0.2,0.02,0.0,0.6724319366635956,0.5
406,neutral,5,finish,0.04970762700114338,connect,0.05,connect,0.75,0.26249999999999996,0.309639563664739,0.2,0.02,0.1,0.7724319366635956,0.5
406,neutral,6,connect,0.016288195215734668,understand,0.05,understand,0.8888888888888888,0.31111111111111106,0.2580329697206158,0.2,0.92,0.1,0.8028558856159922,0.3333333333333333
406,neutral,6,connect,0.04970762700114338,create,0.05,create,0.75,0.26249999999999996,0.309639563664739,0.2,0.02,0.0,0.6724319366635956,0.5
406,neutral,6,connect,0.04970762700114338,explore,0.05,explore,0.75,0.26249999999999996,0.309639563664739,0.2,0.02,0.0,0.6724319366635956,0.5
406,neutral,6,connect,0.039766101600914705,finish,0.05,finish,0.8,0.27999999999999997,0.29329480440791555,0.2,0.02,0.0,0.6835287028070007,0.4472135954999579
406,neutral,6,connect,0.04970762700114338,connect,0.05,connect,0.75,0.26249999999999996,0.309639563664739,0.2,0.02,0.1,0.7724319366635956,0.5
406,neutral,7,explore,0.016288195215734668,understand,0.05,understand,0.8888888888888888,0.31111111111111106,0.2580329697206158,0.2,0.92,0.1,0.8028558856159922,0.3333333333333333
406,neutral,7,explore,0.04970762700114338,create,0.05,create,0.75,0.26249999999999996,0.309639563664739,0.2,0.02,0.0,0.6724319366635956,0.5
406,neutral,7,explore,0.04970762700114338,explore,0.05,explore,0.75,0.26249999999999996,0.309639563664739,0.2,0.02,0.0,0.6724319366635956,0.5
406,neutral,7,explore,0.039766101600914705,finish,0.05,finish,0.8,0.27999999999999997,0.29329480440791555,0.2,0.02,0.0,0.6835287028070007,0.4472135954999579
406,neutral,7,explore,0.07704682185177222,connect,0.05,connect,0.6,0.21,0.29329480440791555,0.2,0.02,0.1,0.6762479825561433,0.4472135954999579
406,neutral,8,understand,0.016288195215734668,understand,0.05,understand,0.8888888888888888,0.31111111111111106,0.2580329697206158,0.2,0.92,0.1,0.8028558856159922,0.3333333333333333
406,neutral,8,understand,0.04970762700114338,create,0.05,create,0.75,0.26249999999999996,0.309639563664739,0.2,0.02,0.0,0.6724319366635956,0.5
406,neutral,8,understand,0.10190063535234392,explore,0.05,explore,0.6,0.21,0.29329480440791555,0.2,0.02,0.0,0.5513941690555716,0.4472135954999579
406,neutral,8,understand,0.039766101600914705,finish,0.05,finish,0.8,0.27999999999999997,0.29329480440791555,0.2,0.02,0.0,0.6835287028070007,0.4472135954999579
406,neutral,8,understand,0.07704682185177222,connect,0.05,connect,0.6,0.21,0.29329480440791555,0.2,0.02,0.1,0.6762479825561433,0.4472135954999579
406,neutral,9,understand,0.013030556172587734,understand,0.05,understand,0.9,0.315,0.2527364093204984,0.2,0.92,0.1,0.8047058531479105,0.31622776601683794
406,neutral,9,understand,0.04970762700114338,create,0.05,create,0.75,0.26249999999999996,0.309639563664739,0.2,0.02,0.0,0.6724319366635956,0.5
406,neutral,9,understand,0.10190063535234392,explore,0.05,explore,0.6,0.21,0.29329480440791555,0.2,0.02,0.0,0.5513941690555716,0.4472135954999579
406,neutral,9,understand,0.039766101600914705,finish,0.05,finish,0.8,0.27999999999999997,0.29329480440791555,0.2,0.02,0.0,0.6835287028070007,0.4472135954999579
406,neutral,9,understand,0.07704682185177222,connect,0.05,connect,0.6,0.21,0.29329480440791555,0.2,0.02,0.1,0.6762479825561433,0.4472135954999579
406,no-aversion,0,connect,0.0,understand,0.05,understand,0.75,0.26249999999999996,0.309639563664739,0.1466335287143751,0.02,0.1,0.768773092379114,0.5
406,no-aversion,0,connect,0.0,create,0.05,create,0.75,0.26249999999999996,0.309639563664739,0.2380637625621041,0.02,0.0,0.760203326226843,0.5
406,no-aversion,0,connect,0.0,explore,0.05,explore,0.75,0.26249999999999996,0.309639563664739,0.15860163914421335,0.02,0.0,0.6807412028089522,0.5
406,no-aversion,0,connect,0.0,finish,0.05,finish,0.75,0.26249999999999996,0.309639563664739,0.17005597950328696,0.02,0.0,0.6921955431680259,0.5
406,no-aversion,0,connect,0.0,connect,0.05,connect,0.75,0.26249999999999996,0.309639563664739,0.28664509007602035,0.92,0.1,0.9087846537407592,0.5
406,no-aversion,1,connect,0.0,understand,0.05,understand,0.75,0.26249999999999996,0.309639563664739,0.15014036619582288,0.02,0.1,0.7722799298605617,0.5
406,no-aversion,1,connect,0.0,create,0.05,create,0.75,0.26249999999999996,0.309639563664739,0.24126309899115617,0.02,0.0,0.7634026626558951,0.5
406,no-aversion,1,connect,0.0,explore,0.05,explore,0.75,0.26249999999999996,0.309639563664739,0.16206822509837648,0.02,0.0,0.6842077887631154,0.5
406,no-aversion,1,connect,0.0,finish,0.05,finish,0.75,0.26249999999999996,0.309639563664739,0.17348404185790664,0.02,0.0,0.6956236055226456,0.5
406,no-aversion,1,connect,0.0,connect,0.05,connect,0.6,0.21,0.29329480440791555,0.2730442678567378,0.92,0.1,0.8263390722646533,0.4472135954999579
406,no-aversion,2,understand,0.0,understand,0.05,understand,0.75,0.26249999999999996,0.309639563664739,0.15351497561046853,0.92,0.1,0.7756545392752074,0.5
406,no-aversion,2,understand,0.0,create,0.05,create,0.75,0.26249999999999996,0.309639563664739,0.2442581482605466,0.02,0.0,0.7663977119252855,0.5
406,no-aversion,2,understand,0.0,explore,0.05,explore,0.75,0.26249999999999996,0.309639563664739,0.16539315053495485,0.02,0.0,0.6875327141996938,0.5
406,no-aversion,2,understand,0.0,finish,0.05,finish,0.75,0.26249999999999996,0.309639563664739,0.17676141616279115,0.02,0.0,0.6989009798275301,0.5
406,no-aversion,2,understand,0.0,connect,0.05,connect,0.5,0.175,0.2812296043584757,0.26007230943123893,0.02,0.1,0.7663019137897146,0.4082482904638631
406,no-aversion,3,understand,0.0,understand,0.05,understand,0.8,0.27999999999999997,0.29329480440791555,0.17036960034380222,0.92,0.1,0.7936644047517177,0.4472135954999579
406,no-aversion,3,understand,0.0,create,0.05,create,0.75,0.26249999999999996,0.309639563664739,0.23877775632455608,0.02,0.0,0.760917319989295,0.5
406,no-aversion,3,understand,0.0,explore,0.05,explore,0.75,0.26249999999999996,0.309639563664739,0.16297374589373445,0.02,0.0,0.6851133095584734,0.5
406,no-aversion,3,understand,0.0,finish,0.05,finish,0.75,0.26249999999999996,0.309639563664739,0.17390077500785833,0.02,0.0,0.6960403386725973,0.5
406,no-aversion,3,understand,0.0,connect,0.05,connect,0.5,0.175,0.2812296043584757,0.2539781224300489,0.02,0.1,0.7602077267885246,0.4082482904638631
406,no-aversion,4,understand,0.0,understand,0.05,understand,0.8333333333333334,0.2916666666666667,0.2812296043584757,0.18824722204984415,0.92,0.1,0.8111434930749865,0.4082482904638631
406,no-aversion,4,understand,0.0,create,0.05,create,0.75,0.26249999999999996,0.309639563664739,0.23302736325321613,0.02,0.0,0.7551669269179551,0.5
406,no-aversion,4,understand,0.0,explore,0.05,explore,0.75,0.26249999999999996,0.309639563664739,0.16031877891844937,0.02,0.0,0.6824583425831883,0.5
406,no-aversion,4,understand,0.0,finish,0.05,finish,0.75,0.26249999999999996,0.309639563664739,0.17079960721971418,0.02,0.0,0.6929391708844531,0.5
406,no-aversion,4,understand,0.0,connect,0.05,connect,0.5,0.175,0.2812296043584757,0.2476070285587761,0.02,0.1,0.7538366329172518,0.4082482904638631
406,no-aversion,5,finish,0.0,understand,0.05,understand,0.8571428571428571,0.3,0.2718525363357196,0.20712792836626956,0.92,0.1,0.828980464701989,0.3779644730092272
406,no-aversion,5,finish,0.0,create,0.05,create,0.75,0.26249999999999996,0.309639563664739,0.22701426660345575,0.02,0.0,0.7491538302681946,0.5
406,no-aversion,5,finish,0.0,explore,0.05,explore,0.75,0.26249999999999996,0.309639563664739,0.15742994232144578,0.02,0.0,0.6795695059861847,0.5
406,no-aversion,5,finish,0.0,finish,0.05,finish,0.75,0.26249999999999996,0.309639563664739,0.16746041344025359,0.02,0.0,0.6895999771049925,0.5
406,no-aversion,5,finish,0.0,connect,0.05,connect,0.5,0.175,0.2812296043584757,0.24096744926857533,0.02,0.1,0.747197053627051,0.4082482904638631
406,no-aversion,6,connect,0.0,understand,0.05,understand,0.8571428571428571,0.3,0.2718525363357196,0.205955411569675,0.92,0.1,0.8278079479053945,0.3779644730092272
406,no-aversion,6,connect,0.0,create,0.05,create,0.75,0.26249999999999996,0.309639563664739,0.2253451368229631,0.02,0.0,0.747484700487702,0.5
406,no-aversion,6,connect,0.0,explore,0.05,explore,0.75,0.26249999999999996,0.309639563664739,0.15749851198577117,0.02,0.0,0.67963807565051,0.5
406,no-aversion,6,connect,0.0,finish,0.05,finish,0.8,0.27999999999999997,0.29329480440791555,0.17225106697151077,0.02,0.0,0.6955458713794263,0.4472135954999579
406,no-aversion,6,connect,0.0,connect,0.05,connect,0.5,0.175,0.2812296043584757,0.23894987265007994,0.02,0.1,0.7451794770085556,0.4082482904638631
406,no-aversion,7,explore,0.0,understand,0.05,understand,0.8571428571428571,0.3,0.2718525363357196,0.2086845621510842,0.92,0.1,0.8305370984868037,0.3779644730092272
406,no-aversion,7,explore,0.0,create,0.05,create,0.75,0.26249999999999996,0.309639563664739,0.2279546429586305,0.02,0.0,0.7500942066233693,0.5
406,no-aversion,7,explore,0.0,explore,0.05,explore,0.75,0.26249999999999996,0.309639563664739,0.16052666623109763,0.02,0.0,0.6826662298958366,0.5
406,no-aversion,7,explore,0.0,finish,0.05,finish,0.8,0.27999999999999997,0.29329480440791555,0.17518819046516396,0.02,0.0,0.6984829948730794,0.4472135954999579
406,no-aversion,7,explore,0.0,connect,0.05,connect,0.42857142857142855,0.15,0.2718525363357196,0.22764593819402376,0.02,0.1,0.6994984745297433,0.3779644730092272
406,no-aversion,8,understand,0.0,understand,0.05,understand,0.8571428571428571,0.3,0.2718525363357196,0.2122918438865926,0.92,0.1,0.8341443802223122,0.3779644730092272
406,no-aversion,8,understand,0.0,create,0.05,create,0.75,0.26249999999999996,0.309639563664739,0.23152566081044124,0.02,0.0,0.7536652244751801,0.5
406,no-aversion,8,understand,0.0,explore,0.05,explore,0.6,0.21,0.29329480440791555,0.14610645012755083,0.02,0.0,0.5994012545354663,0.4472135954999579
406,no-aversion,8,understand,0.0,finish,0.05,finish,0.8,0.27999999999999997,0.29329480440791555,0.17885850818579588,0.02,0.0,0.7021533125937114,0.4472135954999579
406,no-aversion,8,understand,0.0,connect,0.05,connect,0.42857142857142855,0.15,0.2718525363357196,0.23121753698961944,0.02,0.1,0.703070073325339,0.3779644730092272
406,no-aversion,9,understand,0.0,understand,0.05,understand,0.875,0.30624999999999997,0.2642938994278598,0.23238950385362356,0.92,0.1,0.8529334032814834,0.35355339059327373
406,no-aversion,9,understand,0.0,create,0.05,create,0.75,0.26249999999999996,0.309639563664739,0.22491572296389922,0.02,0.0,0.7470552866286382,0.5
406,no-aversion,9,understand,0.0,explore,0.05,explore,0.6,0.21,0.29329480440791555,0.1434109488625684,0.02,0.0,0.5967057532704839,0.4472135954999579
406,no-aversion,9,understand,0.0,finish,0.05,finish,0.8,0.27999999999999997,0.29329480440791555,0.17466210503750632,0.02,0.0,0.6979569094454218,0.4472135954999579
406,no-aversion,9,understand,0.0,connect,0.05,connect,0.42857142857142855,0.15,0.2718525363357196,0.22462171928240243,0.02,0.1,0.6964742556181219,0.3779644730092272
406,no-dream,0,connect,0.04970762700114338,understand,0.05,understand,0.75,0.26249999999999996,0.309639563664739,0.1466335287143751,0.02,0.1,0.7190654653779706,0.5
406,no-dream,0,connect,0.04970762700114338,create,0.05,create,0.75,0.26249999999999996,0.309639563664739,0.2380637625621041,0.02,0.0,0.7104956992256996,0.5
406,no-dream,0,connect,0.04970762700114338,explore,0.05,explore,0.75,0.26249999999999996,0.309639563664739,0.15860163914421335,0.02,0.0,0.6310335758078088,0.5
406,no-dream,0,connect,0.04970762700114338,finish,0.05,finish,0.75,0.26249999999999996,0.309639563664739,0.17005597950328696,0.02,0.0,0.6424879161668825,0.5
406,no-dream,0,connect,0.04970762700114338,connect,0.05,connect,0.75,0.26249999999999996,0.309639563664739,0.28664509007602035,0.92,0.1,0.8590770267396158,0.5
406,no-dream,1,connect,0.04970762700114338,understand,0.05,understand,0.75,0.26249999999999996,0.309639563664739,0.15014036619582288,0.02,0.1,0.7225723028594183,0.5
406,no-dream,1,connect,0.04970762700114338,create,0.05,create,0.75,0.26249999999999996,0.309639563664739,0.24126309899115617,0.02,0.0,0.7136950356547517,0.5
406,no-dream,1,connect,0.04970762700114338,explore,0.05,explore,0.75,0.26249999999999996,0.309639563664739,0.16206822509837648,0.02,0.0,0.634500161761972,0.5
406,no-dream,1,connect,0.04970762700114338,finish,0.05,finish,0.75,0.26249999999999996,0.309639563664739,0.17348404185790664,0.02,0.0,0.6459159785215022,0.5
406,no-dream,1,connect,0.07704682185177222,connect,0.05,connect,0.6,0.21,0.29329480440791555,0.2730442678567378,0.92,0.1,0.7492922504128811,0.4472135954999579
406,no-dream,2,understand,0.04970762700114338,understand,0.05,understand,0.75,0.26249999999999996,0.309639563664739,0.15351497561046853,0.92,0.1,0.725946912274064,0.5
406,no-dream,2,understand,0.04970762700114338,create,0.05,create,0.75,0.26249999999999996,0.309639563664739,0.2442581482605466,0.02,0.0,0.7166900849241421,0.5
406,no-dream,2,understand,0.04970762700114338,explore,0.05,explore,0.75,0.26249999999999996,0.309639563664739,0.16539315053495485,0.02,0.0,0.6378250871985504,0.5
406,no-dream,2,understand,0.04970762700114338,finish,0.05,finish,0.75,0.26249999999999996,0.309639563664739,0.17676141616279115,0.02,0.0,0.6491933528263867,0.5
406,no-dream,2,understand,0.0989181777322753,connect,0.05,connect,0.5,0.175,0.2812296043584757,0.26007230943123893,0.02,0.1,0.6673837360574393,0.4082482904638631
406,no-dream,3,understand,0.039766101600914705,understand,0.05,understand,0.8,0.27999999999999997,0.29329480440791555,0.17036960034380222,0.92,0.1,0.753898303150803,0.4472135954999579
406,no-dream,3,understand,0.04970762700114338,create,0.05,create,0.75,0.26249999999999996,0.309639563664739,0.23877775632455608,0.02,0.0,0.7112096929881516,0.5
406,no-dream,3,understand,0.04970762700114338,explore,0.05,explore,0.75,0.26249999999999996,0.309639563664739,0.16297374589373445,0.02,0.0,0.63540568255733,0.5
406,no-dream,3,understand,0.04970762700114338,finish,0.05,finish,0.75,0.26249999999999996,0.309639563664739,0.17390077500785833,0.02,0.0,0.6463327116714539,0.5
406,no-dream,3,understand,0.0989181777322753,connect,0.05,connect,0.5,0.175,0.2812296043584757,0.2539781224300489,0.02,0.1,0.6612895490562493,0.4082482904638631
406,no-dream,4,understand,0.031812881280731765,understand,0.05,understand,0.8333333333333334,0.2916666666666667,0.2812296043584757,0.18824722204984415,0.92,0.1,0.7793306117942547,0.4082482904638631
406,no-dream,4,understand,0.04970762700114338,create,0.05,create,0.75,0.26249999999999996,0.309639563664739,0.23302736325321613,0.02,0.0,0.7054592999168117,0.5
406,no-dream,4,understand,0.04970762700114338,explore,0.05,explore,0.75,0.26249999999999996,0.309639563664739,0.16031877891844937,0.02,0.0,0.6327507155820449,0.5
406,no-dream,4,understand,0.04970762700114338,finish,0.05,finish,0.75,0.26249999999999996,0.309639563664739,0.17079960721971418,0.02,0.0,0.6432315438833097,0.5
406,no-dream,4,understand,0.0989181777322753,connect,0.05,connect,0.5,0.175,0.2812296043584757,0.2476070285587761,0.02,0.1,0.6549184551849765,0.4082482904638631
406,no-dream,5,finish,0.025450305024585416,understand,0.05,understand,0.8571428571428571,0.3,0.2718525363357196,0.20712792836626956,0.92,0.1,0.8035301596774036,0.3779644730092272
406,no-dream,5,finish,0.04970762700114338,create,0.05,create,0.75,0.26249999999999996,0.309639563664739,0.22701426660345575,0.02,0.0,0.6994462032670512,0.5
406,no-dream,5,finish,0.04970762700114338,explore,0.05,explore,0.75,0.26249999999999996,0.309639563664739,0.15742994232144578,0.02,0.0,0.6298618789850413,0.5
406,no-dream,5,finish,0.04970762700114338,finish,0.05,finish,0.75,0.26249999999999996,0.309639563664739,0.16746041344025359,0.02,0.0,0.6398923501038492,0.5
406,no-dream,5,finish,0.0989181777322753,connect,0.05,connect,0.5,0.175,0.2812296043584757,0.24096744926857533,0.02,0.1,0.6482788758947757,0.4082482904638631
406,no-dream,6,connect,0.025450305024585416,understand,0.05,understand,0.8571428571428571,0.3,0.2718525363357196,0.205955411569675,0.92,0.1,0.802357642880809,0.3779644730092272
406,no-dream,6,connect,0.04970762700114338,create,0.05,create,0.75,0.26249999999999996,0.309639563664739,0.2253451368229631,0.02,0.0,0.6977770734865586,0.5
406,no-dream,6,connect,0.04970762700114338,explore,0.05,explore,0.75,0.26249999999999996,0.309639563664739,0.15749851198577117,0.02,0.0,0.6299304486493666,0.5
406,no-dream,6,connect,0.039766101600914705,finish,0.05,finish,0.8,0.27999999999999997,0.29329480440791555,0.17225106697151077,0.02,0.0,0.6557797697785115,0.4472135954999579
406,no-dream,6,connect,0.0989181777322753,connect,0.05,connect,0.5,0.175,0.2812296043584757,0.23894987265007994,0.02,0.1,0.6462612992762803,0.4082482904638631
406,no-dream,7,explore,0.025450305024585416,understand,0.05,understand,0.8571428571428571,0.3,0.2718525363357196,0.2086845621510842,0.92,0.1,0.8050867934622182,0.3779644730092272
406,no-dream,7,explore,0.04970762700114338,create,0.05,create,0.75,0.26249999999999996,0.309639563664739,0.2279546429586305,0.02,0.0,0.700386579622226,0.5
406,no-dream,7,explore,0.04970762700114338,explore,0.05,explore,0.75,0.26249999999999996,0.309639563664739,0.16052666623109763,0.02,0.0,0.6329586028946932,0.5
406,no-dream,7,explore,0.039766101600914705,finish,0.05,finish,0.8,0.27999999999999997,0.29329480440791555,0.17518819046516396,0.02,0.0,0.6587168932721648,0.4472135954999579
406,no-dream,7,explore,0.11641526243667777,connect,0.05,connect,0.42857142857142855,0.15,0.2718525363357196,0.22764593819402376,0.02,0.1,0.5830832120930656,0.3779644730092272
406,no-dream,8,understand,0.025450305024585416,understand,0.05,understand,0.8571428571428571,0.3,0.2718525363357196,0.2122918438865926,0.92,0.1,0.8086940751977267,0.3779644730092272
406,no-dream,8,understand,0.04970762700114338,create,0.05,create,0.75,0.26249999999999996,0.309639563664739,0.23152566081044124,0.02,0.0,0.7039575974740367,0.5
406,no-dream,8,understand,0.10190063535234392,explore,0.05,explore,0.6,0.21,0.29329480440791555,0.14610645012755083,0.02,0.0,0.4975006191831224,0.4472135954999579
406,no-dream,8,understand,0.039766101600914705,finish,0.05,finish,0.8,0.27999999999999997,0.29329480440791555,0.17885850818579588,0.02,0.0,0.6623872109927966,0.4472135954999579
406,no-dream,8,understand,0.11641526243667777,connect,0.05,connect,0.42857142857142855,0.15,0.2718525363357196,0.23121753698961944,0.02,0.1,0.5866548108886612,0.3779644730092272
406,no-dream,9,understand,0.020360244019668332,understand,0.05,understand,0.875,0.30624999999999997,0.2642938994278598,0.23238950385362356,0.92,0.1,0.8325731592618151,0.35355339059327373
406,no-dream,9,understand,0.04970762700114338,create,0.05,create,0.75,0.26249999999999996,0.309639563664739,0.22491572296389922,0.02,0.0,0.6973476596274948,0.5
406,no-dream,9,understand,0.10190063535234392,explore,0.05,explore,0.6,0.21,0.29329480440791555,0.1434109488625684,0.02,0.0,0.49480511791813997,0.4472135954999579
406,no-dream,9,understand,0.039766101600914705,finish,0.05,finish,0.8,0.27999999999999997,0.29329480440791555,0.17466210503750632,0.02,0.0,0.6581908078445071,0.4472135954999579
406,no-dream,9,understand,0.11641526243667777,connect,0.05,connect,0.42857142857142855,0.15,0.2718525363357196,0.22462171928240243,0.02,0.1,0.5800589931814442,0.3779644730092272
406,restarted,0,connect,0.04970762700114338,understand,0.05,understand,0.75,0.26249999999999996,0.309639563664739,0.1466335287143751,0.02,0.1,0.7190654653779706,0.5
406,restarted,0,connect,0.04970762700114338,create,0.05,create,0.75,0.26249999999999996,0.309639563664739,0.2380637625621041,0.02,0.0,0.7104956992256996,0.5
406,restarted,0,connect,0.04970762700114338,explore,0.05,explore,0.75,0.26249999999999996,0.309639563664739,0.15860163914421335,0.02,0.0,0.6310335758078088,0.5
406,restarted,0,connect,0.04970762700114338,finish,0.05,finish,0.75,0.26249999999999996,0.309639563664739,0.17005597950328696,0.02,0.0,0.6424879161668825,0.5
406,restarted,0,connect,0.04970762700114338,connect,0.05,connect,0.75,0.26249999999999996,0.309639563664739,0.28664509007602035,0.92,0.1,0.8590770267396158,0.5
406,restarted,1,connect,0.04970762700114338,understand,0.05,understand,0.75,0.26249999999999996,0.309639563664739,0.15014036619582288,0.02,0.1,0.7225723028594183,0.5
406,restarted,1,connect,0.04970762700114338,create,0.05,create,0.75,0.26249999999999996,0.309639563664739,0.24126309899115617,0.02,0.0,0.7136950356547517,0.5
406,restarted,1,connect,0.04970762700114338,explore,0.05,explore,0.75,0.26249999999999996,0.309639563664739,0.16206822509837648,0.02,0.0,0.634500161761972,0.5
406,restarted,1,connect,0.04970762700114338,finish,0.05,finish,0.75,0.26249999999999996,0.309639563664739,0.17348404185790664,0.02,0.0,0.6459159785215022,0.5
406,restarted,1,connect,0.07704682185177222,connect,0.05,connect,0.6,0.21,0.29329480440791555,0.2730442678567378,0.92,0.1,0.7492922504128811,0.4472135954999579
406,restarted,2,understand,0.04970762700114338,understand,0.05,understand,0.75,0.26249999999999996,0.309639563664739,0.15351497561046853,0.92,0.1,0.725946912274064,0.5
406,restarted,2,understand,0.04970762700114338,create,0.05,create,0.75,0.26249999999999996,0.309639563664739,0.2442581482605466,0.02,0.0,0.7166900849241421,0.5
406,restarted,2,understand,0.04970762700114338,explore,0.05,explore,0.75,0.26249999999999996,0.309639563664739,0.16539315053495485,0.02,0.0,0.6378250871985504,0.5
406,restarted,2,understand,0.04970762700114338,finish,0.05,finish,0.75,0.26249999999999996,0.309639563664739,0.17676141616279115,0.02,0.0,0.6491933528263867,0.5
406,restarted,2,understand,0.0989181777322753,connect,0.05,connect,0.5,0.175,0.2812296043584757,0.26007230943123893,0.02,0.1,0.6673837360574393,0.4082482904638631
406,restarted,3,understand,0.039766101600914705,understand,0.05,understand,0.8,0.27999999999999997,0.29329480440791555,0.17036960034380222,0.92,0.1,0.753898303150803,0.4472135954999579
406,restarted,3,understand,0.04970762700114338,create,0.05,create,0.75,0.26249999999999996,0.309639563664739,0.23877775632455608,0.02,0.0,0.7112096929881516,0.5
406,restarted,3,understand,0.04970762700114338,explore,0.05,explore,0.75,0.26249999999999996,0.309639563664739,0.16297374589373445,0.02,0.0,0.63540568255733,0.5
406,restarted,3,understand,0.04970762700114338,finish,0.05,finish,0.75,0.26249999999999996,0.309639563664739,0.17390077500785833,0.02,0.0,0.6463327116714539,0.5
406,restarted,3,understand,0.0989181777322753,connect,0.05,connect,0.5,0.175,0.2812296043584757,0.2539781224300489,0.02,0.1,0.6612895490562493,0.4082482904638631
406,restarted,4,understand,0.031812881280731765,understand,0.05,understand,0.8333333333333334,0.2916666666666667,0.2812296043584757,0.18824722204984415,0.92,0.1,0.7793306117942547,0.4082482904638631
406,restarted,4,understand,0.04970762700114338,create,0.05,create,0.75,0.26249999999999996,0.309639563664739,0.23302736325321613,0.02,0.0,0.7054592999168117,0.5
406,restarted,4,understand,0.04970762700114338,explore,0.05,explore,0.75,0.26249999999999996,0.309639563664739,0.16031877891844937,0.02,0.0,0.6327507155820449,0.5
406,restarted,4,understand,0.04970762700114338,finish,0.05,finish,0.75,0.26249999999999996,0.309639563664739,0.17079960721971418,0.02,0.0,0.6432315438833097,0.5
406,restarted,4,understand,0.0989181777322753,connect,0.05,connect,0.5,0.175,0.2812296043584757,0.2476070285587761,0.02,0.1,0.6549184551849765,0.4082482904638631
406,restarted,5,finish,0.025450305024585416,understand,0.05,understand,0.8571428571428571,0.3,0.2718525363357196,0.20712792836626956,0.92,0.1,0.8035301596774036,0.3779644730092272
406,restarted,5,finish,0.04970762700114338,create,0.05,create,0.75,0.26249999999999996,0.309639563664739,0.22701426660345575,0.02,0.0,0.6994462032670512,0.5
406,restarted,5,finish,0.04970762700114338,explore,0.05,explore,0.75,0.26249999999999996,0.309639563664739,0.15742994232144578,0.02,0.0,0.6298618789850413,0.5
406,restarted,5,finish,0.04970762700114338,finish,0.05,finish,0.75,0.26249999999999996,0.309639563664739,0.16746041344025359,0.02,0.0,0.6398923501038492,0.5
406,restarted,5,finish,0.0989181777322753,connect,0.05,connect,0.5,0.175,0.2812296043584757,0.24096744926857533,0.02,0.1,0.6482788758947757,0.4082482904638631
406,restarted,6,connect,0.025450305024585416,understand,0.05,understand,0.8571428571428571,0.3,0.2718525363357196,0.205955411569675,0.92,0.1,0.802357642880809,0.3779644730092272
406,restarted,6,connect,0.04970762700114338,create,0.05,create,0.75,0.26249999999999996,0.309639563664739,0.2253451368229631,0.02,0.0,0.6977770734865586,0.5
406,restarted,6,connect,0.04970762700114338,explore,0.05,explore,0.75,0.26249999999999996,0.309639563664739,0.15749851198577117,0.02,0.0,0.6299304486493666,0.5
406,restarted,6,connect,0.039766101600914705,finish,0.05,finish,0.8,0.27999999999999997,0.29329480440791555,0.17225106697151077,0.02,0.0,0.6557797697785115,0.4472135954999579
406,restarted,6,connect,0.0989181777322753,connect,0.05,connect,0.5,0.175,0.2812296043584757,0.23894987265007994,0.02,0.1,0.6462612992762803,0.4082482904638631
406,restarted,7,explore,0.025450305024585416,understand,0.05,understand,0.8571428571428571,0.3,0.2718525363357196,0.2086845621510842,0.92,0.1,0.8050867934622182,0.3779644730092272
406,restarted,7,explore,0.04970762700114338,create,0.05,create,0.75,0.26249999999999996,0.309639563664739,0.2279546429586305,0.02,0.0,0.700386579622226,0.5
406,restarted,7,explore,0.04970762700114338,explore,0.05,explore,0.75,0.26249999999999996,0.309639563664739,0.16052666623109763,0.02,0.0,0.6329586028946932,0.5
406,restarted,7,explore,0.039766101600914705,finish,0.05,finish,0.8,0.27999999999999997,0.29329480440791555,0.17518819046516396,0.02,0.0,0.6587168932721648,0.4472135954999579
406,restarted,7,explore,0.11641526243667777,connect,0.05,connect,0.42857142857142855,0.15,0.2718525363357196,0.22764593819402376,0.02,0.1,0.5830832120930656,0.3779644730092272
406,restarted,8,understand,0.025450305024585416,understand,0.05,understand,0.8571428571428571,0.3,0.2718525363357196,0.2122918438865926,0.92,0.1,0.8086940751977267,0.3779644730092272
406,restarted,8,understand,0.04970762700114338,create,0.05,create,0.75,0.26249999999999996,0.309639563664739,0.23152566081044124,0.02,0.0,0.7039575974740367,0.5
406,restarted,8,understand,0.10190063535234392,explore,0.05,explore,0.6,0.21,0.29329480440791555,0.14610645012755083,0.02,0.0,0.4975006191831224,0.4472135954999579
406,restarted,8,understand,0.039766101600914705,finish,0.05,finish,0.8,0.27999999999999997,0.29329480440791555,0.17885850818579588,0.02,0.0,0.6623872109927966,0.4472135954999579
406,restarted,8,understand,0.11641526243667777,connect,0.05,connect,0.42857142857142855,0.15,0.2718525363357196,0.23121753698961944,0.02,0.1,0.5866548108886612,0.3779644730092272
406,restarted,9,understand,0.020360244019668332,understand,0.05,understand,0.875,0.30624999999999997,0.2642938994278598,0.23238950385362356,0.92,0.1,0.8325731592618151,0.35355339059327373
406,restarted,9,understand,0.04970762700114338,create,0.05,create,0.75,0.26249999999999996,0.309639563664739,0.22491572296389922,0.02,0.0,0.6973476596274948,0.5
406,restarted,9,understand,0.10190063535234392,explore,0.05,explore,0.6,0.21,0.29329480440791555,0.1434109488625684,0.02,0.0,0.49480511791813997,0.4472135954999579
406,restarted,9,understand,0.039766101600914705,finish,0.05,finish,0.8,0.27999999999999997,0.29329480440791555,0.17466210503750632,0.02,0.0,0.6581908078445071,0.4472135954999579
406,restarted,9,understand,0.11641526243667777,connect,0.05,connect,0.42857142857142855,0.15,0.2718525363357196,0.22462171928240243,0.02,0.1,0.5800589931814442,0.3779644730092272
407,updated,0,understand,0.07509439152379428,understand,0.05,understand,0.75,0.26249999999999996,0.23584394700725886,0.2837644019783426,0.92,0.1,0.757013957461807,0.5
407,updated,0,understand,0.07509439152379428,create,0.05,create,0.75,0.26249999999999996,0.23584394700725886,0.138379720395021,0.02,0.0,0.5116292758784855,0.5
407,updated,0,understand,0.07509439152379428,explore,0.05,explore,0.75,0.26249999999999996,0.23584394700725886,0.12723657788803322,0.02,0.0,0.5004861333714977,0.5
407,updated,0,understand,0.07509439152379428,finish,0.05,finish,0.75,0.26249999999999996,0.23584394700725886,0.18821803583934513,0.02,0.0,0.5614675913228097,0.5
407,updated,0,understand,0.07509439152379428,connect,0.05,connect,0.75,0.26249999999999996,0.23584394700725886,0.2624012638992582,0.02,0.0,0.6356508193827227,0.5
407,updated,1,understand,0.060075513219035426,understand,0.05,understand,0.8,0.27999999999999997,0.2233945930216472,0.3065969257199026,0.92,0.1,0.7999160055225144,0.4472135954999579
407,updated,1,understand,0.07509439152379428,create,0.05,create,0.75,0.26249999999999996,0.23584394700725886,0.13487711400065466,0.02,0.0,0.5081266694841191,0.5
407,updated,1,understand,0.07509439152379428,explore,0.05,explore,0.75,0.26249999999999996,0.23584394700725886,0.12433812513690021,0.02,0.0,0.49758768062036474,0.5
407,updated,1,understand,0.07509439152379428,finish,0.05,finish,0.75,0.26249999999999996,0.23584394700725886,0.18201331917138058,0.02,0.0,0.5552628746548451,0.5
407,updated,1,understand,0.07509439152379428,connect,0.05,connect,0.75,0.26249999999999996,0.23584394700725886,0.2521745159711621,0.02,0.0,0.6254240714546266,0.5
407,updated,2,understand,0.04806041057522835,understand,0.05,understand,0.8333333333333334,0.2916666666666667,0.21420486168559277,0.3300288142017599,0.92,0.1,0.8378399319787908,0.4082482904638631
407,updated,2,understand,0.07509439152379428,create,0.05,create,0.75,0.26249999999999996,0.23584394700725886,0.13120703073263582,0.02,0.0,0.5044565862161003,0.5
407,updated,2,understand,0.07509439152379428,explore,0.05,explore,0.75,0.26249999999999996,0.23584394700725886,0.12126736461347484,0.02,0.0,0.49451692009693937,0.5
407,updated,2,understand,0.07509439152379428,finish,0.05,finish,0.75,0.26249999999999996,0.23584394700725886,0.17566273208863648,0.02,0.0,0.548912287572101,0.5
407,updated,2,understand,0.07509439152379428,connect,0.05,connect,0.75,0.26249999999999996,0.23584394700725886,0.24183405836349284,0.02,0.0,0.6150836138469573,0.5
407,updated,3,understand,0.03844832846018268,understand,0.05,understand,0.8571428571428571,0.3,0.20706260664664414,0.35393968568825923,0.92,0.1,0.8725539638747206,0.3779644730092272
407,updated,3,understand,0.07509439152379428,create,0.05,create,0.75,0.26249999999999996,0.23584394700725886,0.1273908931841885,0.02,0.0,0.500640448667653,0.5
407,updated,3,understand,0.07509439152379428,explore,0.05,explore,0.75,0.26249999999999996,0.23584394700725886,0.11804334318212277,0.02,0.0,0.49129289866558734,0.5
407,updated,3,understand,0.07509439152379428,finish,0.05,finish,0.75,0.26249999999999996,0.23584394700725886,0.16919832276183264,0.02,0.0,0.5424478782452972,0.5
407,updated,3,understand,0.07509439152379428,connect,0.05,connect,0.75,0.26249999999999996,0.23584394700725886,0.23142775518359673,0.02,0.0,0.6046773106670612,0.5
407,updated,4,understand,0.030758662768146143,understand,0.05,understand,0.875,0.30624999999999997,0.20130540061894617,0.3781984128743169,0.92,0.1,0.9049951507251169,0.35355339059327373
407,updated,4,understand,0.07509439152379428,create,0.05,create,0.75,0.26249999999999996,0.23584394700725886,0.12345263246598603,0.02,0.0,0.49670218794945054,0.5
407,updated,4,understand,0.07509439152379428,explore,0.05,explore,0.75,0.26249999999999996,0.23584394700725886,0.11468756749984468,0.02,0.0,0.48793712298330916,0.5
407,updated,4,understand,0.07509439152379428,finish,0.05,finish,0.75,0.26249999999999996,0.23584394700725886,0.16265486580353958,0.02,0.0,0.5359044212870041,0.5
407,updated,4,understand,0.07509439152379428,connect,0.05,connect,0.75,0.26249999999999996,0.23584394700725886,0.22100652135631285,0.02,0.0,0.5942560768397773,0.5
407,updated,5,understand,0.024606930214516917,understand,0.05,understand,0.8888888888888888,0.31111111111111106,0.19653662250604903,0.4026658577734884,0.92,0.1,0.9357066611761314,0.3333333333333333
407,updated,5,understand,0.07509439152379428,create,0.05,create,0.75,0.26249999999999996,0.23584394700725886,0.11941821649566273,0.02,0.0,0.49266777197912726,0.5
407,updated,5,understand,0.07509439152379428,explore,0.05,explore,0.75,0.26249999999999996,0.23584394700725886,0.11122359038155875,0.02,0.0,0.4844731458650233,0.5
407,updated,5,understand,0.07509439152379428,finish,0.05,finish,0.75,0.26249999999999996,0.23584394700725886,0.15606913081062385,0.02,0.0,0.5293186862940884,0.5
407,updated,5,understand,0.07509439152379428,connect,0.05,connect,0.75,0.26249999999999996,0.23584394700725886,0.21062320453866626,0.02,0.0,0.5838727600221307,0.5
407,updated,6,understand,0.019685544171613535,understand,0.05,understand,0.9,0.315,0.19250237799432843,0.4271979923723282,0.92,0.1,0.9650148261950431,0.31622776601683794
407,updated,6,understand,0.07509439152379428,create,0.05,create,0.75,0.26249999999999996,0.23584394700725886,0.11531508814188425,0.02,0.0,0.4885646436253488,0.5
407,updated,6,understand,0.07509439152379428,explore,0.05,explore,0.75,0.26249999999999996,0.23584394700725886,0.10767650874462453,0.02,0.0,0.48092606422808903,0.5
407,updated,6,understand,0.07509439152379428,finish,0.05,finish,0.75,0.26249999999999996,0.23584394700725886,0.14947905304751255,0.02,0.0,0.522728608530977,0.5
407,updated,6,understand,0.07509439152379428,connect,0.05,connect,0.75,0.26249999999999996,0.23584394700725886,0.20033135769365046,0.02,0.0,0.573580913177115,0.5
407,updated,7,understand,0.01574843533729083,understand,0.05,understand,0.9090909090909091,0.3181818181818182,0.1890315990763149,0.4516492603346148,0.92,0.1,0.9931142422554569,0.30151134457776363
407,updated,7,understand,0.07509439152379428,create,0.05,create,0.75,0.26249999999999996,0.23584394700725886,0.11117153859351375,0.02,0.0,0.4844210940769782,0.5
407,updated,7,understand,0.07509439152379428,explore,0.05,explore,0.75,0.26249999999999996,0.23584394700725886,0.10407239554238257,0.02,0.0,0.47732195102584707,0.5
407,updated,7,understand,0.07509439152379428,finish,0.05,finish,0.75,0.26249999999999996,0.23584394700725886,0.14292284488299065,0.02,0.0,0.5161724003664552,0.5
407,updated,7,understand,0.07509439152379428,connect,0.05,connect,0.75,0.26249999999999996,0.23584394700725886,0.19018396064649837,0.02,0.0,0.5634335161299628,0.5
407,updated,8,understand,0.012598748269832663,understand,0.05,understand,0.9166666666666666,0.3208333333333333,0.1860042566493218,0.4758760148938523,0.92,0.1,1.020114856606675,0.2886751345948129
407,updated,8,understand,0.07509439152379428,create,0.05,create,0.75,0.26249999999999996,0.23584394700725886,0.10701604636293333,0.02,0.0,0.48026560184639777,0.5
407,updated,8,understand,0.07509439152379428,explore,0.05,explore,0.75,0.26249999999999996,0.23584394700725886,0.10043769313561643,0.02,0.0,0.47368724861908096,0.5
407,updated,8,understand,0.07509439152379428,finish,0.05,finish,0.75,0.26249999999999996,0.23584394700725886,0.13643809162903425,0.02,0.0,0.5096876471124987,0.5
407,updated,8,understand,0.07509439152379428,connect,0.05,connect,0.75,0.26249999999999996,0.23584394700725886,0.18023215397856376,0.02,0.0,0.5534817094620282,0.5
407,updated,9,understand,0.010078998615866131,understand,0.05,understand,0.9230769230769231,0.3230769230769231,0.18333331534535893,0.499739861614819,0.92,0.1,1.0460711014212347,0.2773500981126146
407,updated,9,understand,0.07509439152379428,create,0.05,create,0.75,0.26249999999999996,0.23584394700725886,0.10287661487320314,0.02,0.0,0.4761261703566677,0.5
407,updated,9,understand,0.07509439152379428,explore,0.05,explore,0.75,0.26249999999999996,0.23584394700725886,0.09679859834518274,0.02,0.0,0.4700481538286472,0.5
407,updated,9,understand,0.07509439152379428,finish,0.05,finish,0.75,0.26249999999999996,0.23584394700725886,0.1300608768360506,0.02,0.0,0.5033104323195151,0.5
407,updated,9,understand,0.07509439152379428,connect,0.05,connect,0.75,0.26249999999999996,0.23584394700725886,0.17052404833074444,0.02,0.0,0.5437736038142089,0.5
407,frozen,0,understand,0.07509439152379428,understand,0.05,understand,0.75,0.26249999999999996,0.23584394700725886,0.2837644019783426,0.92,0.1,0.757013957461807,0.5
407,frozen,0,understand,0.07509439152379428,create,0.05,create,0.75,0.26249999999999996,0.23584394700725886,0.138379720395021,0.02,0.0,0.5116292758784855,0.5
407,frozen,0,understand,0.07509439152379428,explore,0.05,explore,0.75,0.26249999999999996,0.23584394700725886,0.12723657788803322,0.02,0.0,0.5004861333714977,0.5
407,frozen,0,understand,0.07509439152379428,finish,0.05,finish,0.75,0.26249999999999996,0.23584394700725886,0.18821803583934513,0.02,0.0,0.5614675913228097,0.5
407,frozen,0,understand,0.07509439152379428,connect,0.05,connect,0.75,0.26249999999999996,0.23584394700725886,0.2624012638992582,0.02,0.0,0.6356508193827227,0.5
407,frozen,1,understand,0.07509439152379428,understand,0.05,understand,0.75,0.26249999999999996,0.23584394700725886,0.2837644019783426,0.92,0.1,0.757013957461807,0.5
407,frozen,1,understand,0.07509439152379428,create,0.05,create,0.75,0.26249999999999996,0.23584394700725886,0.138379720395021,0.02,0.0,0.5116292758784855,0.5
407,frozen,1,understand,0.07509439152379428,explore,0.05,explore,0.75,0.26249999999999996,0.23584394700725886,0.12723657788803322,0.02,0.0,0.5004861333714977,0.5
407,frozen,1,understand,0.07509439152379428,finish,0.05,finish,0.75,0.26249999999999996,0.23584394700725886,0.18821803583934513,0.02,0.0,0.5614675913228097,0.5
407,frozen,1,understand,0.07509439152379428,connect,0.05,connect,0.75,0.26249999999999996,0.23584394700725886,0.2624012638992582,0.02,0.0,0.6356508193827227,0.5
407,frozen,2,understand,0.07509439152379428,understand,0.05,understand,0.75,0.26249999999999996,0.23584394700725886,0.2837644019783426,0.92,0.1,0.757013957461807,0.5
407,frozen,2,understand,0.07509439152379428,create,0.05,create,0.75,0.26249999999999996,0.23584394700725886,0.138379720395021,0.02,0.0,0.5116292758784855,0.5
407,frozen,2,understand,0.07509439152379428,explore,0.05,explore,0.75,0.26249999999999996,0.23584394700725886,0.12723657788803322,0.02,0.0,0.5004861333714977,0.5
407,frozen,2,understand,0.07509439152379428,finish,0.05,finish,0.75,0.26249999999999996,0.23584394700725886,0.18821803583934513,0.02,0.0,0.5614675913228097,0.5
407,frozen,2,understand,0.07509439152379428,connect,0.05,connect,0.75,0.26249999999999996,0.23584394700725886,0.2624012638992582,0.02,0.0,0.6356508193827227,0.5
407,frozen,3,understand,0.07509439152379428,understand,0.05,understand,0.75,0.26249999999999996,0.23584394700725886,0.2837644019783426,0.92,0.1,0.757013957461807,0.5
407,frozen,3,understand,0.07509439152379428,create,0.05,create,0.75,0.26249999999999996,0.23584394700725886,0.138379720395021,0.02,0.0,0.5116292758784855,0.5
407,frozen,3,understand,0.07509439152379428,explore,0.05,explore,0.75,0.26249999999999996,0.23584394700725886,0.12723657788803322,0.02,0.0,0.5004861333714977,0.5
407,frozen,3,understand,0.07509439152379428,finish,0.05,finish,0.75,0.26249999999999996,0.23584394700725886,0.18821803583934513,0.02,0.0,0.5614675913228097,0.5
407,frozen,3,understand,0.07509439152379428,connect,0.05,connect,0.75,0.26249999999999996,0.23584394700725886,0.2624012638992582,0.02,0.0,0.6356508193827227,0.5
407,frozen,4,understand,0.07509439152379428,understand,0.05,understand,0.75,0.26249999999999996,0.23584394700725886,0.2837644019783426,0.92,0.1,0.757013957461807,0.5
407,frozen,4,understand,0.07509439152379428,create,0.05,create,0.75,0.26249999999999996,0.23584394700725886,0.138379720395021,0.02,0.0,0.5116292758784855,0.5
407,frozen,4,understand,0.07509439152379428,explore,0.05,explore,0.75,0.26249999999999996,0.23584394700725886,0.12723657788803322,0.02,0.0,0.5004861333714977,0.5
407,frozen,4,understand,0.07509439152379428,finish,0.05,finish,0.75,0.26249999999999996,0.23584394700725886,0.18821803583934513,0.02,0.0,0.5614675913228097,0.5
407,frozen,4,understand,0.07509439152379428,connect,0.05,connect,0.75,0.26249999999999996,0.23584394700725886,0.2624012638992582,0.02,0.0,0.6356508193827227,0.5
407,frozen,5,understand,0.07509439152379428,understand,0.05,understand,0.75,0.26249999999999996,0.23584394700725886,0.2837644019783426,0.92,0.1,0.757013957461807,0.5
407,frozen,5,understand,0.07509439152379428,create,0.05,create,0.75,0.26249999999999996,0.23584394700725886,0.138379720395021,0.02,0.0,0.5116292758784855,0.5
407,frozen,5,understand,0.07509439152379428,explore,0.05,explore,0.75,0.26249999999999996,0.23584394700725886,0.12723657788803322,0.02,0.0,0.5004861333714977,0.5
407,frozen,5,understand,0.07509439152379428,finish,0.05,finish,0.75,0.26249999999999996,0.23584394700725886,0.18821803583934513,0.02,0.0,0.5614675913228097,0.5
407,frozen,5,understand,0.07509439152379428,connect,0.05,connect,0.75,0.26249999999999996,0.23584394700725886,0.2624012638992582,0.02,0.0,0.6356508193827227,0.5
407,frozen,6,understand,0.07509439152379428,understand,0.05,understand,0.75,0.26249999999999996,0.23584394700725886,0.2837644019783426,0.92,0.1,0.757013957461807,0.5
407,frozen,6,understand,0.07509439152379428,create,0.05,create,0.75,0.26249999999999996,0.23584394700725886,0.138379720395021,0.02,0.0,0.5116292758784855,0.5
407,frozen,6,understand,0.07509439152379428,explore,0.05,explore,0.75,0.26249999999999996,0.23584394700725886,0.12723657788803322,0.02,0.0,0.5004861333714977,0.5
407,frozen,6,understand,0.07509439152379428,finish,0.05,finish,0.75,0.26249999999999996,0.23584394700725886,0.18821803583934513,0.02,0.0,0.5614675913228097,0.5
407,frozen,6,understand,0.07509439152379428,connect,0.05,connect,0.75,0.26249999999999996,0.23584394700725886,0.2624012638992582,0.02,0.0,0.6356508193827227,0.5
407,frozen,7,understand,0.07509439152379428,understand,0.05,understand,0.75,0.26249999999999996,0.23584394700725886,0.2837644019783426,0.92,0.1,0.757013957461807,0.5
407,frozen,7,understand,0.07509439152379428,create,0.05,create,0.75,0.26249999999999996,0.23584394700725886,0.138379720395021,0.02,0.0,0.5116292758784855,0.5
407,frozen,7,understand,0.07509439152379428,explore,0.05,explore,0.75,0.26249999999999996,0.23584394700725886,0.12723657788803322,0.02,0.0,0.5004861333714977,0.5
407,frozen,7,understand,0.07509439152379428,finish,0.05,finish,0.75,0.26249999999999996,0.23584394700725886,0.18821803583934513,0.02,0.0,0.5614675913228097,0.5
407,frozen,7,understand,0.07509439152379428,connect,0.05,connect,0.75,0.26249999999999996,0.23584394700725886,0.2624012638992582,0.02,0.0,0.6356508193827227,0.5
407,frozen,8,understand,0.07509439152379428,understand,0.05,understand,0.75,0.26249999999999996,0.23584394700725886,0.2837644019783426,0.92,0.1,0.757013957461807,0.5
407,frozen,8,understand,0.07509439152379428,create,0.05,create,0.75,0.26249999999999996,0.23584394700725886,0.138379720395021,0.02,0.0,0.5116292758784855,0.5
407,frozen,8,understand,0.07509439152379428,explore,0.05,explore,0.75,0.26249999999999996,0.23584394700725886,0.12723657788803322,0.02,0.0,0.5004861333714977,0.5
407,frozen,8,understand,0.07509439152379428,finish,0.05,finish,0.75,0.26249999999999996,0.23584394700725886,0.18821803583934513,0.02,0.0,0.5614675913228097,0.5
407,frozen,8,understand,0.07509439152379428,connect,0.05,connect,0.75,0.26249999999999996,0.23584394700725886,0.2624012638992582,0.02,0.0,0.6356508193827227,0.5
407,frozen,9,understand,0.07509439152379428,understand,0.05,understand,0.75,0.26249999999999996,0.23584394700725886,0.2837644019783426,0.92,0.1,0.757013957461807,0.5
407,frozen,9,understand,0.07509439152379428,create,0.05,create,0.75,0.26249999999999996,0.23584394700725886,0.138379720395021,0.02,0.0,0.5116292758784855,0.5
407,frozen,9,understand,0.07509439152379428,explore,0.05,explore,0.75,0.26249999999999996,0.23584394700725886,0.12723657788803322,0.02,0.0,0.5004861333714977,0.5
407,frozen,9,understand,0.07509439152379428,finish,0.05,finish,0.75,0.26249999999999996,0.23584394700725886,0.18821803583934513,0.02,0.0,0.5614675913228097,0.5
407,frozen,9,understand,0.07509439152379428,connect,0.05,connect,0.75,0.26249999999999996,0.23584394700725886,0.2624012638992582,0.02,0.0,0.6356508193827227,0.5
407,neutral,0,understand,0.07509439152379428,understand,0.05,understand,0.75,0.26249999999999996,0.23584394700725886,0.2,0.92,0.1,0.6732495554834644,0.5
407,neutral,0,understand,0.07509439152379428,create,0.05,create,0.75,0.26249999999999996,0.23584394700725886,0.2,0.02,0.0,0.5732495554834645,0.5
407,neutral,0,understand,0.07509439152379428,explore,0.05,explore,0.75,0.26249999999999996,0.23584394700725886,0.2,0.02,0.0,0.5732495554834645,0.5
407,neutral,0,understand,0.07509439152379428,finish,0.05,finish,0.75,0.26249999999999996,0.23584394700725886,0.2,0.02,0.0,0.5732495554834645,0.5
407,neutral,0,understand,0.07509439152379428,connect,0.05,connect,0.75,0.26249999999999996,0.23584394700725886,0.2,0.02,0.0,0.5732495554834645,0.5
407,neutral,1,understand,0.060075513219035426,understand,0.05,understand,0.8,0.27999999999999997,0.2233945930216472,0.2,0.92,0.1,0.6933190798026118,0.4472135954999579
407,neutral,1,understand,0.07509439152379428,create,0.05,create,0.75,0.26249999999999996,0.23584394700725886,0.2,0.02,0.0,0.5732495554834645,0.5
407,neutral,1,understand,0.07509439152379428,explore,0.05,explore,0.75,0.26249999999999996,0.23584394700725886,0.2,0.02,0.0,0.5732495554834645,0.5
407,neutral,1,understand,0.07509439152379428,finish,0.05,finish,0.75,0.26249999999999996,0.23584394700725886,0.2,0.02,0.0,0.5732495554834645,0.5
407,neutral,1,understand,0.07509439152379428,connect,0.05,connect,0.75,0.26249999999999996,0.23584394700725886,0.2,0.02,0.0,0.5732495554834645,0.5
407,neutral,2,understand,0.04806041057522835,understand,0.05,understand,0.8333333333333334,0.2916666666666667,0.21420486168559277,0.2,0.92,0.1,0.707811117777031,0.4082482904638631
407,neutral,2,understand,0.07509439152379428,create,0.05,create,0.75,0.26249999999999996,0.23584394700725886,0.2,0.02,0.0,0.5732495554834645,0.5
407,neutral,2,understand,0.07509439152379428,explore,0.05,explore,0.75,0.26249999999999996,0.23584394700725886,0.2,0.02,0.0,0.5732495554834645,0.5
407,neutral,2,understand,0.07509439152379428,finish,0.05,finish,0.75,0.26249999999999996,0.23584394700725886,0.2,0.02,0.0,0.5732495554834645,0.5
407,neutral,2,understand,0.07509439152379428,connect,0.05,connect,0.75,0.26249999999999996,0.23584394700725886,0.2,0.02,0.0,0.5732495554834645,0.5
407,neutral,3,understand,0.03844832846018268,understand,0.05,understand,0.8571428571428571,0.3,0.20706260664664414,0.2,0.92,0.1,0.7186142781864614,0.3779644730092272
407,neutral,3,understand,0.07509439152379428,create,0.05,create,0.75,0.26249999999999996,0.23584394700725886,0.2,0.02,0.0,0.5732495554834645,0.5
407,neutral,3,understand,0.07509439152379428,explore,0.05,explore,0.75,0.26249999999999996,0.23584394700725886,0.2,0.02,0.0,0.5732495554834645,0.5
407,neutral,3,understand,0.07509439152379428,finish,0.05,finish,0.75,0.26249999999999996,0.23584394700725886,0.2,0.02,0.0,0.5732495554834645,0.5
407,neutral,3,understand,0.07509439152379428,connect,0.05,connect,0.75,0.26249999999999996,0.23584394700725886,0.2,0.02,0.0,0.5732495554834645,0.5
407,neutral,4,understand,0.030758662768146143,understand,0.05,understand,0.875,0.30624999999999997,0.20130540061894617,0.2,0.92,0.1,0.7267967378508,0.35355339059327373
407,neutral,4,understand,0.07509439152379428,create,0.05,create,0.75,0.26249999999999996,0.23584394700725886,0.2,0.02,0.0,0.5732495554834645,0.5
407,neutral,4,understand,0.07509439152379428,explore,0.05,explore,0.75,0.26249999999999996,0.23584394700725886,0.2,0.02,0.0,0.5732495554834645,0.5
407,neutral,4,understand,0.07509439152379428,finish,0.05,finish,0.75,0.26249999999999996,0.23584394700725886,0.2,0.02,0.0,0.5732495554834645,0.5
407,neutral,4,understand,0.07509439152379428,connect,0.05,connect,0.75,0.26249999999999996,0.23584394700725886,0.2,0.02,0.0,0.5732495554834645,0.5
407,neutral,5,understand,0.024606930214516917,understand,0.05,understand,0.8888888888888888,0.31111111111111106,0.19653662250604903,0.2,0.92,0.1,0.7330408034026431,0.3333333333333333
407,neutral,5,understand,0.07509439152379428,create,0.05,create,0.75,0.26249999999999996,0.23584394700725886,0.2,0.02,0.0,0.5732495554834645,0.5
407,neutral,5,understand,0.07509439152379428,explore,0.05,explore,0.75,0.26249999999999996,0.23584394700725886,0.2,0.02,0.0,0.5732495554834645,0.5
407,neutral,5,understand,0.07509439152379428,finish,0.05,finish,0.75,0.26249999999999996,0.23584394700725886,0.2,0.02,0.0,0.5732495554834645,0.5
407,neutral,5,understand,0.07509439152379428,connect,0.05,connect,0.75,0.26249999999999996,0.23584394700725886,0.2,0.02,0.0,0.5732495554834645,0.5
407,neutral,6,understand,0.019685544171613535,understand,0.05,understand,0.9,0.315,0.19250237799432843,0.2,0.92,0.1,0.7378168338227149,0.31622776601683794
407,neutral,6,understand,0.07509439152379428,create,0.05,create,0.75,0.26249999999999996,0.23584394700725886,0.2,0.02,0.0,0.5732495554834645,0.5
407,neutral,6,understand,0.07509439152379428,explore,0.05,explore,0.75,0.26249999999999996,0.23584394700725886,0.2,0.02,0.0,0.5732495554834645,0.5
407,neutral,6,understand,0.07509439152379428,finish,0.05,finish,0.75,0.26249999999999996,0.23584394700725886,0.2,0.02,0.0,0.5732495554834645,0.5
407,neutral,6,understand,0.07509439152379428,connect,0.05,connect,0.75,0.26249999999999996,0.23584394700725886,0.2,0.02,0.0,0.5732495554834645,0.5
407,neutral,7,understand,0.01574843533729083,understand,0.05,understand,0.9090909090909091,0.3181818181818182,0.1890315990763149,0.2,0.92,0.1,0.7414649819208421,0.30151134457776363
407,neutral,7,understand,0.07509439152379428,create,0.05,create,0.75,0.26249999999999996,0.23584394700725886,0.2,0.02,0.0,0.5732495554834645,0.5
407,neutral,7,understand,0.07509439152379428,explore,0.05,explore,0.75,0.26249999999999996,0.23584394700725886,0.2,0.02,0.0,0.5732495554834645,0.5
407,neutral,7,understand,0.07509439152379428,finish,0.05,finish,0.75,0.26249999999999996,0.23584394700725886,0.2,0.02,0.0,0.5732495554834645,0.5
407,neutral,7,understand,0.07509439152379428,connect,0.05,connect,0.75,0.26249999999999996,0.23584394700725886,0.2,0.02,0.0,0.5732495554834645,0.5
407,neutral,8,understand,0.012598748269832663,understand,0.05,understand,0.9166666666666666,0.3208333333333333,0.1860042566493218,0.2,0.92,0.1,0.7442388417128224,0.2886751345948129
407,neutral,8,understand,0.07509439152379428,create,0.05,create,0.75,0.26249999999999996,0.23584394700725886,0.2,0.02,0.0,0.5732495554834645,0.5
407,neutral,8,understand,0.07509439152379428,explore,0.05,explore,0.75,0.26249999999999996,0.23584394700725886,0.2,0.02,0.0,0.5732495554834645,0.5
407,neutral,8,understand,0.07509439152379428,finish,0.05,finish,0.75,0.26249999999999996,0.23584394700725886,0.2,0.02,0.0,0.5732495554834645,0.5
407,neutral,8,understand,0.07509439152379428,connect,0.05,connect,0.75,0.26249999999999996,0.23584394700725886,0.2,0.02,0.0,0.5732495554834645,0.5
407,neutral,9,understand,0.010078998615866131,understand,0.05,understand,0.9230769230769231,0.3230769230769231,0.18333331534535893,0.2,0.92,0.1,0.7463312398064158,0.2773500981126146
407,neutral,9,understand,0.07509439152379428,create,0.05,create,0.75,0.26249999999999996,0.23584394700725886,0.2,0.02,0.0,0.5732495554834645,0.5
407,neutral,9,understand,0.07509439152379428,explore,0.05,explore,0.75,0.26249999999999996,0.23584394700725886,0.2,0.02,0.0,0.5732495554834645,0.5
407,neutral,9,understand,0.07509439152379428,finish,0.05,finish,0.75,0.26249999999999996,0.23584394700725886,0.2,0.02,0.0,0.5732495554834645,0.5
407,neutral,9,understand,0.07509439152379428,connect,0.05,connect,0.75,0.26249999999999996,0.23584394700725886,0.2,0.02,0.0,0.5732495554834645,0.5
407,no-aversion,0,understand,0.0,understand,0.05,understand,0.75,0.26249999999999996,0.23584394700725886,0.2837644019783426,0.92,0.1,0.8321083489856013,0.5
407,no-aversion,0,understand,0.0,create,0.05,create,0.75,0.26249999999999996,0.23584394700725886,0.138379720395021,0.02,0.0,0.5867236674022798,0.5
407,no-aversion,0,understand,0.0,explore,0.05,explore,0.75,0.26249999999999996,0.23584394700725886,0.12723657788803322,0.02,0.0,0.575580524895292,0.5
407,no-aversion,0,understand,0.0,finish,0.05,finish,0.75,0.26249999999999996,0.23584394700725886,0.18821803583934513,0.02,0.0,0.6365619828466039,0.5
407,no-aversion,0,understand,0.0,connect,0.05,connect,0.75,0.26249999999999996,0.23584394700725886,0.2624012638992582,0.02,0.0,0.710745210906517,0.5
407,no-aversion,1,understand,0.0,understand,0.05,understand,0.8,0.27999999999999997,0.2233945930216472,0.3065969257199026,0.92,0.1,0.8599915187415498,0.4472135954999579
407,no-aversion,1,understand,0.0,create,0.05,create,0.75,0.26249999999999996,0.23584394700725886,0.13487711400065466,0.02,0.0,0.5832210610079134,0.5
407,no-aversion,1,understand,0.0,explore,0.05,explore,0.75,0.26249999999999996,0.23584394700725886,0.12433812513690021,0.02,0.0,0.572682072144159,0.5
407,no-aversion,1,understand,0.0,finish,0.05,finish,0.75,0.26249999999999996,0.23584394700725886,0.18201331917138058,0.02,0.0,0.6303572661786394,0.5
407,no-aversion,1,understand,0.0,connect,0.05,connect,0.75,0.26249999999999996,0.23584394700725886,0.2521745159711621,0.02,0.0,0.7005184629784209,0.5
407,no-aversion,2,understand,0.0,understand,0.05,understand,0.8333333333333334,0.2916666666666667,0.21420486168559277,0.3300288142017599,0.92,0.1,0.8859003425540192,0.4082482904638631
407,no-aversion,2,understand,0.0,create,0.05,create,0.75,0.26249999999999996,0.23584394700725886,0.13120703073263582,0.02,0.0,0.5795509777398946,0.5
407,no-aversion,2,understand,0.0,explore,0.05,explore,0.75,0.26249999999999996,0.23584394700725886,0.12126736461347484,0.02,0.0,0.5696113116207336,0.5
407,no-aversion,2,understand,0.0,finish,0.05,finish,0.75,0.26249999999999996,0.23584394700725886,0.17566273208863648,0.02,0.0,0.6240066790958952,0.5
407,no-aversion,2,understand,0.0,connect,0.05,connect,0.75,0.26249999999999996,0.23584394700725886,0.24183405836349284,0.02,0.0,0.6901780053707516,0.5
407,no-aversion,3,understand,0.0,understand,0.05,understand,0.8571428571428571,0.3,0.20706260664664414,0.35393968568825923,0.92,0.1,0.9110022923349033,0.3779644730092272
407,no-aversion,3,understand,0.0,create,0.05,create,0.75,0.26249999999999996,0.23584394700725886,0.1273908931841885,0.02,0.0,0.5757348401914473,0.5
407,no-aversion,3,understand,0.0,explore,0.05,explore,0.75,0.26249999999999996,0.23584394700725886,0.11804334318212277,0.02,0.0,0.5663872901893816,0.5
407,no-aversion,3,understand,0.0,finish,0.05,finish,0.75,0.26249999999999996,0.23584394700725886,0.16919832276183264,0.02,0.0,0.6175422697690914,0.5
407,no-aversion,3,understand,0.0,connect,0.05,connect,0.75,0.26249999999999996,0.23584394700725886,0.23142775518359673,0.02,0.0,0.6797717021908555,0.5
407,no-aversion,4,understand,0.0,understand,0.05,understand,0.875,0.30624999999999997,0.20130540061894617,0.3781984128743169,0.92,0.1,0.935753813493263,0.35355339059327373
407,no-aversion,4,understand,0.0,create,0.05,create,0.75,0.26249999999999996,0.23584394700725886,0.12345263246598603,0.02,0.0,0.5717965794732448,0.5
407,no-aversion,4,understand,0.0,explore,0.05,explore,0.75,0.26249999999999996,0.23584394700725886,0.11468756749984468,0.02,0.0,0.5630315145071034,0.5
407,no-aversion,4,understand,0.0,finish,0.05,finish,0.75,0.26249999999999996,0.23584394700725886,0.16265486580353958,0.02,0.0,0.6109988128107984,0.5
407,no-aversion,4,understand,0.0,connect,0.05,connect,0.75,0.26249999999999996,0.23584394700725886,0.22100652135631285,0.02,0.0,0.6693504683635716,0.5
407,no-aversion,5,understand,0.0,understand,0.05,understand,0.8888888888888888,0.31111111111111106,0.19653662250604903,0.4026658577734884,0.92,0.1,0.9603135913906483,0.3333333333333333
407,no-aversion,5,understand,0.0,create,0.05,create,0.75,0.26249999999999996,0.23584394700725886,0.11941821649566273,0.02,0.0,0.5677621635029215,0.5
407,no-aversion,5,understand,0.0,explore,0.05,explore,0.75,0.26249999999999996,0.23584394700725886,0.11122359038155875,0.02,0.0,0.5595675373888176,0.5
407,no-aversion,5,understand,0.0,finish,0.05,finish,0.75,0.26249999999999996,0.23584394700725886,0.15606913081062385,0.02,0.0,0.6044130778178827,0.5
407,no-aversion,5,understand,0.0,connect,0.05,connect,0.75,0.26249999999999996,0.23584394700725886,0.21062320453866626,0.02,0.0,0.658967151545925,0.5
407,no-aversion,6,understand,0.0,understand,0.05,understand,0.9,0.315,0.19250237799432843,0.4271979923723282,0.92,0.1,0.9847003703666566,0.31622776601683794
407,no-aversion,6,understand,0.0,create,0.05,create,0.75,0.26249999999999996,0.23584394700725886,0.11531508814188425,0.02,0.0,0.5636590351491431,0.5
407,no-aversion,6,understand,0.0,explore,0.05,explore,0.75,0.26249999999999996,0.23584394700725886,0.10767650874462453,0.02,0.0,0.5560204557518833,0.5
407,no-aversion,6,understand,0.0,finish,0.05,finish,0.75,0.26249999999999996,0.23584394700725886,0.14947905304751255,0.02,0.0,0.5978230000547713,0.5
407,no-aversion,6,understand,0.0,connect,0.05,connect,0.75,0.26249999999999996,0.23584394700725886,0.20033135769365046,0.02,0.0,0.6486753047009093,0.5
407,no-aversion,7,understand,0.0,understand,0.05,understand,0.9090909090909091,0.3181818181818182,0.1890315990763149,0.4516492603346148,0.92,0.1,1.0088626775927478,0.30151134457776363
407,no-aversion,7,understand,0.0,create,0.05,create,0.75,0.26249999999999996,0.23584394700725886,0.11117153859351375,0.02,0.0,0.5595154856007725,0.5
407,no-aversion,7,understand,0.0,explore,0.05,explore,0.75,0.26249999999999996,0.23584394700725886,0.10407239554238257,0.02,0.0,0.5524163425496413,0.5
407,no-aversion,7,understand,0.0,finish,0.05,finish,0.75,0.26249999999999996,0.23584394700725886,0.14292284488299065,0.02,0.0,0.5912667918902494,0.5
407,no-aversion,7,understand,0.0,connect,0.05,connect,0.75,0.26249999999999996,0.23584394700725886,0.19018396064649837,0.02,0.0,0.6385279076537571,0.5
407,no-aversion,8,understand,0.0,understand,0.05,understand,0.9166666666666666,0.3208333333333333,0.1860042566493218,0.4758760148938523,0.92,0.1,1.0327136048765075,0.2886751345948129
407,no-aversion,8,understand,0.0,create,0.05,create,0.75,0.26249999999999996,0.23584394700725886,0.10701604636293333,0.02,0.0,0.555359993370192,0.5
407,no-aversion,8,understand,0.0,explore,0.05,explore,0.75,0.26249999999999996,0.23584394700725886,0.10043769313561643,0.02,0.0,0.5487816401428752,0.5
407,no-aversion,8,understand,0.0,finish,0.05,finish,0.75,0.26249999999999996,0.23584394700725886,0.13643809162903425,0.02,0.0,0.584782038636293,0.5
407,no-aversion,8,understand,0.0,connect,0.05,connect,0.75,0.26249999999999996,0.23584394700725886,0.18023215397856376,0.02,0.0,0.6285761009858225,0.5
407,no-aversion,9,understand,0.0,understand,0.05,understand,0.9230769230769231,0.3230769230769231,0.18333331534535893,0.499739861614819,0.92,0.1,1.056150100037101,0.2773500981126146
407,no-aversion,9,understand,0.0,create,0.05,create,0.75,0.26249999999999996,0.23584394700725886,0.10287661487320314,0.02,0.0,0.551220561880462,0.5
407,no-aversion,9,understand,0.0,explore,0.05,explore,0.75,0.26249999999999996,0.23584394700725886,0.09679859834518274,0.02,0.0,0.5451425453524414,0.5
407,no-aversion,9,understand,0.0,finish,0.05,finish,0.75,0.26249999999999996,0.23584394700725886,0.1300608768360506,0.02,0.0,0.5784048238433094,0.5
407,no-aversion,9,understand,0.0,connect,0.05,connect,0.75,0.26249999999999996,0.23584394700725886,0.17052404833074444,0.02,0.0,0.6188679953380032,0.5
407,no-dream,0,understand,0.07509439152379428,understand,0.05,understand,0.75,0.26249999999999996,0.23584394700725886,0.2837644019783426,0.92,0.1,0.757013957461807,0.5
407,no-dream,0,understand,0.07509439152379428,create,0.05,create,0.75,0.26249999999999996,0.23584394700725886,0.138379720395021,0.02,0.0,0.5116292758784855,0.5
407,no-dream,0,understand,0.07509439152379428,explore,0.05,explore,0.75,0.26249999999999996,0.23584394700725886,0.12723657788803322,0.02,0.0,0.5004861333714977,0.5
407,no-dream,0,understand,0.07509439152379428,finish,0.05,finish,0.75,0.26249999999999996,0.23584394700725886,0.18821803583934513,0.02,0.0,0.5614675913228097,0.5
407,no-dream,0,understand,0.07509439152379428,connect,0.05,connect,0.75,0.26249999999999996,0.23584394700725886,0.2624012638992582,0.02,0.0,0.6356508193827227,0.5
407,no-dream,1,understand,0.060075513219035426,understand,0.05,understand,0.8,0.27999999999999997,0.2233945930216472,0.3065969257199026,0.92,0.1,0.7999160055225144,0.4472135954999579
407,no-dream,1,understand,0.07509439152379428,create,0.05,create,0.75,0.26249999999999996,0.23584394700725886,0.13487711400065466,0.02,0.0,0.5081266694841191,0.5
407,no-dream,1,understand,0.07509439152379428,explore,0.05,explore,0.75,0.26249999999999996,0.23584394700725886,0.12433812513690021,0.02,0.0,0.49758768062036474,0.5
407,no-dream,1,understand,0.07509439152379428,finish,0.05,finish,0.75,0.26249999999999996,0.23584394700725886,0.18201331917138058,0.02,0.0,0.5552628746548451,0.5
407,no-dream,1,understand,0.07509439152379428,connect,0.05,connect,0.75,0.26249999999999996,0.23584394700725886,0.2521745159711621,0.02,0.0,0.6254240714546266,0.5
407,no-dream,2,understand,0.04806041057522835,understand,0.05,understand,0.8333333333333334,0.2916666666666667,0.21420486168559277,0.3300288142017599,0.92,0.1,0.8378399319787908,0.4082482904638631
407,no-dream,2,understand,0.07509439152379428,create,0.05,create,0.75,0.26249999999999996,0.23584394700725886,0.13120703073263582,0.02,0.0,0.5044565862161003,0.5
407,no-dream,2,understand,0.07509439152379428,explore,0.05,explore,0.75,0.26249999999999996,0.23584394700725886,0.12126736461347484,0.02,0.0,0.49451692009693937,0.5
407,no-dream,2,understand,0.07509439152379428,finish,0.05,finish,0.75,0.26249999999999996,0.23584394700725886,0.17566273208863648,0.02,0.0,0.548912287572101,0.5
407,no-dream,2,understand,0.07509439152379428,connect,0.05,connect,0.75,0.26249999999999996,0.23584394700725886,0.24183405836349284,0.02,0.0,0.6150836138469573,0.5
407,no-dream,3,understand,0.03844832846018268,understand,0.05,understand,0.8571428571428571,0.3,0.20706260664664414,0.35393968568825923,0.92,0.1,0.8725539638747206,0.3779644730092272
407,no-dream,3,understand,0.07509439152379428,create,0.05,create,0.75,0.26249999999999996,0.23584394700725886,0.1273908931841885,0.02,0.0,0.500640448667653,0.5
407,no-dream,3,understand,0.07509439152379428,explore,0.05,explore,0.75,0.26249999999999996,0.23584394700725886,0.11804334318212277,0.02,0.0,0.49129289866558734,0.5
407,no-dream,3,understand,0.07509439152379428,finish,0.05,finish,0.75,0.26249999999999996,0.23584394700725886,0.16919832276183264,0.02,0.0,0.5424478782452972,0.5
407,no-dream,3,understand,0.07509439152379428,connect,0.05,connect,0.75,0.26249999999999996,0.23584394700725886,0.23142775518359673,0.02,0.0,0.6046773106670612,0.5
407,no-dream,4,understand,0.030758662768146143,understand,0.05,understand,0.875,0.30624999999999997,0.20130540061894617,0.3781984128743169,0.92,0.1,0.9049951507251169,0.35355339059327373
407,no-dream,4,understand,0.07509439152379428,create,0.05,create,0.75,0.26249999999999996,0.23584394700725886,0.12345263246598603,0.02,0.0,0.49670218794945054,0.5
407,no-dream,4,understand,0.07509439152379428,explore,0.05,explore,0.75,0.26249999999999996,0.23584394700725886,0.11468756749984468,0.02,0.0,0.48793712298330916,0.5
407,no-dream,4,understand,0.07509439152379428,finish,0.05,finish,0.75,0.26249999999999996,0.23584394700725886,0.16265486580353958,0.02,0.0,0.5359044212870041,0.5
407,no-dream,4,understand,0.07509439152379428,connect,0.05,connect,0.75,0.26249999999999996,0.23584394700725886,0.22100652135631285,0.02,0.0,0.5942560768397773,0.5
407,no-dream,5,understand,0.024606930214516917,understand,0.05,understand,0.8888888888888888,0.31111111111111106,0.19653662250604903,0.4026658577734884,0.92,0.1,0.9357066611761314,0.3333333333333333
407,no-dream,5,understand,0.07509439152379428,create,0.05,create,0.75,0.26249999999999996,0.23584394700725886,0.11941821649566273,0.02,0.0,0.49266777197912726,0.5
407,no-dream,5,understand,0.07509439152379428,explore,0.05,explore,0.75,0.26249999999999996,0.23584394700725886,0.11122359038155875,0.02,0.0,0.4844731458650233,0.5
407,no-dream,5,understand,0.07509439152379428,finish,0.05,finish,0.75,0.26249999999999996,0.23584394700725886,0.15606913081062385,0.02,0.0,0.5293186862940884,0.5
407,no-dream,5,understand,0.07509439152379428,connect,0.05,connect,0.75,0.26249999999999996,0.23584394700725886,0.21062320453866626,0.02,0.0,0.5838727600221307,0.5
407,no-dream,6,understand,0.019685544171613535,understand,0.05,understand,0.9,0.315,0.19250237799432843,0.4271979923723282,0.92,0.1,0.9650148261950431,0.31622776601683794
407,no-dream,6,understand,0.07509439152379428,create,0.05,create,0.75,0.26249999999999996,0.23584394700725886,0.11531508814188425,0.02,0.0,0.4885646436253488,0.5
407,no-dream,6,understand,0.07509439152379428,explore,0.05,explore,0.75,0.26249999999999996,0.23584394700725886,0.10767650874462453,0.02,0.0,0.48092606422808903,0.5
407,no-dream,6,understand,0.07509439152379428,finish,0.05,finish,0.75,0.26249999999999996,0.23584394700725886,0.14947905304751255,0.02,0.0,0.522728608530977,0.5
407,no-dream,6,understand,0.07509439152379428,connect,0.05,connect,0.75,0.26249999999999996,0.23584394700725886,0.20033135769365046,0.02,0.0,0.573580913177115,0.5
407,no-dream,7,understand,0.01574843533729083,understand,0.05,understand,0.9090909090909091,0.3181818181818182,0.1890315990763149,0.4516492603346148,0.92,0.1,0.9931142422554569,0.30151134457776363
407,no-dream,7,understand,0.07509439152379428,create,0.05,create,0.75,0.26249999999999996,0.23584394700725886,0.11117153859351375,0.02,0.0,0.4844210940769782,0.5
407,no-dream,7,understand,0.07509439152379428,explore,0.05,explore,0.75,0.26249999999999996,0.23584394700725886,0.10407239554238257,0.02,0.0,0.47732195102584707,0.5
407,no-dream,7,understand,0.07509439152379428,finish,0.05,finish,0.75,0.26249999999999996,0.23584394700725886,0.14292284488299065,0.02,0.0,0.5161724003664552,0.5
407,no-dream,7,understand,0.07509439152379428,connect,0.05,connect,0.75,0.26249999999999996,0.23584394700725886,0.19018396064649837,0.02,0.0,0.5634335161299628,0.5
407,no-dream,8,understand,0.012598748269832663,understand,0.05,understand,0.9166666666666666,0.3208333333333333,0.1860042566493218,0.4758760148938523,0.92,0.1,1.020114856606675,0.2886751345948129
407,no-dream,8,understand,0.07509439152379428,create,0.05,create,0.75,0.26249999999999996,0.23584394700725886,0.10701604636293333,0.02,0.0,0.48026560184639777,0.5
407,no-dream,8,understand,0.07509439152379428,explore,0.05,explore,0.75,0.26249999999999996,0.23584394700725886,0.10043769313561643,0.02,0.0,0.47368724861908096,0.5
407,no-dream,8,understand,0.07509439152379428,finish,0.05,finish,0.75,0.26249999999999996,0.23584394700725886,0.13643809162903425,0.02,0.0,0.5096876471124987,0.5
407,no-dream,8,understand,0.07509439152379428,connect,0.05,connect,0.75,0.26249999999999996,0.23584394700725886,0.18023215397856376,0.02,0.0,0.5534817094620282,0.5
407,no-dream,9,understand,0.010078998615866131,understand,0.05,understand,0.9230769230769231,0.3230769230769231,0.18333331534535893,0.499739861614819,0.92,0.1,1.0460711014212347,0.2773500981126146
407,no-dream,9,understand,0.07509439152379428,create,0.05,create,0.75,0.26249999999999996,0.23584394700725886,0.10287661487320314,0.02,0.0,0.4761261703566677,0.5
407,no-dream,9,understand,0.07509439152379428,explore,0.05,explore,0.75,0.26249999999999996,0.23584394700725886,0.09679859834518274,0.02,0.0,0.4700481538286472,0.5
407,no-dream,9,understand,0.07509439152379428,finish,0.05,finish,0.75,0.26249999999999996,0.23584394700725886,0.1300608768360506,0.02,0.0,0.5033104323195151,0.5
407,no-dream,9,understand,0.07509439152379428,connect,0.05,connect,0.75,0.26249999999999996,0.23584394700725886,0.17052404833074444,0.02,0.0,0.5437736038142089,0.5
407,restarted,0,understand,0.07509439152379428,understand,0.05,understand,0.75,0.26249999999999996,0.23584394700725886,0.2837644019783426,0.92,0.1,0.757013957461807,0.5
407,restarted,0,understand,0.07509439152379428,create,0.05,create,0.75,0.26249999999999996,0.23584394700725886,0.138379720395021,0.02,0.0,0.5116292758784855,0.5
407,restarted,0,understand,0.07509439152379428,explore,0.05,explore,0.75,0.26249999999999996,0.23584394700725886,0.12723657788803322,0.02,0.0,0.5004861333714977,0.5
407,restarted,0,understand,0.07509439152379428,finish,0.05,finish,0.75,0.26249999999999996,0.23584394700725886,0.18821803583934513,0.02,0.0,0.5614675913228097,0.5
407,restarted,0,understand,0.07509439152379428,connect,0.05,connect,0.75,0.26249999999999996,0.23584394700725886,0.2624012638992582,0.02,0.0,0.6356508193827227,0.5
407,restarted,1,understand,0.060075513219035426,understand,0.05,understand,0.8,0.27999999999999997,0.2233945930216472,0.3065969257199026,0.92,0.1,0.7999160055225144,0.4472135954999579
407,restarted,1,understand,0.07509439152379428,create,0.05,create,0.75,0.26249999999999996,0.23584394700725886,0.13487711400065466,0.02,0.0,0.5081266694841191,0.5
407,restarted,1,understand,0.07509439152379428,explore,0.05,explore,0.75,0.26249999999999996,0.23584394700725886,0.12433812513690021,0.02,0.0,0.49758768062036474,0.5
407,restarted,1,understand,0.07509439152379428,finish,0.05,finish,0.75,0.26249999999999996,0.23584394700725886,0.18201331917138058,0.02,0.0,0.5552628746548451,0.5
407,restarted,1,understand,0.07509439152379428,connect,0.05,connect,0.75,0.26249999999999996,0.23584394700725886,0.2521745159711621,0.02,0.0,0.6254240714546266,0.5
407,restarted,2,understand,0.04806041057522835,understand,0.05,understand,0.8333333333333334,0.2916666666666667,0.21420486168559277,0.3300288142017599,0.92,0.1,0.8378399319787908,0.4082482904638631
407,restarted,2,understand,0.07509439152379428,create,0.05,create,0.75,0.26249999999999996,0.23584394700725886,0.13120703073263582,0.02,0.0,0.5044565862161003,0.5
407,restarted,2,understand,0.07509439152379428,explore,0.05,explore,0.75,0.26249999999999996,0.23584394700725886,0.12126736461347484,0.02,0.0,0.49451692009693937,0.5
407,restarted,2,understand,0.07509439152379428,finish,0.05,finish,0.75,0.26249999999999996,0.23584394700725886,0.17566273208863648,0.02,0.0,0.548912287572101,0.5
407,restarted,2,understand,0.07509439152379428,connect,0.05,connect,0.75,0.26249999999999996,0.23584394700725886,0.24183405836349284,0.02,0.0,0.6150836138469573,0.5
407,restarted,3,understand,0.03844832846018268,understand,0.05,understand,0.8571428571428571,0.3,0.20706260664664414,0.35393968568825923,0.92,0.1,0.8725539638747206,0.3779644730092272
407,restarted,3,understand,0.07509439152379428,create,0.05,create,0.75,0.26249999999999996,0.23584394700725886,0.1273908931841885,0.02,0.0,0.500640448667653,0.5
407,restarted,3,understand,0.07509439152379428,explore,0.05,explore,0.75,0.26249999999999996,0.23584394700725886,0.11804334318212277,0.02,0.0,0.49129289866558734,0.5
407,restarted,3,understand,0.07509439152379428,finish,0.05,finish,0.75,0.26249999999999996,0.23584394700725886,0.16919832276183264,0.02,0.0,0.5424478782452972,0.5
407,restarted,3,understand,0.07509439152379428,connect,0.05,connect,0.75,0.26249999999999996,0.23584394700725886,0.23142775518359673,0.02,0.0,0.6046773106670612,0.5
407,restarted,4,understand,0.030758662768146143,understand,0.05,understand,0.875,0.30624999999999997,0.20130540061894617,0.3781984128743169,0.92,0.1,0.9049951507251169,0.35355339059327373
407,restarted,4,understand,0.07509439152379428,create,0.05,create,0.75,0.26249999999999996,0.23584394700725886,0.12345263246598603,0.02,0.0,0.49670218794945054,0.5
407,restarted,4,understand,0.07509439152379428,explore,0.05,explore,0.75,0.26249999999999996,0.23584394700725886,0.11468756749984468,0.02,0.0,0.48793712298330916,0.5
407,restarted,4,understand,0.07509439152379428,finish,0.05,finish,0.75,0.26249999999999996,0.23584394700725886,0.16265486580353958,0.02,0.0,0.5359044212870041,0.5
407,restarted,4,understand,0.07509439152379428,connect,0.05,connect,0.75,0.26249999999999996,0.23584394700725886,0.22100652135631285,0.02,0.0,0.5942560768397773,0.5
407,restarted,5,understand,0.024606930214516917,understand,0.05,understand,0.8888888888888888,0.31111111111111106,0.19653662250604903,0.4026658577734884,0.92,0.1,0.9357066611761314,0.3333333333333333
407,restarted,5,understand,0.07509439152379428,create,0.05,create,0.75,0.26249999999999996,0.23584394700725886,0.11941821649566273,0.02,0.0,0.49266777197912726,0.5
407,restarted,5,understand,0.07509439152379428,explore,0.05,explore,0.75,0.26249999999999996,0.23584394700725886,0.11122359038155875,0.02,0.0,0.4844731458650233,0.5
407,restarted,5,understand,0.07509439152379428,finish,0.05,finish,0.75,0.26249999999999996,0.23584394700725886,0.15606913081062385,0.02,0.0,0.5293186862940884,0.5
407,restarted,5,understand,0.07509439152379428,connect,0.05,connect,0.75,0.26249999999999996,0.23584394700725886,0.21062320453866626,0.02,0.0,0.5838727600221307,0.5
407,restarted,6,understand,0.019685544171613535,understand,0.05,understand,0.9,0.315,0.19250237799432843,0.4271979923723282,0.92,0.1,0.9650148261950431,0.31622776601683794
407,restarted,6,understand,0.07509439152379428,create,0.05,create,0.75,0.26249999999999996,0.23584394700725886,0.11531508814188425,0.02,0.0,0.4885646436253488,0.5
407,restarted,6,understand,0.07509439152379428,explore,0.05,explore,0.75,0.26249999999999996,0.23584394700725886,0.10767650874462453,0.02,0.0,0.48092606422808903,0.5
407,restarted,6,understand,0.07509439152379428,finish,0.05,finish,0.75,0.26249999999999996,0.23584394700725886,0.14947905304751255,0.02,0.0,0.522728608530977,0.5
407,restarted,6,understand,0.07509439152379428,connect,0.05,connect,0.75,0.26249999999999996,0.23584394700725886,0.20033135769365046,0.02,0.0,0.573580913177115,0.5
407,restarted,7,understand,0.01574843533729083,understand,0.05,understand,0.9090909090909091,0.3181818181818182,0.1890315990763149,0.4516492603346148,0.92,0.1,0.9931142422554569,0.30151134457776363
407,restarted,7,understand,0.07509439152379428,create,0.05,create,0.75,0.26249999999999996,0.23584394700725886,0.11117153859351375,0.02,0.0,0.4844210940769782,0.5
407,restarted,7,understand,0.07509439152379428,explore,0.05,explore,0.75,0.26249999999999996,0.23584394700725886,0.10407239554238257,0.02,0.0,0.47732195102584707,0.5
407,restarted,7,understand,0.07509439152379428,finish,0.05,finish,0.75,0.26249999999999996,0.23584394700725886,0.14292284488299065,0.02,0.0,0.5161724003664552,0.5
407,restarted,7,understand,0.07509439152379428,connect,0.05,connect,0.75,0.26249999999999996,0.23584394700725886,0.19018396064649837,0.02,0.0,0.5634335161299628,0.5
407,restarted,8,understand,0.012598748269832663,understand,0.05,understand,0.9166666666666666,0.3208333333333333,0.1860042566493218,0.4758760148938523,0.92,0.1,1.020114856606675,0.2886751345948129
407,restarted,8,understand,0.07509439152379428,create,0.05,create,0.75,0.26249999999999996,0.23584394700725886,0.10701604636293333,0.02,0.0,0.48026560184639777,0.5
407,restarted,8,understand,0.07509439152379428,explore,0.05,explore,0.75,0.26249999999999996,0.23584394700725886,0.10043769313561643,0.02,0.0,0.47368724861908096,0.5
407,restarted,8,understand,0.07509439152379428,finish,0.05,finish,0.75,0.26249999999999996,0.23584394700725886,0.13643809162903425,0.02,0.0,0.5096876471124987,0.5
407,restarted,8,understand,0.07509439152379428,connect,0.05,connect,0.75,0.26249999999999996,0.23584394700725886,0.18023215397856376,0.02,0.0,0.5534817094620282,0.5
407,restarted,9,understand,0.010078998615866131,understand,0.05,understand,0.9230769230769231,0.3230769230769231,0.18333331534535893,0.499739861614819,0.92,0.1,1.0460711014212347,0.2773500981126146
407,restarted,9,understand,0.07509439152379428,create,0.05,create,0.75,0.26249999999999996,0.23584394700725886,0.10287661487320314,0.02,0.0,0.4761261703566677,0.5
407,restarted,9,understand,0.07509439152379428,explore,0.05,explore,0.75,0.26249999999999996,0.23584394700725886,0.09679859834518274,0.02,0.0,0.4700481538286472,0.5
407,restarted,9,understand,0.07509439152379428,finish,0.05,finish,0.75,0.26249999999999996,0.23584394700725886,0.1300608768360506,0.02,0.0,0.5033104323195151,0.5
407,restarted,9,understand,0.07509439152379428,connect,0.05,connect,0.75,0.26249999999999996,0.23584394700725886,0.17052404833074444,0.02,0.0,0.5437736038142089,0.5
408,updated,0,connect,0.056022098894496726,understand,0.05,understand,0.75,0.26249999999999996,0.29069228351107385,0.18395268999246295,0.02,0.1,0.7311228746090399,0.5
408,updated,0,connect,0.056022098894496726,create,0.05,create,0.75,0.26249999999999996,0.29069228351107385,0.1109200964857418,0.02,0.0,0.5580902811023188,0.5
408,updated,0,connect,0.056022098894496726,explore,0.05,explore,0.75,0.26249999999999996,0.29069228351107385,0.2589386158000166,0.02,0.0,0.7061088004165937,0.5
408,updated,0,connect,0.056022098894496726,finish,0.05,finish,0.75,0.26249999999999996,0.29069228351107385,0.19895692108991106,0.02,0.1,0.746127105706488,0.5
408,updated,0,connect,0.056022098894496726,connect,0.05,connect,0.75,0.26249999999999996,0.29069228351107385,0.24723167663186765,0.92,0.1,0.7944018612484447,0.5
408,updated,1,finish,0.056022098894496726,understand,0.05,understand,0.75,0.26249999999999996,0.29069228351107385,0.18690706851367067,0.02,0.1,0.7340772531302477,0.5
408,updated,1,finish,0.056022098894496726,create,0.05,create,0.75,0.26249999999999996,0.29069228351107385,0.11428960592145619,0.02,0.0,0.5614597905380333,0.5
408,updated,1,finish,0.056022098894496726,explore,0.05,explore,0.75,0.26249999999999996,0.29069228351107385,0.26146676030075566,0.02,0.0,0.7086369449173328,0.5
408,updated,1,finish,0.056022098894496726,finish,0.05,finish,0.75,0.26249999999999996,0.29069228351107385,0.20182601275660797,0.92,0.1,0.7489961973731849,0.5
408,updated,1,finish,0.08683425328646992,connect,0.05,connect,0.6,0.21,0.2753476830486174,0.23551055250750952,0.02,0.1,0.6840239822696569,0.4472135954999579
408,updated,2,finish,0.056022098894496726,understand,0.05,understand,0.75,0.26249999999999996,0.29069228351107385,0.18604995397762442,0.02,0.1,0.7332201385942014,0.5
408,updated,2,finish,0.056022098894496726,create,0.05,create,0.75,0.26249999999999996,0.29069228351107385,0.11531958605728236,0.02,0.0,0.5624897706738594,0.5
408,updated,2,finish,0.056022098894496726,explore,0.05,explore,0.75,0.26249999999999996,0.29069228351107385,0.25867207879272686,0.02,0.0,0.7058422634093039,0.5
408,updated,2,finish,0.044817679115597385,finish,0.05,finish,0.8,0.27999999999999997,0.2753476830486174,0.20656799167994813,0.92,0.1,0.7670979956129681,0.4472135954999579
408,updated,2,finish,0.08683425328646992,connect,0.05,connect,0.6,0.21,0.2753476830486174,0.23339038949241822,0.02,0.1,0.6819038192545657,0.4472135954999579
408,updated,3,finish,0.056022098894496726,understand,0.05,understand,0.75,0.26249999999999996,0.29069228351107385,0.1851891065646934,0.02,0.1,0.7323592911812704,0.5
408,updated,3,finish,0.056022098894496726,create,0.05,create,0.75,0.26249999999999996,0.29069228351107385,0.1163066806543913,0.02,0.0,0.5634768652709684,0.5
408,updated,3,finish,0.056022098894496726,explore,0.05,explore,0.75,0.26249999999999996,0.29069228351107385,0.2559138642481087,0.02,0.0,0.7030840488646858,0.5
408,updated,3,finish,0.03585414329247791,finish,0.05,finish,0.8333333333333334,0.2916666666666667,0.26402076954996945,0.2112976497235242,0.92,0.1,0.7811309426476823,0.4082482904638631
408,updated,3,finish,0.08683425328646992,connect,0.05,connect,0.6,0.21,0.2753476830486174,0.2312926988092825,0.02,0.1,0.67980612857143,0.4472135954999579
408,updated,4,finish,0.056022098894496726,understand,0.05,understand,0.75,0.26249999999999996,0.29069228351107385,0.18432493860216767,0.02,0.1,0.7314951232187448,0.5
408,updated,4,finish,0.056022098894496726,create,0.05,create,0.75,0.26249999999999996,0.29069228351107385,0.11725177510210837,0.02,0.0,0.5644219597186854,0.5
408,updated,4,finish,0.056022098894496726,explore,0.05,explore,0.75,0.26249999999999996,0.29069228351107385,0.25319204327962236,0.02,0.0,0.7003622278961995,0.5
408,updated,4,finish,0.02868331463398233,finish,0.05,finish,0.8571428571428571,0.3,0.2552174975006488,0.2160136668551441,0.92,0.1,0.7925478497218105,0.3779644730092272
408,updated,4,finish,0.08683425328646992,connect,0.05,connect,0.6,0.21,0.2753476830486174,0.22921757616095761,0.02,0.1,0.6777310059231051,0.4472135954999579
408,updated,5,finish,0.056022098894496726,understand,0.05,understand,0.75,0.26249999999999996,0.29069228351107385,0.18345785915616844,0.02,0.1,0.7306280437727455,0.5
408,updated,5,finish,0.056022098894496726,create,0.05,create,0.75,0.26249999999999996,0.29069228351107385,0.11815575505764715,0.02,0.0,0.5653259396742242,0.5
408,updated,5,finish,0.056022098894496726,explore,0.05,explore,0.75,0.26249999999999996,0.29069228351107385,0.25050653561537456,0.02,0.0,0.6976767202319517,0.5
408,updated,5,finish,0.022946651707185864,finish,0.05,finish,0.875,0.30624999999999997,0.2481213842101783,0.22071473854370802,0.92,0.1,0.8021394710467002,0.35355339059327373
408,updated,5,finish,0.08683425328646992,connect,0.05,connect,0.6,0.21,0.2753476830486174,0.22716511162710187,0.02,0.1,0.6756785413892493,0.4472135954999579
408,updated,6,finish,0.056022098894496726,understand,0.05,understand,0.75,0.26249999999999996,0.29069228351107385,0.18258827365524777,0.02,0.1,0.7297584582718248,0.5
408,updated,6,finish,0.056022098894496726,create,0.05,create,0.75,0.26249999999999996,0.29069228351107385,0.11901950592487347,0.02,0.0,0.5661896905414505,0.5
408,updated,6,finish,0.056022098894496726,explore,0.05,explore,0.75,0.26249999999999996,0.29069228351107385,0.2478572538711671,0.02,0.0,0.6950274384877441,0.5
408,updated,6,finish,0.01835732136574869,finish,0.05,finish,0.8888888888888888,0.31111111111111106,0.24224356959256152,0.22539957716399522,0.92,0.1,0.8103969365019191,0.3333333333333333
408,updated,6,finish,0.08683425328646992,connect,0.05,connect,0.6,0.21,0.2753476830486174,0.22513538938471647,0.02,0.1,0.6736488191468639,0.4472135954999579
408,updated,7,finish,0.056022098894496726,understand,0.05,understand,0.75,0.26249999999999996,0.29069228351107385,0.18171658352178943,0.02,0.1,0.7288867681383664,0.5
408,updated,7,finish,0.056022098894496726,create,0.05,create,0.75,0.26249999999999996,0.29069228351107385,0.11984391232789315,0.02,0.0,0.5670140969444702,0.5
408,updated,7,finish,0.056022098894496726,explore,0.05,explore,0.75,0.26249999999999996,0.29069228351107385,0.24524410334393149,0.02,0.0,0.6924142879605085,0.5
408,updated,7,finish,0.014685857092598955,finish,0.05,finish,0.9,0.315,0.23727111316857713,0.23006691336121424,0.92,0.1,0.8176521694371924,0.31622776601683794
408,updated,7,finish,0.08683425328646992,connect,0.05,connect,0.6,0.21,0.2753476830486174,0.22312848744517177,0.02,0.1,0.6716419172073193,0.4472135954999579
408,updated,8,finish,0.056022098894496726,understand,0.05,understand,0.75,0.26249999999999996,0.29069228351107385,0.18084318581206094,0.02,0.1,0.728013370428638,0.5
408,updated,8,finish,0.056022098894496726,create,0.05,create,0.75,0.26249999999999996,0.29069228351107385,0.12062985758096563,0.02,0.0,0.5678000421975427,0.5
408,updated,8,finish,0.056022098894496726,explore,0.05,explore,0.75,0.26249999999999996,0.29069228351107385,0.24266698182647004,0.02,0.0,0.689837166443047,0.5
408,updated,8,finish,0.011748685674079162,finish,0.05,finish,0.9090909090909091,0.3181818181818182,0.23299316301534126,0.23471549737236874,0.92,0.1,0.824141792895449,0.30151134457776363
408,updated,8,finish,0.08683425328646992,connect,0.05,connect,0.6,0.21,0.2753476830486174,0.22114447740813462,0.02,0.1,0.6696579071702821,0.4472135954999579
408,updated,9,finish,0.056022098894496726,understand,0.05,understand,0.75,0.26249999999999996,0.29069228351107385,0.1799684728657295,0.02,0.1,0.7271386574823064,0.5
408,updated,9,finish,0.056022098894496726,create,0.05,create,0.75,0.26249999999999996,0.29069228351107385,0.12137822315623724,0.02,0.0,0.5685484077728143,0.5
408,updated,9,finish,0.056022098894496726,explore,0.05,explore,0.75,0.26249999999999996,0.29069228351107385,0.24012577944361657,0.02,0.0,0.6872959640601936,0.5
408,updated,9,finish,0.009398948539263331,finish,0.05,finish,0.9166666666666666,0.3208333333333333,0.22926177582376966,0.2393441003016638,0.92,0.1,0.8300402609195033,0.2886751345948129
408,updated,9,finish,0.08683425328646992,connect,0.05,connect,0.6,0.21,0.2753476830486174,0.2191834242327529,0.02,0.1,0.6676968539949003,0.4472135954999579
408,frozen,0,connect,0.056022098894496726,understand,0.05,understand,0.75,0.26249999999999996,0.29069228351107385,0.18395268999246295,0.02,0.1,0.7311228746090399,0.5
408,frozen,0,connect,0.056022098894496726,create,0.05,create,0.75,0.26249999999999996,0.29069228351107385,0.1109200964857418,0.02,0.0,0.5580902811023188,0.5
408,frozen,0,connect,0.056022098894496726,explore,0.05,explore,0.75,0.26249999999999996,0.29069228351107385,0.2589386158000166,0.02,0.0,0.7061088004165937,0.5
408,frozen,0,connect,0.056022098894496726,finish,0.05,finish,0.75,0.26249999999999996,0.29069228351107385,0.19895692108991106,0.02,0.1,0.746127105706488,0.5
408,frozen,0,connect,0.056022098894496726,connect,0.05,connect,0.75,0.26249999999999996,0.29069228351107385,0.24723167663186765,0.92,0.1,0.7944018612484447,0.5
408,frozen,1,connect,0.056022098894496726,understand,0.05,understand,0.75,0.26249999999999996,0.29069228351107385,0.18395268999246295,0.02,0.1,0.7311228746090399,0.5
408,frozen,1,connect,0.056022098894496726,create,0.05,create,0.75,0.26249999999999996,0.29069228351107385,0.1109200964857418,0.02,0.0,0.5580902811023188,0.5
408,frozen,1,connect,0.056022098894496726,explore,0.05,explore,0.75,0.26249999999999996,0.29069228351107385,0.2589386158000166,0.02,0.0,0.7061088004165937,0.5
408,frozen,1,connect,0.056022098894496726,finish,0.05,finish,0.75,0.26249999999999996,0.29069228351107385,0.19895692108991106,0.02,0.1,0.746127105706488,0.5
408,frozen,1,connect,0.056022098894496726,connect,0.05,connect,0.75,0.26249999999999996,0.29069228351107385,0.24723167663186765,0.92,0.1,0.7944018612484447,0.5
408,frozen,2,connect,0.056022098894496726,understand,0.05,understand,0.75,0.26249999999999996,0.29069228351107385,0.18395268999246295,0.02,0.1,0.7311228746090399,0.5
408,frozen,2,connect,0.056022098894496726,create,0.05,create,0.75,0.26249999999999996,0.29069228351107385,0.1109200964857418,0.02,0.0,0.5580902811023188,0.5
408,frozen,2,connect,0.056022098894496726,explore,0.05,explore,0.75,0.26249999999999996,0.29069228351107385,0.2589386158000166,0.02,0.0,0.7061088004165937,0.5
408,frozen,2,connect,0.056022098894496726,finish,0.05,finish,0.75,0.26249999999999996,0.29069228351107385,0.19895692108991106,0.02,0.1,0.746127105706488,0.5
408,frozen,2,connect,0.056022098894496726,connect,0.05,connect,0.75,0.26249999999999996,0.29069228351107385,0.24723167663186765,0.92,0.1,0.7944018612484447,0.5
408,frozen,3,connect,0.056022098894496726,understand,0.05,understand,0.75,0.26249999999999996,0.29069228351107385,0.18395268999246295,0.02,0.1,0.7311228746090399,0.5
408,frozen,3,connect,0.056022098894496726,create,0.05,create,0.75,0.26249999999999996,0.29069228351107385,0.1109200964857418,0.02,0.0,0.5580902811023188,0.5
408,frozen,3,connect,0.056022098894496726,explore,0.05,explore,0.75,0.26249999999999996,0.29069228351107385,0.2589386158000166,0.02,0.0,0.7061088004165937,0.5
408,frozen,3,connect,0.056022098894496726,finish,0.05,finish,0.75,0.26249999999999996,0.29069228351107385,0.19895692108991106,0.02,0.1,0.746127105706488,0.5
408,frozen,3,connect,0.056022098894496726,connect,0.05,connect,0.75,0.26249999999999996,0.29069228351107385,0.24723167663186765,0.92,0.1,0.7944018612484447,0.5
408,frozen,4,connect,0.056022098894496726,understand,0.05,understand,0.75,0.26249999999999996,0.29069228351107385,0.18395268999246295,0.02,0.1,0.7311228746090399,0.5
408,frozen,4,connect,0.056022098894496726,create,0.05,create,0.75,0.26249999999999996,0.29069228351107385,0.1109200964857418,0.02,0.0,0.5580902811023188,0.5
408,frozen,4,connect,0.056022098894496726,explore,0.05,explore,0.75,0.26249999999999996,0.29069228351107385,0.2589386158000166,0.02,0.0,0.7061088004165937,0.5
408,frozen,4,connect,0.056022098894496726,finish,0.05,finish,0.75,0.26249999999999996,0.29069228351107385,0.19895692108991106,0.02,0.1,0.746127105706488,0.5
408,frozen,4,connect,0.056022098894496726,connect,0.05,connect,0.75,0.26249999999999996,0.29069228351107385,0.24723167663186765,0.92,0.1,0.7944018612484447,0.5
408,frozen,5,connect,0.056022098894496726,understand,0.05,understand,0.75,0.26249999999999996,0.29069228351107385,0.18395268999246295,0.02,0.1,0.7311228746090399,0.5
408,frozen,5,connect,0.056022098894496726,create,0.05,create,0.75,0.26249999999999996,0.29069228351107385,0.1109200964857418,0.02,0.0,0.5580902811023188,0.5
408,frozen,5,connect,0.056022098894496726,explore,0.05,explore,0.75,0.26249999999999996,0.29069228351107385,0.2589386158000166,0.02,0.0,0.7061088004165937,0.5
408,frozen,5,connect,0.056022098894496726,finish,0.05,finish,0.75,0.26249999999999996,0.29069228351107385,0.19895692108991106,0.02,0.1,0.746127105706488,0.5
408,frozen,5,connect,0.056022098894496726,connect,0.05,connect,0.75,0.26249999999999996,0.29069228351107385,0.24723167663186765,0.92,0.1,0.7944018612484447,0.5
408,frozen,6,connect,0.056022098894496726,understand,0.05,understand,0.75,0.26249999999999996,0.29069228351107385,0.18395268999246295,0.02,0.1,0.7311228746090399,0.5
408,frozen,6,connect,0.056022098894496726,create,0.05,create,0.75,0.26249999999999996,0.29069228351107385,0.1109200964857418,0.02,0.0,0.5580902811023188,0.5
408,frozen,6,connect,0.056022098894496726,explore,0.05,explore,0.75,0.26249999999999996,0.29069228351107385,0.2589386158000166,0.02,0.0,0.7061088004165937,0.5
408,frozen,6,connect,0.056022098894496726,finish,0.05,finish,0.75,0.26249999999999996,0.29069228351107385,0.19895692108991106,0.02,0.1,0.746127105706488,0.5
408,frozen,6,connect,0.056022098894496726,connect,0.05,connect,0.75,0.26249999999999996,0.29069228351107385,0.24723167663186765,0.92,0.1,0.7944018612484447,0.5
408,frozen,7,connect,0.056022098894496726,understand,0.05,understand,0.75,0.26249999999999996,0.29069228351107385,0.18395268999246295,0.02,0.1,0.7311228746090399,0.5
408,frozen,7,connect,0.056022098894496726,create,0.05,create,0.75,0.26249999999999996,0.29069228351107385,0.1109200964857418,0.02,0.0,0.5580902811023188,0.5
408,frozen,7,connect,0.056022098894496726,explore,0.05,explore,0.75,0.26249999999999996,0.29069228351107385,0.2589386158000166,0.02,0.0,0.7061088004165937,0.5
408,frozen,7,connect,0.056022098894496726,finish,0.05,finish,0.75,0.26249999999999996,0.29069228351107385,0.19895692108991106,0.02,0.1,0.746127105706488,0.5
408,frozen,7,connect,0.056022098894496726,connect,0.05,connect,0.75,0.26249999999999996,0.29069228351107385,0.24723167663186765,0.92,0.1,0.7944018612484447,0.5
408,frozen,8,connect,0.056022098894496726,understand,0.05,understand,0.75,0.26249999999999996,0.29069228351107385,0.18395268999246295,0.02,0.1,0.7311228746090399,0.5
408,frozen,8,connect,0.056022098894496726,create,0.05,create,0.75,0.26249999999999996,0.29069228351107385,0.1109200964857418,0.02,0.0,0.5580902811023188,0.5
408,frozen,8,connect,0.056022098894496726,explore,0.05,explore,0.75,0.26249999999999996,0.29069228351107385,0.2589386158000166,0.02,0.0,0.7061088004165937,0.5
408,frozen,8,connect,0.056022098894496726,finish,0.05,finish,0.75,0.26249999999999996,0.29069228351107385,0.19895692108991106,0.02,0.1,0.746127105706488,0.5
408,frozen,8,connect,0.056022098894496726,connect,0.05,connect,0.75,0.26249999999999996,0.29069228351107385,0.24723167663186765,0.92,0.1,0.7944018612484447,0.5
408,frozen,9,connect,0.056022098894496726,understand,0.05,understand,0.75,0.26249999999999996,0.29069228351107385,0.18395268999246295,0.02,0.1,0.7311228746090399,0.5
408,frozen,9,connect,0.056022098894496726,create,0.05,create,0.75,0.26249999999999996,0.29069228351107385,0.1109200964857418,0.02,0.0,0.5580902811023188,0.5
408,frozen,9,connect,0.056022098894496726,explore,0.05,explore,0.75,0.26249999999999996,0.29069228351107385,0.2589386158000166,0.02,0.0,0.7061088004165937,0.5
408,frozen,9,connect,0.056022098894496726,finish,0.05,finish,0.75,0.26249999999999996,0.29069228351107385,0.19895692108991106,0.02,0.1,0.746127105706488,0.5
408,frozen,9,connect,0.056022098894496726,connect,0.05,connect,0.75,0.26249999999999996,0.29069228351107385,0.24723167663186765,0.92,0.1,0.7944018612484447,0.5
408,neutral,0,connect,0.056022098894496726,understand,0.05,understand,0.75,0.26249999999999996,0.29069228351107385,0.2,0.32,0.1,0.747170184616577,0.5
408,neutral,0,connect,0.056022098894496726,create,0.05,create,0.75,0.26249999999999996,0.29069228351107385,0.2,0.02,0.0,0.647170184616577,0.5
408,neutral,0,connect,0.056022098894496726,explore,0.05,explore,0.75,0.26249999999999996,0.29069228351107385,0.2,0.02,0.0,0.647170184616577,0.5
408,neutral,0,connect,0.056022098894496726,finish,0.05,finish,0.75,0.26249999999999996,0.29069228351107385,0.2,0.32,0.1,0.747170184616577,0.5
408,neutral,0,connect,0.056022098894496726,connect,0.05,connect,0.75,0.26249999999999996,0.29069228351107385,0.2,0.32,0.1,0.747170184616577,0.5
408,neutral,1,finish,0.056022098894496726,understand,0.05,understand,0.75,0.26249999999999996,0.29069228351107385,0.2,0.47000000000000003,0.1,0.747170184616577,0.5
408,neutral,1,finish,0.056022098894496726,create,0.05,create,0.75,0.26249999999999996,0.29069228351107385,0.2,0.02,0.0,0.647170184616577,0.5
408,neutral,1,finish,0.056022098894496726,explore,0.05,explore,0.75,0.26249999999999996,0.29069228351107385,0.2,0.02,0.0,0.647170184616577,0.5
408,neutral,1,finish,0.056022098894496726,finish,0.05,finish,0.75,0.26249999999999996,0.29069228351107385,0.2,0.47000000000000003,0.1,0.747170184616577,0.5
408,neutral,1,finish,0.08683425328646992,connect,0.05,connect,0.6,0.21,0.2753476830486174,0.2,0.02,0.1,0.6485134297621474,0.4472135954999579
408,neutral,2,finish,0.056022098894496726,understand,0.05,understand,0.75,0.26249999999999996,0.29069228351107385,0.2,0.02,0.1,0.747170184616577,0.5
408,neutral,2,finish,0.056022098894496726,create,0.05,create,0.75,0.26249999999999996,0.29069228351107385,0.2,0.02,0.0,0.647170184616577,0.5
408,neutral,2,finish,0.056022098894496726,explore,0.05,explore,0.75,0.26249999999999996,0.29069228351107385,0.2,0.02,0.0,0.647170184616577,0.5
408,neutral,2,finish,0.044817679115597385,finish,0.05,finish,0.8,0.27999999999999997,0.2753476830486174,0.2,0.92,0.1,0.76053000393302,0.4472135954999579
408,neutral,2,finish,0.08683425328646992,connect,0.05,connect,0.6,0.21,0.2753476830486174,0.2,0.02,0.1,0.6485134297621474,0.4472135954999579
408,neutral,3,finish,0.056022098894496726,understand,0.05,understand,0.75,0.26249999999999996,0.29069228351107385,0.2,0.02,0.1,0.747170184616577,0.5
408,neutral,3,finish,0.056022098894496726,create,0.05,create,0.75,0.26249999999999996,0.29069228351107385,0.2,0.02,0.0,0.647170184616577,0.5
408,neutral,3,finish,0.056022098894496726,explore,0.05,explore,0.75,0.26249999999999996,0.29069228351107385,0.2,0.02,0.0,0.647170184616577,0.5
408,neutral,3,finish,0.03585414329247791,finish,0.05,finish,0.8333333333333334,0.2916666666666667,0.26402076954996945,0.2,0.92,0.1,0.7698332929241581,0.4082482904638631
408,neutral,3,finish,0.08683425328646992,connect,0.05,connect,0.6,0.21,0.2753476830486174,0.2,0.02,0.1,0.6485134297621474,0.4472135954999579
408,neutral,4,finish,0.056022098894496726,understand,0.05,understand,0.75,0.26249999999999996,0.29069228351107385,0.2,0.02,0.1,0.747170184616577,0.5
408,neutral,4,finish,0.056022098894496726,create,0.05,create,0.75,0.26249999999999996,0.29069228351107385,0.2,0.02,0.0,0.647170184616577,0.5
408,neutral,4,finish,0.056022098894496726,explore,0.05,explore,0.75,0.26249999999999996,0.29069228351107385,0.2,0.02,0.0,0.647170184616577,0.5
408,neutral,4,finish,0.02868331463398233,finish,0.05,finish,0.8571428571428571,0.3,0.2552174975006488,0.2,0.92,0.1,0.7765341828666664,0.3779644730092272
408,neutral,4,finish,0.08683425328646992,connect,0.05,connect,0.6,0.21,0.2753476830486174,0.2,0.02,0.1,0.6485134297621474,0.4472135954999579
408,neutral,5,finish,0.056022098894496726,understand,0.05,understand,0.75,0.26249999999999996,0.29069228351107385,0.2,0.02,0.1,0.747170184616577,0.5
408,neutral,5,finish,0.056022098894496726,create,0.05,create,0.75,0.26249999999999996,0.29069228351107385,0.2,0.02,0.0,0.647170184616577,0.5
408,neutral,5,finish,0.056022098894496726,explore,0.05,explore,0.75,0.26249999999999996,0.29069228351107385,0.2,0.02,0.0,0.647170184616577,0.5
408,neutral,5,finish,0.022946651707185864,finish,0.05,finish,0.875,0.30624999999999997,0.2481213842101783,0.2,0.92,0.1,0.7814247325029923,0.35355339059327373
408,neutral,5,finish,0.08683425328646992,connect,0.05,connect,0.6,0.21,0.2753476830486174,0.2,0.02,0.1,0.6485134297621474,0.4472135954999579
408,neutral,6,finish,0.056022098894496726,understand,0.05,understand,0.75,0.26249999999999996,0.29069228351107385,0.2,0.02,0.1,0.747170184616577,0.5
408,neutral,6,finish,0.056022098894496726,create,0.05,create,0.75,0.26249999999999996,0.29069228351107385,0.2,0.02,0.0,0.647170184616577,0.5
408,neutral,6,finish,0.056022098894496726,explore,0.05,explore,0.75,0.26249999999999996,0.29069228351107385,0.2,0.02,0.0,0.647170184616577,0.5
408,neutral,6,finish,0.01835732136574869,finish,0.05,finish,0.8888888888888888,0.31111111111111106,0.24224356959256152,0.2,0.92,0.1,0.7849973593379239,0.3333333333333333
408,neutral,6,finish,0.08683425328646992,connect,0.05,connect,0.6,0.21,0.2753476830486174,0.2,0.02,0.1,0.6485134297621474,0.4472135954999579
408,neutral,7,finish,0.056022098894496726,understand,0.05,understand,0.75,0.26249999999999996,0.29069228351107385,0.2,0.02,0.1,0.747170184616577,0.5
408,neutral,7,finish,0.056022098894496726,create,0.05,create,0.75,0.26249999999999996,0.29069228351107385,0.2,0.02,0.0,0.647170184616577,0.5
408,neutral,7,finish,0.056022098894496726,explore,0.05,explore,0.75,0.26249999999999996,0.29069228351107385,0.2,0.02,0.0,0.647170184616577,0.5
408,neutral,7,finish,0.014685857092598955,finish,0.05,finish,0.9,0.315,0.23727111316857713,0.2,0.92,0.1,0.7875852560759781,0.31622776601683794
408,neutral,7,finish,0.08683425328646992,connect,0.05,connect,0.6,0.21,0.2753476830486174,0.2,0.02,0.1,0.6485134297621474,0.4472135954999579
408,neutral,8,finish,0.056022098894496726,understand,0.05,understand,0.75,0.26249999999999996,0.29069228351107385,0.2,0.02,0.1,0.747170184616577,0.5
408,neutral,8,finish,0.056022098894496726,create,0.05,create,0.75,0.26249999999999996,0.29069228351107385,0.2,0.02,0.0,0.647170184616577,0.5
408,neutral,8,finish,0.056022098894496726,explore,0.05,explore,0.75,0.26249999999999996,0.29069228351107385,0.2,0.02,0.0,0.647170184616577,0.5
408,neutral,8,finish,0.011748685674079162,finish,0.05,finish,0.9090909090909091,0.3181818181818182,0.23299316301534126,0.2,0.92,0.1,0.7894262955230802,0.30151134457776363
408,neutral,8,finish,0.08683425328646992,connect,0.05,connect,0.6,0.21,0.2753476830486174,0.2,0.02,0.1,0.6485134297621474,0.4472135954999579
408,neutral,9,finish,0.056022098894496726,understand,0.05,understand,0.75,0.26249999999999996,0.29069228351107385,0.2,0.02,0.1,0.747170184616577,0.5
408,neutral,9,finish,0.056022098894496726,create,0.05,create,0.75,0.26249999999999996,0.29069228351107385,0.2,0.02,0.0,0.647170184616577,0.5
408,neutral,9,finish,0.056022098894496726,explore,0.05,explore,0.75,0.26249999999999996,0.29069228351107385,0.2,0.02,0.0,0.647170184616577,0.5
408,neutral,9,finish,0.009398948539263331,finish,0.05,finish,0.9166666666666666,0.3208333333333333,0.22926177582376966,0.2,0.92,0.1,0.7906961606178394,0.2886751345948129
408,neutral,9,finish,0.08683425328646992,connect,0.05,connect,0.6,0.21,0.2753476830486174,0.2,0.02,0.1,0.6485134297621474,0.4472135954999579
408,no-aversion,0,connect,0.0,understand,0.05,understand,0.75,0.26249999999999996,0.29069228351107385,0.18395268999246295,0.02,0.1,0.7871449735035366,0.5
408,no-aversion,0,connect,0.0,create,0.05,create,0.75,0.26249999999999996,0.29069228351107385,0.1109200964857418,0.02,0.0,0.6141123799968156,0.5
408,no-aversion,0,connect,0.0,explore,0.05,explore,0.75,0.26249999999999996,0.29069228351107385,0.2589386158000166,0.02,0.0,0.7621308993110905,0.5
408,no-aversion,0,connect,0.0,finish,0.05,finish,0.75,0.26249999999999996,0.29069228351107385,0.19895692108991106,0.02,0.1,0.8021492046009847,0.5
408,no-aversion,0,connect,0.0,connect,0.05,connect,0.75,0.26249999999999996,0.29069228351107385,0.24723167663186765,0.92,0.1,0.8504239601429414,0.5
408,no-aversion,1,finish,0.0,understand,0.05,understand,0.75,0.26249999999999996,0.29069228351107385,0.18690706851367067,0.02,0.1,0.7900993520247445,0.5
408,no-aversion,1,finish,0.0,create,0.05,create,0.75,0.26249999999999996,0.29069228351107385,0.11428960592145619,0.02,0.0,0.61748188943253,0.5
408,no-aversion,1,finish,0.0,explore,0.05,explore,0.75,0.26249999999999996,0.29069228351107385,0.26146676030075566,0.02,0.0,0.7646590438118295,0.5
408,no-aversion,1,finish,0.0,finish,0.05,finish,0.75,0.26249999999999996,0.29069228351107385,0.20182601275660797,0.92,0.1,0.8050182962676816,0.5
408,no-aversion,1,finish,0.0,connect,0.05,connect,0.6,0.21,0.2753476830486174,0.23551055250750952,0.02,0.1,0.7708582355561268,0.4472135954999579
408,no-aversion,2,finish,0.0,understand,0.05,understand,0.75,0.26249999999999996,0.29069228351107385,0.18604995397762442,0.02,0.1,0.7892422374886982,0.5
408,no-aversion,2,finish,0.0,create,0.05,create,0.75,0.26249999999999996,0.29069228351107385,0.11531958605728236,0.02,0.0,0.6185118695683561,0.5
408,no-aversion,2,finish,0.0,explore,0.05,explore,0.75,0.26249999999999996,0.29069228351107385,0.25867207879272686,0.02,0.0,0.7618643623038006,0.5
408,no-aversion,2,finish,0.0,finish,0.05,finish,0.8,0.27999999999999997,0.2753476830486174,0.20656799167994813,0.92,0.1,0.8119156747285655,0.4472135954999579
408,no-aversion,2,finish,0.0,connect,0.05,connect,0.6,0.21,0.2753476830486174,0.23339038949241822,0.02,0.1,0.7687380725410355,0.4472135954999579
408,no-aversion,3,finish,0.0,understand,0.05,understand,0.75,0.26249999999999996,0.29069228351107385,0.1851891065646934,0.02,0.1,0.7883813900757671,0.5
408,no-aversion,3,finish,0.0,create,0.05,create,0.75,0.26249999999999996,0.29069228351107385,0.1163066806543913,0.02,0.0,0.6194989641654651,0.5
408,no-aversion,3,finish,0.0,explore,0.05,explore,0.75,0.26249999999999996,0.29069228351107385,0.2559138642481087,0.02,0.0,0.7591061477591825,0.5
408,no-aversion,3,finish,0.0,finish,0.05,finish,0.8333333333333334,0.2916666666666667,0.26402076954996945,0.2112976497235242,0.92,0.1,0.8169850859401603,0.4082482904638631
408,no-aversion,3,finish,0.0,connect,0.05,connect,0.6,0.21,0.2753476830486174,0.2312926988092825,0.02,0.1,0.7666403818578998,0.4472135954999579
408,no-aversion,4,finish,0.0,understand,0.05,understand,0.75,0.26249999999999996,0.29069228351107385,0.18432493860216767,0.02,0.1,0.7875172221132415,0.5
408,no-aversion,4,finish,0.0,create,0.05,create,0.75,0.26249999999999996,0.29069228351107385,0.11725177510210837,0.02,0.0,0.6204440586131821,0.5
408,no-aversion,4,finish,0.0,explore,0.05,explore,0.75,0.26249999999999996,0.29069228351107385,0.25319204327962236,0.02,0.0,0.7563843267906962,0.5
408,no-aversion,4,finish,0.0,finish,0.05,finish,0.8571428571428571,0.3,0.2552174975006488,0.2160136668551441,0.92,0.1,0.8212311643557928,0.3779644730092272
408,no-aversion,4,finish,0.0,connect,0.05,connect,0.6,0.21,0.2753476830486174,0.22921757616095761,0.02,0.1,0.764565259209575,0.4472135954999579
408,no-aversion,5,finish,0.0,understand,0.05,understand,0.75,0.26249999999999996,0.29069228351107385,0.18345785915616844,0.02,0.1,0.7866501426672422,0.5
408,no-aversion,5,finish,0.0,create,0.05,create,0.75,0.26249999999999996,0.29069228351107385,0.11815575505764715,0.02,0.0,0.6213480385687209,0.5
408,no-aversion,5,finish,0.0,explore,0.05,explore,0.75,0.26249999999999996,0.29069228351107385,0.25050653561537456,0.02,0.0,0.7536988191264484,0.5
408,no-aversion,5,finish,0.0,finish,0.05,finish,0.875,0.30624999999999997,0.2481213842101783,0.22071473854370802,0.92,0.1,0.8250861227538862,0.35355339059327373
408,no-aversion,5,finish,0.0,connect,0.05,connect,0.6,0.21,0.2753476830486174,0.22716511162710187,0.02,0.1,0.7625127946757192,0.4472135954999579
408,no-aversion,6,finish,0.0,understand,0.05,understand,0.75,0.26249999999999996,0.29069228351107385,0.18258827365524777,0.02,0.1,0.7857805571663216,0.5
408,no-aversion,6,finish,0.0,create,0.05,create,0.75,0.26249999999999996,0.29069228351107385,0.11901950592487347,0.02,0.0,0.6222117894359472,0.5
408,no-aversion,6,finish,0.0,explore,0.05,explore,0.75,0.26249999999999996,0.29069228351107385,0.2478572538711671,0.02,0.0,0.7510495373822408,0.5
408,no-aversion,6,finish,0.0,finish,0.05,finish,0.8888888888888888,0.31111111111111106,0.24224356959256152,0.22539957716399522,0.92,0.1,0.8287542578676678,0.3333333333333333
408,no-aversion,6,finish,0.0,connect,0.05,connect,0.6,0.21,0.2753476830486174,0.22513538938471647,0.02,0.1,0.7604830724333338,0.4472135954999579
408,no-aversion,7,finish,0.0,understand,0.05,understand,0.75,0.26249999999999996,0.29069228351107385,0.18171658352178943,0.02,0.1,0.7849088670328631,0.5
408,no-aversion,7,finish,0.0,create,0.05,create,0.75,0.26249999999999996,0.29069228351107385,0.11984391232789315,0.02,0.0,0.623036195838967,0.5
408,no-aversion,7,finish,0.0,explore,0.05,explore,0.75,0.26249999999999996,0.29069228351107385,0.24524410334393149,0.02,0.0,0.7484363868550052,0.5
408,no-aversion,7,finish,0.0,finish,0.05,finish,0.9,0.315,0.23727111316857713,0.23006691336121424,0.92,0.1,0.8323380265297914,0.31622776601683794
408,no-aversion,7,finish,0.0,connect,0.05,connect,0.6,0.21,0.2753476830486174,0.22312848744517177,0.02,0.1,0.7584761704937891,0.4472135954999579
408,no-aversion,8,finish,0.0,understand,0.05,understand,0.75,0.26249999999999996,0.29069228351107385,0.18084318581206094,0.02,0.1,0.7840354693231347,0.5
408,no-aversion,8,finish,0.0,create,0.05,create,0.75,0.26249999999999996,0.29069228351107385,0.12062985758096563,0.02,0.0,0.6238221410920394,0.5
408,no-aversion,8,finish,0.0,explore,0.05,explore,0.75,0.26249999999999996,0.29069228351107385,0.24266698182647004,0.02,0.0,0.7458592653375438,0.5
408,no-aversion,8,finish,0.0,finish,0.05,finish,0.9090909090909091,0.3181818181818182,0.23299316301534126,0.23471549737236874,0.92,0.1,0.8358904785695281,0.30151134457776363
408,no-aversion,8,finish,0.0,connect,0.05,connect,0.6,0.21,0.2753476830486174,0.22114447740813462,0.02,0.1,0.7564921604567519,0.4472135954999579
408,no-aversion,9,finish,0.0,understand,0.05,understand,0.75,0.26249999999999996,0.29069228351107385,0.1799684728657295,0.02,0.1,0.7831607563768032,0.5
408,no-aversion,9,finish,0.0,create,0.05,create,0.75,0.26249999999999996,0.29069228351107385,0.12137822315623724,0.02,0.0,0.6245705066673111,0.5
408,no-aversion,9,finish,0.0,explore,0.05,explore,0.75,0.26249999999999996,0.29069228351107385,0.24012577944361657,0.02,0.0,0.7433180629546903,0.5
408,no-aversion,9,finish,0.0,finish,0.05,finish,0.9166666666666666,0.3208333333333333,0.22926177582376966,0.2393441003016638,0.92,0.1,0.8394392094587667,0.2886751345948129
408,no-aversion,9,finish,0.0,connect,0.05,connect,0.6,0.21,0.2753476830486174,0.2191834242327529,0.02,0.1,0.7545311072813702,0.4472135954999579
408,no-dream,0,connect,0.056022098894496726,understand,0.05,understand,0.75,0.26249999999999996,0.29069228351107385,0.18395268999246295,0.02,0.1,0.7311228746090399,0.5
408,no-dream,0,connect,0.056022098894496726,create,0.05,create,0.75,0.26249999999999996,0.29069228351107385,0.1109200964857418,0.02,0.0,0.5580902811023188,0.5
408,no-dream,0,connect,0.056022098894496726,explore,0.05,explore,0.75,0.26249999999999996,0.29069228351107385,0.2589386158000166,0.02,0.0,0.7061088004165937,0.5
408,no-dream,0,connect,0.056022098894496726,finish,0.05,finish,0.75,0.26249999999999996,0.29069228351107385,0.19895692108991106,0.02,0.1,0.746127105706488,0.5
408,no-dream,0,connect,0.056022098894496726,connect,0.05,connect,0.75,0.26249999999999996,0.29069228351107385,0.24723167663186765,0.92,0.1,0.7944018612484447,0.5
408,no-dream,1,finish,0.056022098894496726,understand,0.05,understand,0.75,0.26249999999999996,0.29069228351107385,0.18690706851367067,0.02,0.1,0.7340772531302477,0.5
408,no-dream,1,finish,0.056022098894496726,create,0.05,create,0.75,0.26249999999999996,0.29069228351107385,0.11428960592145619,0.02,0.0,0.5614597905380333,0.5
408,no-dream,1,finish,0.056022098894496726,explore,0.05,explore,0.75,0.26249999999999996,0.29069228351107385,0.26146676030075566,0.02,0.0,0.7086369449173328,0.5
408,no-dream,1,finish,0.056022098894496726,finish,0.05,finish,0.75,0.26249999999999996,0.29069228351107385,0.20182601275660797,0.92,0.1,0.7489961973731849,0.5
408,no-dream,1,finish,0.08683425328646992,connect,0.05,connect,0.6,0.21,0.2753476830486174,0.23551055250750952,0.02,0.1,0.6840239822696569,0.4472135954999579
408,no-dream,2,finish,0.056022098894496726,understand,0.05,understand,0.75,0.26249999999999996,0.29069228351107385,0.18604995397762442,0.02,0.1,0.7332201385942014,0.5
408,no-dream,2,finish,0.056022098894496726,create,0.05,create,0.75,0.26249999999999996,0.29069228351107385,0.11531958605728236,0.02,0.0,0.5624897706738594,0.5
408,no-dream,2,finish,0.056022098894496726,explore,0.05,explore,0.75,0.26249999999999996,0.29069228351107385,0.25867207879272686,0.02,0.0,0.7058422634093039,0.5
408,no-dream,2,finish,0.044817679115597385,finish,0.05,finish,0.8,0.27999999999999997,0.2753476830486174,0.20656799167994813,0.92,0.1,0.7670979956129681,0.4472135954999579
408,no-dream,2,finish,0.08683425328646992,connect,0.05,connect,0.6,0.21,0.2753476830486174,0.23339038949241822,0.02,0.1,0.6819038192545657,0.4472135954999579
408,no-dream,3,finish,0.056022098894496726,understand,0.05,understand,0.75,0.26249999999999996,0.29069228351107385,0.1851891065646934,0.02,0.1,0.7323592911812704,0.5
408,no-dream,3,finish,0.056022098894496726,create,0.05,create,0.75,0.26249999999999996,0.29069228351107385,0.1163066806543913,0.02,0.0,0.5634768652709684,0.5
408,no-dream,3,finish,0.056022098894496726,explore,0.05,explore,0.75,0.26249999999999996,0.29069228351107385,0.2559138642481087,0.02,0.0,0.7030840488646858,0.5
408,no-dream,3,finish,0.03585414329247791,finish,0.05,finish,0.8333333333333334,0.2916666666666667,0.26402076954996945,0.2112976497235242,0.92,0.1,0.7811309426476823,0.4082482904638631
408,no-dream,3,finish,0.08683425328646992,connect,0.05,connect,0.6,0.21,0.2753476830486174,0.2312926988092825,0.02,0.1,0.67980612857143,0.4472135954999579
408,no-dream,4,finish,0.056022098894496726,understand,0.05,understand,0.75,0.26249999999999996,0.29069228351107385,0.18432493860216767,0.02,0.1,0.7314951232187448,0.5
408,no-dream,4,finish,0.056022098894496726,create,0.05,create,0.75,0.26249999999999996,0.29069228351107385,0.11725177510210837,0.02,0.0,0.5644219597186854,0.5
408,no-dream,4,finish,0.056022098894496726,explore,0.05,explore,0.75,0.26249999999999996,0.29069228351107385,0.25319204327962236,0.02,0.0,0.7003622278961995,0.5
408,no-dream,4,finish,0.02868331463398233,finish,0.05,finish,0.8571428571428571,0.3,0.2552174975006488,0.2160136668551441,0.92,0.1,0.7925478497218105,0.3779644730092272
408,no-dream,4,finish,0.08683425328646992,connect,0.05,connect,0.6,0.21,0.2753476830486174,0.22921757616095761,0.02,0.1,0.6777310059231051,0.4472135954999579
408,no-dream,5,finish,0.056022098894496726,understand,0.05,understand,0.75,0.26249999999999996,0.29069228351107385,0.18345785915616844,0.02,0.1,0.7306280437727455,0.5
408,no-dream,5,finish,0.056022098894496726,create,0.05,create,0.75,0.26249999999999996,0.29069228351107385,0.11815575505764715,0.02,0.0,0.5653259396742242,0.5
408,no-dream,5,finish,0.056022098894496726,explore,0.05,explore,0.75,0.26249999999999996,0.29069228351107385,0.25050653561537456,0.02,0.0,0.6976767202319517,0.5
408,no-dream,5,finish,0.022946651707185864,finish,0.05,finish,0.875,0.30624999999999997,0.2481213842101783,0.22071473854370802,0.92,0.1,0.8021394710467002,0.35355339059327373
408,no-dream,5,finish,0.08683425328646992,connect,0.05,connect,0.6,0.21,0.2753476830486174,0.22716511162710187,0.02,0.1,0.6756785413892493,0.4472135954999579
408,no-dream,6,finish,0.056022098894496726,understand,0.05,understand,0.75,0.26249999999999996,0.29069228351107385,0.18258827365524777,0.02,0.1,0.7297584582718248,0.5
408,no-dream,6,finish,0.056022098894496726,create,0.05,create,0.75,0.26249999999999996,0.29069228351107385,0.11901950592487347,0.02,0.0,0.5661896905414505,0.5
408,no-dream,6,finish,0.056022098894496726,explore,0.05,explore,0.75,0.26249999999999996,0.29069228351107385,0.2478572538711671,0.02,0.0,0.6950274384877441,0.5
408,no-dream,6,finish,0.01835732136574869,finish,0.05,finish,0.8888888888888888,0.31111111111111106,0.24224356959256152,0.22539957716399522,0.92,0.1,0.8103969365019191,0.3333333333333333
408,no-dream,6,finish,0.08683425328646992,connect,0.05,connect,0.6,0.21,0.2753476830486174,0.22513538938471647,0.02,0.1,0.6736488191468639,0.4472135954999579
408,no-dream,7,finish,0.056022098894496726,understand,0.05,understand,0.75,0.26249999999999996,0.29069228351107385,0.18171658352178943,0.02,0.1,0.7288867681383664,0.5
408,no-dream,7,finish,0.056022098894496726,create,0.05,create,0.75,0.26249999999999996,0.29069228351107385,0.11984391232789315,0.02,0.0,0.5670140969444702,0.5
408,no-dream,7,finish,0.056022098894496726,explore,0.05,explore,0.75,0.26249999999999996,0.29069228351107385,0.24524410334393149,0.02,0.0,0.6924142879605085,0.5
408,no-dream,7,finish,0.014685857092598955,finish,0.05,finish,0.9,0.315,0.23727111316857713,0.23006691336121424,0.92,0.1,0.8176521694371924,0.31622776601683794
408,no-dream,7,finish,0.08683425328646992,connect,0.05,connect,0.6,0.21,0.2753476830486174,0.22312848744517177,0.02,0.1,0.6716419172073193,0.4472135954999579
408,no-dream,8,finish,0.056022098894496726,understand,0.05,understand,0.75,0.26249999999999996,0.29069228351107385,0.18084318581206094,0.02,0.1,0.728013370428638,0.5
408,no-dream,8,finish,0.056022098894496726,create,0.05,create,0.75,0.26249999999999996,0.29069228351107385,0.12062985758096563,0.02,0.0,0.5678000421975427,0.5
408,no-dream,8,finish,0.056022098894496726,explore,0.05,explore,0.75,0.26249999999999996,0.29069228351107385,0.24266698182647004,0.02,0.0,0.689837166443047,0.5
408,no-dream,8,finish,0.011748685674079162,finish,0.05,finish,0.9090909090909091,0.3181818181818182,0.23299316301534126,0.23471549737236874,0.92,0.1,0.824141792895449,0.30151134457776363
408,no-dream,8,finish,0.08683425328646992,connect,0.05,connect,0.6,0.21,0.2753476830486174,0.22114447740813462,0.02,0.1,0.6696579071702821,0.4472135954999579
408,no-dream,9,finish,0.056022098894496726,understand,0.05,understand,0.75,0.26249999999999996,0.29069228351107385,0.1799684728657295,0.02,0.1,0.7271386574823064,0.5
408,no-dream,9,finish,0.056022098894496726,create,0.05,create,0.75,0.26249999999999996,0.29069228351107385,0.12137822315623724,0.02,0.0,0.5685484077728143,0.5
408,no-dream,9,finish,0.056022098894496726,explore,0.05,explore,0.75,0.26249999999999996,0.29069228351107385,0.24012577944361657,0.02,0.0,0.6872959640601936,0.5
408,no-dream,9,finish,0.009398948539263331,finish,0.05,finish,0.9166666666666666,0.3208333333333333,0.22926177582376966,0.2393441003016638,0.92,0.1,0.8300402609195033,0.2886751345948129
408,no-dream,9,finish,0.08683425328646992,connect,0.05,connect,0.6,0.21,0.2753476830486174,0.2191834242327529,0.02,0.1,0.6676968539949003,0.4472135954999579
408,restarted,0,connect,0.056022098894496726,understand,0.05,understand,0.75,0.26249999999999996,0.29069228351107385,0.18395268999246295,0.02,0.1,0.7311228746090399,0.5
408,restarted,0,connect,0.056022098894496726,create,0.05,create,0.75,0.26249999999999996,0.29069228351107385,0.1109200964857418,0.02,0.0,0.5580902811023188,0.5
408,restarted,0,connect,0.056022098894496726,explore,0.05,explore,0.75,0.26249999999999996,0.29069228351107385,0.2589386158000166,0.02,0.0,0.7061088004165937,0.5
408,restarted,0,connect,0.056022098894496726,finish,0.05,finish,0.75,0.26249999999999996,0.29069228351107385,0.19895692108991106,0.02,0.1,0.746127105706488,0.5
408,restarted,0,connect,0.056022098894496726,connect,0.05,connect,0.75,0.26249999999999996,0.29069228351107385,0.24723167663186765,0.92,0.1,0.7944018612484447,0.5
408,restarted,1,finish,0.056022098894496726,understand,0.05,understand,0.75,0.26249999999999996,0.29069228351107385,0.18690706851367067,0.02,0.1,0.7340772531302477,0.5
408,restarted,1,finish,0.056022098894496726,create,0.05,create,0.75,0.26249999999999996,0.29069228351107385,0.11428960592145619,0.02,0.0,0.5614597905380333,0.5
408,restarted,1,finish,0.056022098894496726,explore,0.05,explore,0.75,0.26249999999999996,0.29069228351107385,0.26146676030075566,0.02,0.0,0.7086369449173328,0.5
408,restarted,1,finish,0.056022098894496726,finish,0.05,finish,0.75,0.26249999999999996,0.29069228351107385,0.20182601275660797,0.92,0.1,0.7489961973731849,0.5
408,restarted,1,finish,0.08683425328646992,connect,0.05,connect,0.6,0.21,0.2753476830486174,0.23551055250750952,0.02,0.1,0.6840239822696569,0.4472135954999579
408,restarted,2,finish,0.056022098894496726,understand,0.05,understand,0.75,0.26249999999999996,0.29069228351107385,0.18604995397762442,0.02,0.1,0.7332201385942014,0.5
408,restarted,2,finish,0.056022098894496726,create,0.05,create,0.75,0.26249999999999996,0.29069228351107385,0.11531958605728236,0.02,0.0,0.5624897706738594,0.5
408,restarted,2,finish,0.056022098894496726,explore,0.05,explore,0.75,0.26249999999999996,0.29069228351107385,0.25867207879272686,0.02,0.0,0.7058422634093039,0.5
408,restarted,2,finish,0.044817679115597385,finish,0.05,finish,0.8,0.27999999999999997,0.2753476830486174,0.20656799167994813,0.92,0.1,0.7670979956129681,0.4472135954999579
408,restarted,2,finish,0.08683425328646992,connect,0.05,connect,0.6,0.21,0.2753476830486174,0.23339038949241822,0.02,0.1,0.6819038192545657,0.4472135954999579
408,restarted,3,finish,0.056022098894496726,understand,0.05,understand,0.75,0.26249999999999996,0.29069228351107385,0.1851891065646934,0.02,0.1,0.7323592911812704,0.5
408,restarted,3,finish,0.056022098894496726,create,0.05,create,0.75,0.26249999999999996,0.29069228351107385,0.1163066806543913,0.02,0.0,0.5634768652709684,0.5
408,restarted,3,finish,0.056022098894496726,explore,0.05,explore,0.75,0.26249999999999996,0.29069228351107385,0.2559138642481087,0.02,0.0,0.7030840488646858,0.5
408,restarted,3,finish,0.03585414329247791,finish,0.05,finish,0.8333333333333334,0.2916666666666667,0.26402076954996945,0.2112976497235242,0.92,0.1,0.7811309426476823,0.4082482904638631
408,restarted,3,finish,0.08683425328646992,connect,0.05,connect,0.6,0.21,0.2753476830486174,0.2312926988092825,0.02,0.1,0.67980612857143,0.4472135954999579
408,restarted,4,finish,0.056022098894496726,understand,0.05,understand,0.75,0.26249999999999996,0.29069228351107385,0.18432493860216767,0.02,0.1,0.7314951232187448,0.5
408,restarted,4,finish,0.056022098894496726,create,0.05,create,0.75,0.26249999999999996,0.29069228351107385,0.11725177510210837,0.02,0.0,0.5644219597186854,0.5
408,restarted,4,finish,0.056022098894496726,explore,0.05,explore,0.75,0.26249999999999996,0.29069228351107385,0.25319204327962236,0.02,0.0,0.7003622278961995,0.5
408,restarted,4,finish,0.02868331463398233,finish,0.05,finish,0.8571428571428571,0.3,0.2552174975006488,0.2160136668551441,0.92,0.1,0.7925478497218105,0.3779644730092272
408,restarted,4,finish,0.08683425328646992,connect,0.05,connect,0.6,0.21,0.2753476830486174,0.22921757616095761,0.02,0.1,0.6777310059231051,0.4472135954999579
408,restarted,5,finish,0.056022098894496726,understand,0.05,understand,0.75,0.26249999999999996,0.29069228351107385,0.18345785915616844,0.02,0.1,0.7306280437727455,0.5
408,restarted,5,finish,0.056022098894496726,create,0.05,create,0.75,0.26249999999999996,0.29069228351107385,0.11815575505764715,0.02,0.0,0.5653259396742242,0.5
408,restarted,5,finish,0.056022098894496726,explore,0.05,explore,0.75,0.26249999999999996,0.29069228351107385,0.25050653561537456,0.02,0.0,0.6976767202319517,0.5
408,restarted,5,finish,0.022946651707185864,finish,0.05,finish,0.875,0.30624999999999997,0.2481213842101783,0.22071473854370802,0.92,0.1,0.8021394710467002,0.35355339059327373
408,restarted,5,finish,0.08683425328646992,connect,0.05,connect,0.6,0.21,0.2753476830486174,0.22716511162710187,0.02,0.1,0.6756785413892493,0.4472135954999579
408,restarted,6,finish,0.056022098894496726,understand,0.05,understand,0.75,0.26249999999999996,0.29069228351107385,0.18258827365524777,0.02,0.1,0.7297584582718248,0.5
408,restarted,6,finish,0.056022098894496726,create,0.05,create,0.75,0.26249999999999996,0.29069228351107385,0.11901950592487347,0.02,0.0,0.5661896905414505,0.5
408,restarted,6,finish,0.056022098894496726,explore,0.05,explore,0.75,0.26249999999999996,0.29069228351107385,0.2478572538711671,0.02,0.0,0.6950274384877441,0.5
408,restarted,6,finish,0.01835732136574869,finish,0.05,finish,0.8888888888888888,0.31111111111111106,0.24224356959256152,0.22539957716399522,0.92,0.1,0.8103969365019191,0.3333333333333333
408,restarted,6,finish,0.08683425328646992,connect,0.05,connect,0.6,0.21,0.2753476830486174,0.22513538938471647,0.02,0.1,0.6736488191468639,0.4472135954999579
408,restarted,7,finish,0.056022098894496726,understand,0.05,understand,0.75,0.26249999999999996,0.29069228351107385,0.18171658352178943,0.02,0.1,0.7288867681383664,0.5
408,restarted,7,finish,0.056022098894496726,create,0.05,create,0.75,0.26249999999999996,0.29069228351107385,0.11984391232789315,0.02,0.0,0.5670140969444702,0.5
408,restarted,7,finish,0.056022098894496726,explore,0.05,explore,0.75,0.26249999999999996,0.29069228351107385,0.24524410334393149,0.02,0.0,0.6924142879605085,0.5
408,restarted,7,finish,0.014685857092598955,finish,0.05,finish,0.9,0.315,0.23727111316857713,0.23006691336121424,0.92,0.1,0.8176521694371924,0.31622776601683794
408,restarted,7,finish,0.08683425328646992,connect,0.05,connect,0.6,0.21,0.2753476830486174,0.22312848744517177,0.02,0.1,0.6716419172073193,0.4472135954999579
408,restarted,8,finish,0.056022098894496726,understand,0.05,understand,0.75,0.26249999999999996,0.29069228351107385,0.18084318581206094,0.02,0.1,0.728013370428638,0.5
408,restarted,8,finish,0.056022098894496726,create,0.05,create,0.75,0.26249999999999996,0.29069228351107385,0.12062985758096563,0.02,0.0,0.5678000421975427,0.5
408,restarted,8,finish,0.056022098894496726,explore,0.05,explore,0.75,0.26249999999999996,0.29069228351107385,0.24266698182647004,0.02,0.0,0.689837166443047,0.5
408,restarted,8,finish,0.011748685674079162,finish,0.05,finish,0.9090909090909091,0.3181818181818182,0.23299316301534126,0.23471549737236874,0.92,0.1,0.824141792895449,0.30151134457776363
408,restarted,8,finish,0.08683425328646992,connect,0.05,connect,0.6,0.21,0.2753476830486174,0.22114447740813462,0.02,0.1,0.6696579071702821,0.4472135954999579
408,restarted,9,finish,0.056022098894496726,understand,0.05,understand,0.75,0.26249999999999996,0.29069228351107385,0.1799684728657295,0.02,0.1,0.7271386574823064,0.5
408,restarted,9,finish,0.056022098894496726,create,0.05,create,0.75,0.26249999999999996,0.29069228351107385,0.12137822315623724,0.02,0.0,0.5685484077728143,0.5
408,restarted,9,finish,0.056022098894496726,explore,0.05,explore,0.75,0.26249999999999996,0.29069228351107385,0.24012577944361657,0.02,0.0,0.6872959640601936,0.5
408,restarted,9,finish,0.009398948539263331,finish,0.05,finish,0.9166666666666666,0.3208333333333333,0.22926177582376966,0.2393441003016638,0.92,0.1,0.8300402609195033,0.2886751345948129
408,restarted,9,finish,0.08683425328646992,connect,0.05,connect,0.6,0.21,0.2753476830486174,0.2191834242327529,0.02,0.1,0.6676968539949003,0.4472135954999579
409,updated,0,explore,0.10637417184205776,understand,0.05,understand,0.75,0.26249999999999996,0.4682024238887052,0.16179032592508188,0.02,0.1,0.8361185779717293,0.5
409,updated,0,explore,0.10637417184205776,create,0.05,create,0.75,0.26249999999999996,0.4682024238887052,0.07575036592119656,0.02,0.1,0.7500786179678438,0.5
409,updated,0,explore,0.10637417184205776,explore,0.05,explore,0.75,0.26249999999999996,0.4682024238887052,0.276633624386453,0.92,0.1,0.9509618764331003,0.5
409,updated,0,explore,0.10637417184205776,finish,0.05,finish,0.75,0.26249999999999996,0.4682024238887052,0.22854158613402326,0.02,0.0,0.8028698381806706,0.5
409,updated,0,explore,0.10637417184205776,connect,0.05,connect,0.75,0.26249999999999996,0.4682024238887052,0.2572840976332453,0.02,0.0,0.8316123496798927,0.5
409,updated,1,understand,0.10637417184205776,understand,0.05,understand,0.75,0.26249999999999996,0.4682024238887052,0.1676745218743078,0.92,0.1,0.8420027739209551,0.5
409,updated,1,understand,0.10637417184205776,create,0.05,create,0.75,0.26249999999999996,0.4682024238887052,0.08063254804058478,0.02,0.1,0.7549608000872321,0.5
409,updated,1,understand,0.2180670522762184,explore,0.05,explore,0.6,0.21,0.4434877013534158,0.25220936300404867,0.02,0.1,0.737630012081246,0.4472135954999579
409,updated,1,understand,0.10637417184205776,finish,0.05,finish,0.75,0.26249999999999996,0.4682024238887052,0.23520316140659422,0.02,0.0,0.8095314134532415,0.5
409,updated,1,understand,0.10637417184205776,connect,0.05,connect,0.75,0.26249999999999996,0.4682024238887052,0.26428040567446454,0.02,0.0,0.8386086577211119,0.5
409,updated,2,understand,0.0850993374736462,understand,0.05,understand,0.8,0.27999999999999997,0.4434877013534158,0.1853936176193474,0.92,0.1,0.8737819814991169,0.4472135954999579
409,updated,2,understand,0.10637417184205776,create,0.05,create,0.75,0.26249999999999996,0.4682024238887052,0.08136596942560648,0.02,0.1,0.7556942214722537,0.5
409,updated,2,understand,0.2180670522762184,explore,0.05,explore,0.6,0.21,0.4434877013534158,0.24599187972085076,0.02,0.1,0.7314125287980482,0.4472135954999579
409,updated,2,understand,0.10637417184205776,finish,0.05,finish,0.75,0.26249999999999996,0.4682024238887052,0.2296746318500266,0.02,0.0,0.8040028838966738,0.5
409,updated,2,understand,0.10637417184205776,connect,0.05,connect,0.75,0.26249999999999996,0.4682024238887052,0.25757390138416886,0.02,0.0,0.8319021534308163,0.5
409,updated,3,understand,0.06807946997891696,understand,0.05,understand,0.8333333333333334,0.2916666666666667,0.4252440510879535,0.204119852294499,0.92,0.1,0.9029511000702021,0.4082482904638631
409,updated,3,understand,0.10637417184205776,create,0.05,create,0.75,0.26249999999999996,0.4682024238887052,0.08189738163896611,0.02,0.1,0.7562256336856135,0.5
409,updated,3,understand,0.2180670522762184,explore,0.05,explore,0.6,0.21,0.4434877013534158,0.23950537737059513,0.02,0.1,0.7249260264477926,0.4472135954999579
409,updated,3,understand,0.10637417184205776,finish,0.05,finish,0.75,0.26249999999999996,0.4682024238887052,0.22388372505496276,0.02,0.0,0.7982119771016102,0.5
409,updated,3,understand,0.10637417184205776,connect,0.05,connect,0.75,0.26249999999999996,0.4682024238887052,0.25059366364097696,0.02,0.0,0.8249219156876243,0.5
409,updated,4,understand,0.05446357598313358,understand,0.05,understand,0.8571428571428571,0.3,0.41106509435108984,0.22382084301383184,0.92,0.1,0.930422361381788,0.3779644730092272
409,updated,4,understand,0.10637417184205776,create,0.05,create,0.75,0.26249999999999996,0.4682024238887052,0.08222369073178658,0.02,0.1,0.756551942778434,0.5
409,updated,4,understand,0.2180670522762184,explore,0.05,explore,0.6,0.21,0.4434877013534158,0.2327618259961966,0.02,0.1,0.718182475073394,0.4472135954999579
409,updated,4,understand,0.10637417184205776,finish,0.05,finish,0.75,0.26249999999999996,0.4682024238887052,0.21784091796467397,0.02,0.0,0.7921691700113213,0.5
409,updated,4,understand,0.10637417184205776,connect,0.05,connect,0.75,0.26249999999999996,0.4682024238887052,0.2433527222935109,0.02,0.0,0.8176809743401582,0.5
409,updated,5,understand,0.04357086078650686,understand,0.05,understand,0.875,0.30624999999999997,0.3996357663941935,0.2444485997806457,0.92,0.1,0.9567635053883323,0.35355339059327373
409,updated,5,understand,0.10637417184205776,create,0.05,create,0.75,0.26249999999999996,0.4682024238887052,0.08234356934810033,0.02,0.1,0.7566718213947476,0.5
409,updated,5,understand,0.2180670522762184,explore,0.05,explore,0.6,0.21,0.4434877013534158,0.2257778367065434,0.02,0.1,0.7111984857837408,0.4472135954999579
409,updated,5,understand,0.10637417184205776,finish,0.05,finish,0.75,0.26249999999999996,0.4682024238887052,0.21156104367888234,0.02,0.0,0.7858892957255297,0.5
409,updated,5,understand,0.10637417184205776,connect,0.05,connect,0.75,0.26249999999999996,0.4682024238887052,0.23586895048582818,0.02,0.0,0.8101972025324755,0.5
409,updated,6,understand,0.0348566886292055,understand,0.05,understand,0.8888888888888888,0.31111111111111106,0.39016868657392095,0.2659390227041858,0.92,0.1,0.9823621317600122,0.3333333333333333
409,updated,6,understand,0.10637417184205776,create,0.05,create,0.75,0.26249999999999996,0.4682024238887052,0.08225768553000685,0.02,0.1,0.7565859375766542,0.5
409,updated,6,understand,0.2180670522762184,explore,0.05,explore,0.6,0.21,0.4434877013534158,0.2185747516716499,0.02,0.1,0.7039954007488473,0.4472135954999579
409,updated,6,understand,0.10637417184205776,finish,0.05,finish,0.75,0.26249999999999996,0.4682024238887052,0.20506339520736322,0.02,0.0,0.7793916472540106,0.5
409,updated,6,understand,0.10637417184205776,connect,0.05,connect,0.75,0.26249999999999996,0.4682024238887052,0.22816514488679424,0.02,0.0,0.8024933969334416,0.5
409,updated,7,understand,0.027885350903364397,understand,0.05,understand,0.9,0.315,0.3821598184943465,0.2882119034905003,0.92,0.1,1.0074863710814823,0.31622776601683794
409,updated,7,understand,0.10637417184205776,create,0.05,create,0.75,0.26249999999999996,0.4682024238887052,0.0819688884281015,0.02,0.1,0.7562971404747488,0.5
409,updated,7,understand,0.2180670522762184,explore,0.05,explore,0.6,0.21,0.4434877013534158,0.21117857932034914,0.02,0.1,0.6965992283975465,0.4472135954999579
409,updated,7,understand,0.10637417184205776,finish,0.05,finish,0.75,0.26249999999999996,0.4682024238887052,0.19837168549774117,0.02,0.0,0.7726999375443885,0.5
409,updated,7,understand,0.10637417184205776,connect,0.05,connect,0.75,0.26249999999999996,0.4682024238887052,0.2202689432633079,0.02,0.0,0.7945971953099552,0.5
409,updated,8,understand,0.022308280722691518,understand,0.05,understand,0.9090909090909091,0.3181818181818182,0.37526955430560416,0.3111714958360675,0.92,0.1,1.0323145876007984,0.30151134457776363
409,updated,8,understand,0.10637417184205776,create,0.05,create,0.75,0.26249999999999996,0.4682024238887052,0.08148233618897523,0.02,0.1,0.7558105882356225,0.5
409,updated,8,understand,0.2180670522762184,explore,0.05,explore,0.6,0.21,0.4434877013534158,0.20361975808860486,0.02,0.1,0.6890404071658023,0.4472135954999579
409,updated,8,understand,0.10637417184205776,finish,0.05,finish,0.75,0.26249999999999996,0.4682024238887052,0.1915138472762334,0.02,0.0,0.7658420993228808,0.5
409,updated,8,understand,0.10637417184205776,connect,0.05,connect,0.75,0.26249999999999996,0.4682024238887052,0.21221256261011887,0.02,0.0,0.7865408146567662,0.5
409,updated,9,understand,0.017846624578153215,understand,0.05,understand,0.9166666666666666,0.3208333333333333,0.3692596096780422,0.3347076903597444,0.92,0.1,1.0569540087929667,0.2886751345948129
409,updated,9,understand,0.10637417184205776,create,0.05,create,0.75,0.26249999999999996,0.4682024238887052,0.08080555310822705,0.02,0.1,0.7551338051548744,0.5
409,updated,9,understand,0.2180670522762184,explore,0.05,explore,0.6,0.21,0.4434877013534158,0.1959327411954433,0.02,0.1,0.6813533902726407,0.4472135954999579
409,updated,9,understand,0.10637417184205776,finish,0.05,finish,0.75,0.26249999999999996,0.4682024238887052,0.18452166464424274,0.02,0.0,0.7588499166908901,0.5
409,updated,9,understand,0.10637417184205776,connect,0.05,connect,0.75,0.26249999999999996,0.4682024238887052,0.2040323506923425,0.02,0.0,0.7783606027389899,0.5
409,frozen,0,explore,0.10637417184205776,understand,0.05,understand,0.75,0.26249999999999996,0.4682024238887052,0.16179032592508188,0.02,0.1,0.8361185779717293,0.5
409,frozen,0,explore,0.10637417184205776,create,0.05,create,0.75,0.26249999999999996,0.4682024238887052,0.07575036592119656,0.02,0.1,0.7500786179678438,0.5
409,frozen,0,explore,0.10637417184205776,explore,0.05,explore,0.75,0.26249999999999996,0.4682024238887052,0.276633624386453,0.92,0.1,0.9509618764331003,0.5
409,frozen,0,explore,0.10637417184205776,finish,0.05,finish,0.75,0.26249999999999996,0.4682024238887052,0.22854158613402326,0.02,0.0,0.8028698381806706,0.5
409,frozen,0,explore,0.10637417184205776,connect,0.05,connect,0.75,0.26249999999999996,0.4682024238887052,0.2572840976332453,0.02,0.0,0.8316123496798927,0.5
409,frozen,1,explore,0.10637417184205776,understand,0.05,understand,0.75,0.26249999999999996,0.4682024238887052,0.16179032592508188,0.02,0.1,0.8361185779717293,0.5
409,frozen,1,explore,0.10637417184205776,create,0.05,create,0.75,0.26249999999999996,0.4682024238887052,0.07575036592119656,0.02,0.1,0.7500786179678438,0.5
409,frozen,1,explore,0.10637417184205776,explore,0.05,explore,0.75,0.26249999999999996,0.4682024238887052,0.276633624386453,0.92,0.1,0.9509618764331003,0.5
409,frozen,1,explore,0.10637417184205776,finish,0.05,finish,0.75,0.26249999999999996,0.4682024238887052,0.22854158613402326,0.02,0.0,0.8028698381806706,0.5
409,frozen,1,explore,0.10637417184205776,connect,0.05,connect,0.75,0.26249999999999996,0.4682024238887052,0.2572840976332453,0.02,0.0,0.8316123496798927,0.5
409,frozen,2,explore,0.10637417184205776,understand,0.05,understand,0.75,0.26249999999999996,0.4682024238887052,0.16179032592508188,0.02,0.1,0.8361185779717293,0.5
409,frozen,2,explore,0.10637417184205776,create,0.05,create,0.75,0.26249999999999996,0.4682024238887052,0.07575036592119656,0.02,0.1,0.7500786179678438,0.5
409,frozen,2,explore,0.10637417184205776,explore,0.05,explore,0.75,0.26249999999999996,0.4682024238887052,0.276633624386453,0.92,0.1,0.9509618764331003,0.5
409,frozen,2,explore,0.10637417184205776,finish,0.05,finish,0.75,0.26249999999999996,0.4682024238887052,0.22854158613402326,0.02,0.0,0.8028698381806706,0.5
409,frozen,2,explore,0.10637417184205776,connect,0.05,connect,0.75,0.26249999999999996,0.4682024238887052,0.2572840976332453,0.02,0.0,0.8316123496798927,0.5
409,frozen,3,explore,0.10637417184205776,understand,0.05,understand,0.75,0.26249999999999996,0.4682024238887052,0.16179032592508188,0.02,0.1,0.8361185779717293,0.5
409,frozen,3,explore,0.10637417184205776,create,0.05,create,0.75,0.26249999999999996,0.4682024238887052,0.07575036592119656,0.02,0.1,0.7500786179678438,0.5
409,frozen,3,explore,0.10637417184205776,explore,0.05,explore,0.75,0.26249999999999996,0.4682024238887052,0.276633624386453,0.92,0.1,0.9509618764331003,0.5
409,frozen,3,explore,0.10637417184205776,finish,0.05,finish,0.75,0.26249999999999996,0.4682024238887052,0.22854158613402326,0.02,0.0,0.8028698381806706,0.5
409,frozen,3,explore,0.10637417184205776,connect,0.05,connect,0.75,0.26249999999999996,0.4682024238887052,0.2572840976332453,0.02,0.0,0.8316123496798927,0.5
409,frozen,4,explore,0.10637417184205776,understand,0.05,understand,0.75,0.26249999999999996,0.4682024238887052,0.16179032592508188,0.02,0.1,0.8361185779717293,0.5
409,frozen,4,explore,0.10637417184205776,create,0.05,create,0.75,0.26249999999999996,0.4682024238887052,0.07575036592119656,0.02,0.1,0.7500786179678438,0.5
409,frozen,4,explore,0.10637417184205776,explore,0.05,explore,0.75,0.26249999999999996,0.4682024238887052,0.276633624386453,0.92,0.1,0.9509618764331003,0.5
409,frozen,4,explore,0.10637417184205776,finish,0.05,finish,0.75,0.26249999999999996,0.4682024238887052,0.22854158613402326,0.02,0.0,0.8028698381806706,0.5
409,frozen,4,explore,0.10637417184205776,connect,0.05,connect,0.75,0.26249999999999996,0.4682024238887052,0.2572840976332453,0.02,0.0,0.8316123496798927,0.5
409,frozen,5,explore,0.10637417184205776,understand,0.05,understand,0.75,0.26249999999999996,0.4682024238887052,0.16179032592508188,0.02,0.1,0.8361185779717293,0.5
409,frozen,5,explore,0.10637417184205776,create,0.05,create,0.75,0.26249999999999996,0.4682024238887052,0.07575036592119656,0.02,0.1,0.7500786179678438,0.5
409,frozen,5,explore,0.10637417184205776,explore,0.05,explore,0.75,0.26249999999999996,0.4682024238887052,0.276633624386453,0.92,0.1,0.9509618764331003,0.5
409,frozen,5,explore,0.10637417184205776,finish,0.05,finish,0.75,0.26249999999999996,0.4682024238887052,0.22854158613402326,0.02,0.0,0.8028698381806706,0.5
409,frozen,5,explore,0.10637417184205776,connect,0.05,connect,0.75,0.26249999999999996,0.4682024238887052,0.2572840976332453,0.02,0.0,0.8316123496798927,0.5
409,frozen,6,explore,0.10637417184205776,understand,0.05,understand,0.75,0.26249999999999996,0.4682024238887052,0.16179032592508188,0.02,0.1,0.8361185779717293,0.5
409,frozen,6,explore,0.10637417184205776,create,0.05,create,0.75,0.26249999999999996,0.4682024238887052,0.07575036592119656,0.02,0.1,0.7500786179678438,0.5
409,frozen,6,explore,0.10637417184205776,explore,0.05,explore,0.75,0.26249999999999996,0.4682024238887052,0.276633624386453,0.92,0.1,0.9509618764331003,0.5
409,frozen,6,explore,0.10637417184205776,finish,0.05,finish,0.75,0.26249999999999996,0.4682024238887052,0.22854158613402326,0.02,0.0,0.8028698381806706,0.5
409,frozen,6,explore,0.10637417184205776,connect,0.05,connect,0.75,0.26249999999999996,0.4682024238887052,0.2572840976332453,0.02,0.0,0.8316123496798927,0.5
409,frozen,7,explore,0.10637417184205776,understand,0.05,understand,0.75,0.26249999999999996,0.4682024238887052,0.16179032592508188,0.02,0.1,0.8361185779717293,0.5
409,frozen,7,explore,0.10637417184205776,create,0.05,create,0.75,0.26249999999999996,0.4682024238887052,0.07575036592119656,0.02,0.1,0.7500786179678438,0.5
409,frozen,7,explore,0.10637417184205776,explore,0.05,explore,0.75,0.26249999999999996,0.4682024238887052,0.276633624386453,0.92,0.1,0.9509618764331003,0.5
409,frozen,7,explore,0.10637417184205776,finish,0.05,finish,0.75,0.26249999999999996,0.4682024238887052,0.22854158613402326,0.02,0.0,0.8028698381806706,0.5
409,frozen,7,explore,0.10637417184205776,connect,0.05,connect,0.75,0.26249999999999996,0.4682024238887052,0.2572840976332453,0.02,0.0,0.8316123496798927,0.5
409,frozen,8,explore,0.10637417184205776,understand,0.05,understand,0.75,0.26249999999999996,0.4682024238887052,0.16179032592508188,0.02,0.1,0.8361185779717293,0.5
409,frozen,8,explore,0.10637417184205776,create,0.05,create,0.75,0.26249999999999996,0.4682024238887052,0.07575036592119656,0.02,0.1,0.7500786179678438,0.5
409,frozen,8,explore,0.10637417184205776,explore,0.05,explore,0.75,0.26249999999999996,0.4682024238887052,0.276633624386453,0.92,0.1,0.9509618764331003,0.5
409,frozen,8,explore,0.10637417184205776,finish,0.05,finish,0.75,0.26249999999999996,0.4682024238887052,0.22854158613402326,0.02,0.0,0.8028698381806706,0.5
409,frozen,8,explore,0.10637417184205776,connect,0.05,connect,0.75,0.26249999999999996,0.4682024238887052,0.2572840976332453,0.02,0.0,0.8316123496798927,0.5
409,frozen,9,explore,0.10637417184205776,understand,0.05,understand,0.75,0.26249999999999996,0.4682024238887052,0.16179032592508188,0.02,0.1,0.8361185779717293,0.5
409,frozen,9,explore,0.10637417184205776,create,0.05,create,0.75,0.26249999999999996,0.4682024238887052,0.07575036592119656,0.02,0.1,0.7500786179678438,0.5
409,frozen,9,explore,0.10637417184205776,explore,0.05,explore,0.75,0.26249999999999996,0.4682024238887052,0.276633624386453,0.92,0.1,0.9509618764331003,0.5
409,frozen,9,explore,0.10637417184205776,finish,0.05,finish,0.75,0.26249999999999996,0.4682024238887052,0.22854158613402326,0.02,0.0,0.8028698381806706,0.5
409,frozen,9,explore,0.10637417184205776,connect,0.05,connect,0.75,0.26249999999999996,0.4682024238887052,0.2572840976332453,0.02,0.0,0.8316123496798927,0.5
409,neutral,0,understand,0.10637417184205776,understand,0.05,understand,0.75,0.26249999999999996,0.4682024238887052,0.2,0.32,0.1,0.8743282520466473,0.5
409,neutral,0,understand,0.10637417184205776,create,0.05,create,0.75,0.26249999999999996,0.4682024238887052,0.2,0.32,0.1,0.8743282520466473,0.5
409,neutral,0,understand,0.10637417184205776,explore,0.05,explore,0.75,0.26249999999999996,0.4682024238887052,0.2,0.32,0.1,0.8743282520466473,0.5
409,neutral,0,understand,0.10637417184205776,finish,0.05,finish,0.75,0.26249999999999996,0.4682024238887052,0.2,0.02,0.0,0.7743282520466473,0.5
409,neutral,0,understand,0.10637417184205776,connect,0.05,connect,0.75,0.26249999999999996,0.4682024238887052,0.2,0.02,0.0,0.7743282520466473,0.5
409,neutral,1,understand,0.0850993374736462,understand,0.05,understand,0.8,0.27999999999999997,0.4434877013534158,0.2,0.92,0.1,0.8883883638797695,0.4472135954999579
409,neutral,1,understand,0.10637417184205776,create,0.05,create,0.75,0.26249999999999996,0.4682024238887052,0.2,0.02,0.1,0.8743282520466473,0.5
409,neutral,1,understand,0.10637417184205776,explore,0.05,explore,0.75,0.26249999999999996,0.4682024238887052,0.2,0.02,0.1,0.8743282520466473,0.5
409,neutral,1,understand,0.10637417184205776,finish,0.05,finish,0.75,0.26249999999999996,0.4682024238887052,0.2,0.02,0.0,0.7743282520466473,0.5
409,neutral,1,understand,0.10637417184205776,connect,0.05,connect,0.75,0.26249999999999996,0.4682024238887052,0.2,0.02,0.0,0.7743282520466473,0.5
409,neutral,2,understand,0.06807946997891696,understand,0.05,understand,0.8333333333333334,0.2916666666666667,0.4252440510879535,0.2,0.92,0.1,0.8988312477757031,0.4082482904638631
409,neutral,2,understand,0.10637417184205776,create,0.05,create,0.75,0.26249999999999996,0.4682024238887052,0.2,0.02,0.1,0.8743282520466473,0.5
409,neutral,2,understand,0.10637417184205776,explore,0.05,explore,0.75,0.26249999999999996,0.4682024238887052,0.2,0.02,0.1,0.8743282520466473,0.5
409,neutral,2,understand,0.10637417184205776,finish,0.05,finish,0.75,0.26249999999999996,0.4682024238887052,0.2,0.02,0.0,0.7743282520466473,0.5
409,neutral,2,understand,0.10637417184205776,connect,0.05,connect,0.75,0.26249999999999996,0.4682024238887052,0.2,0.02,0.0,0.7743282520466473,0.5
409,neutral,3,understand,0.05446357598313358,understand,0.05,understand,0.8571428571428571,0.3,0.41106509435108984,0.2,0.92,0.1,0.9066015183679562,0.3779644730092272
409,neutral,3,understand,0.10637417184205776,create,0.05,create,0.75,0.26249999999999996,0.4682024238887052,0.2,0.02,0.1,0.8743282520466473,0.5
409,neutral,3,understand,0.10637417184205776,explore,0.05,explore,0.75,0.26249999999999996,0.4682024238887052,0.2,0.02,0.1,0.8743282520466473,0.5
409,neutral,3,understand,0.10637417184205776,finish,0.05,finish,0.75,0.26249999999999996,0.4682024238887052,0.2,0.02,0.0,0.7743282520466473,0.5
409,neutral,3,understand,0.10637417184205776,connect,0.05,connect,0.75,0.26249999999999996,0.4682024238887052,0.2,0.02,0.0,0.7743282520466473,0.5
409,neutral,4,understand,0.04357086078650686,understand,0.05,understand,0.875,0.30624999999999997,0.3996357663941935,0.2,0.92,0.1,0.9123149056076866,0.35355339059327373
409,neutral,4,understand,0.10637417184205776,create,0.05,create,0.75,0.26249999999999996,0.4682024238887052,0.2,0.02,0.1,0.8743282520466473,0.5
409,neutral,4,understand,0.10637417184205776,explore,0.05,explore,0.75,0.26249999999999996,0.4682024238887052,0.2,0.02,0.1,0.8743282520466473,0.5
409,neutral,4,understand,0.10637417184205776,finish,0.05,finish,0.75,0.26249999999999996,0.4682024238887052,0.2,0.02,0.0,0.7743282520466473,0.5
409,neutral,4,understand,0.10637417184205776,connect,0.05,connect,0.75,0.26249999999999996,0.4682024238887052,0.2,0.02,0.0,0.7743282520466473,0.5
409,neutral,5,understand,0.0348566886292055,understand,0.05,understand,0.8888888888888888,0.31111111111111106,0.39016868657392095,0.2,0.92,0.1,0.9164231090558264,0.3333333333333333
409,neutral,5,understand,0.10637417184205776,create,0.05,create,0.75,0.26249999999999996,0.4682024238887052,0.2,0.02,0.1,0.8743282520466473,0.5
409,neutral,5,understand,0.10637417184205776,explore,0.05,explore,0.75,0.26249999999999996,0.4682024238887052,0.2,0.02,0.1,0.8743282520466473,0.5
409,neutral,5,understand,0.10637417184205776,finish,0.05,finish,0.75,0.26249999999999996,0.4682024238887052,0.2,0.02,0.0,0.7743282520466473,0.5
409,neutral,5,understand,0.10637417184205776,connect,0.05,connect,0.75,0.26249999999999996,0.4682024238887052,0.2,0.02,0.0,0.7743282520466473,0.5
409,neutral,6,understand,0.027885350903364397,understand,0.05,understand,0.9,0.315,0.3821598184943465,0.2,0.92,0.1,0.9192744675909821,0.31622776601683794
409,neutral,6,understand,0.10637417184205776,create,0.05,create,0.75,0.26249999999999996,0.4682024238887052,0.2,0.02,0.1,0.8743282520466473,0.5
409,neutral,6,understand,0.10637417184205776,explore,0.05,explore,0.75,0.26249999999999996,0.4682024238887052,0.2,0.02,0.1,0.8743282520466473,0.5
409,neutral,6,understand,0.10637417184205776,finish,0.05,finish,0.75,0.26249999999999996,0.4682024238887052,0.2,0.02,0.0,0.7743282520466473,0.5
409,neutral,6,understand,0.10637417184205776,connect,0.05,connect,0.75,0.26249999999999996,0.4682024238887052,0.2,0.02,0.0,0.7743282520466473,0.5
409,neutral,7,understand,0.022308280722691518,understand,0.05,understand,0.9090909090909091,0.3181818181818182,0.37526955430560416,0.2,0.92,0.1,0.9211430917647307,0.30151134457776363
409,neutral,7,understand,0.10637417184205776,create,0.05,create,0.75,0.26249999999999996,0.4682024238887052,0.2,0.02,0.1,0.8743282520466473,0.5
409,neutral,7,understand,0.10637417184205776,explore,0.05,explore,0.75,0.26249999999999996,0.4682024238887052,0.2,0.02,0.1,0.8743282520466473,0.5
409,neutral,7,understand,0.10637417184205776,finish,0.05,finish,0.75,0.26249999999999996,0.4682024238887052,0.2,0.02,0.0,0.7743282520466473,0.5
409,neutral,7,understand,0.10637417184205776,connect,0.05,connect,0.75,0.26249999999999996,0.4682024238887052,0.2,0.02,0.0,0.7743282520466473,0.5
409,neutral,8,understand,0.017846624578153215,understand,0.05,understand,0.9166666666666666,0.3208333333333333,0.3692596096780422,0.2,0.92,0.1,0.9222463184332222,0.2886751345948129
409,neutral,8,understand,0.10637417184205776,create,0.05,create,0.75,0.26249999999999996,0.4682024238887052,0.2,0.02,0.1,0.8743282520466473,0.5
409,neutral,8,understand,0.10637417184205776,explore,0.05,explore,0.75,0.26249999999999996,0.4682024238887052,0.2,0.02,0.1,0.8743282520466473,0.5
409,neutral,8,understand,0.10637417184205776,finish,0.05,finish,0.75,0.26249999999999996,0.4682024238887052,0.2,0.02,0.0,0.7743282520466473,0.5
409,neutral,8,understand,0.10637417184205776,connect,0.05,connect,0.75,0.26249999999999996,0.4682024238887052,0.2,0.02,0.0,0.7743282520466473,0.5
409,neutral,9,understand,0.014277299662522572,understand,0.05,understand,0.9230769230769231,0.3230769230769231,0.36395720014644894,0.2,0.92,0.1,0.9227568235608494,0.2773500981126146
409,neutral,9,understand,0.10637417184205776,create,0.05,create,0.75,0.26249999999999996,0.4682024238887052,0.2,0.02,0.1,0.8743282520466473,0.5
409,neutral,9,understand,0.10637417184205776,explore,0.05,explore,0.75,0.26249999999999996,0.4682024238887052,0.2,0.02,0.1,0.8743282520466473,0.5
409,neutral,9,understand,0.10637417184205776,finish,0.05,finish,0.75,0.26249999999999996,0.4682024238887052,0.2,0.02,0.0,0.7743282520466473,0.5
409,neutral,9,understand,0.10637417184205776,connect,0.05,connect,0.75,0.26249999999999996,0.4682024238887052,0.2,0.02,0.0,0.7743282520466473,0.5
409,no-aversion,0,explore,0.0,understand,0.05,understand,0.75,0.26249999999999996,0.4682024238887052,0.16179032592508188,0.02,0.1,0.9424927498137871,0.5
409,no-aversion,0,explore,0.0,create,0.05,create,0.75,0.26249999999999996,0.4682024238887052,0.07575036592119656,0.02,0.1,0.8564527898099016,0.5
409,no-aversion,0,explore,0.0,explore,0.05,explore,0.75,0.26249999999999996,0.4682024238887052,0.276633624386453,0.92,0.1,1.0573360482751581,0.5
409,no-aversion,0,explore,0.0,finish,0.05,finish,0.75,0.26249999999999996,0.4682024238887052,0.22854158613402326,0.02,0.0,0.9092440100227284,0.5
409,no-aversion,0,explore,0.0,connect,0.05,connect,0.75,0.26249999999999996,0.4682024238887052,0.2572840976332453,0.02,0.0,0.9379865215219505,0.5
409,no-aversion,1,explore,0.0,understand,0.05,understand,0.75,0.26249999999999996,0.4682024238887052,0.1676745218743078,0.02,0.1,0.9483769457630129,0.5
409,no-aversion,1,explore,0.0,create,0.05,create,0.75,0.26249999999999996,0.4682024238887052,0.08063254804058478,0.02,0.1,0.8613349719292899,0.5
409,no-aversion,1,explore,0.0,explore,0.05,explore,0.6,0.21,0.4434877013534158,0.25220936300404867,0.92,0.1,0.9556970643574644,0.4472135954999579
409,no-aversion,1,explore,0.0,finish,0.05,finish,0.75,0.26249999999999996,0.4682024238887052,0.23520316140659422,0.02,0.0,0.9159055852952993,0.5
409,no-aversion,1,explore,0.0,connect,0.05,connect,0.75,0.26249999999999996,0.4682024238887052,0.26428040567446454,0.02,0.0,0.9449828295631697,0.5
409,no-aversion,2,understand,0.0,understand,0.05,understand,0.75,0.26249999999999996,0.4682024238887052,0.17314500026599194,0.92,0.1,0.953847424154697,0.5
409,no-aversion,2,understand,0.0,create,0.05,create,0.75,0.26249999999999996,0.4682024238887052,0.08533968242352338,0.02,0.1,0.8660421063122284,0.5
409,no-aversion,2,understand,0.0,explore,0.05,explore,0.5,0.175,0.4252440510879535,0.2296513602680662,0.02,0.1,0.8798954113560197,0.4082482904638631
409,no-aversion,2,understand,0.0,finish,0.05,finish,0.75,0.26249999999999996,0.4682024238887052,0.24126585502657938,0.02,0.0,0.9219682789152845,0.5
409,no-aversion,2,understand,0.0,connect,0.05,connect,0.75,0.26249999999999996,0.4682024238887052,0.27059810201583917,0.02,0.0,0.9513005259045444,0.5
409,no-aversion,3,understand,0.0,understand,0.05,understand,0.8,0.27999999999999997,0.4434877013534158,0.19118386713599697,0.92,0.1,0.9646715684894126,0.4472135954999579
409,no-aversion,3,understand,0.0,create,0.05,create,0.75,0.26249999999999996,0.4682024238887052,0.08582653188361337,0.02,0.1,0.8665289557723185,0.5
409,no-aversion,3,understand,0.0,explore,0.05,explore,0.5,0.175,0.4252440510879535,0.22419737851649554,0.02,0.1,0.8744414296044489,0.4082482904638631
409,no-aversion,3,understand,0.0,finish,0.05,finish,0.75,0.26249999999999996,0.4682024238887052,0.23533374320265676,0.02,0.0,0.9160361670913619,0.5
409,no-aversion,3,understand,0.0,connect,0.05,connect,0.75,0.26249999999999996,0.4682024238887052,0.2634584792612374,0.02,0.0,0.9441609031499425,0.5
409,no-aversion,4,understand,0.0,understand,0.05,understand,0.8333333333333334,0.2916666666666667,0.4252440510879535,0.21022130933927596,0.92,0.1,0.9771320270938961,0.4082482904638631
409,no-aversion,4,understand,0.0,create,0.05,create,0.75,0.26249999999999996,0.4682024238887052,0.08610857667946611,0.02,0.1,0.8668110005681712,0.5
409,no-aversion,4,understand,0.0,explore,0.05,explore,0.5,0.175,0.4252440510879535,0.21848527910017593,0.02,0.1,0.8687293301881294,0.4082482904638631
409,no-aversion,4,understand,0.0,finish,0.05,finish,0.75,0.26249999999999996,0.4682024238887052,0.2291392229762275,0.02,0.0,0.9098416468649326,0.5
409,no-aversion,4,understand,0.0,connect,0.05,connect,0.75,0.26249999999999996,0.4682024238887052,0.25604561190485453,0.02,0.0,0.9367480357935596,0.5
409,no-aversion,5,understand,0.0,understand,0.05,understand,0.8571428571428571,0.3,0.41106509435108984,0.23022011016471927,0.92,0.1,0.991285204515809,0.3779644730092272
409,no-aversion,5,understand,0.0,create,0.05,create,0.75,0.26249999999999996,0.4682024238887052,0.08618367273118001,0.02,0.1,0.8668860966198851,0.5
409,no-aversion,5,understand,0.0,explore,0.05,explore,0.5,0.175,0.4252440510879535,0.21252652972060146,0.02,0.1,0.8627705808085548,0.4082482904638631
409,no-aversion,5,understand,0.0,finish,0.05,finish,0.75,0.26249999999999996,0.4682024238887052,0.22269485755239313,0.02,0.0,0.9033972814410982,0.5
409,no-aversion,5,understand,0.0,connect,0.05,connect,0.75,0.26249999999999996,0.4682024238887052,0.24837482983110623,0.02,0.0,0.9290772537198113,0.5
409,no-aversion,6,understand,0.0,understand,0.05,understand,0.875,0.30624999999999997,0.3996357663941935,0.25112723787759805,0.92,0.1,1.0070130042717915,0.35355339059327373
409,no-aversion,6,understand,0.0,create,0.05,create,0.75,0.26249999999999996,0.4682024238887052,0.08605159308314549,0.02,0.1,0.8667540169718505,0.5
409,no-aversion,6,understand,0.0,explore,0.05,explore,0.5,0.175,0.4252440510879535,0.20633693672350248,0.02,0.1,0.8565809878114559,0.4082482904638631
409,no-aversion,6,understand,0.0,finish,0.05,finish,0.75,0.26249999999999996,0.4682024238887052,0.2160177436692982,0.02,0.0,0.8967201675580033,0.5
409,no-aversion,6,understand,0.0,connect,0.05,connect,0.75,0.26249999999999996,0.4682024238887052,0.2404664886464557,0.02,0.0,0.9211689125351608,0.5
409,no-aversion,7,understand,0.0,understand,0.05,understand,0.8888888888888888,0.31111111111111106,0.39016868657392095,0.2728734933770984,0.92,0.1,1.0241532910621305,0.3333333333333333
409,no-aversion,7,understand,0.0,create,0.05,create,0.75,0.26249999999999996,0.4682024238887052,0.08571424022035766,0.02,0.1,0.8664166641090628,0.5
409,no-aversion,7,understand,0.0,explore,0.05,explore,0.5,0.175,0.4252440510879535,0.19993670970699828,0.02,0.1,0.8501807607949518,0.4082482904638631
409,no-aversion,7,understand,0.0,finish,0.05,finish,0.75,0.26249999999999996,0.4682024238887052,0.20912956431843255,0.02,0.0,0.8898319882071377,0.5
409,no-aversion,7,understand,0.0,connect,0.05,connect,0.75,0.26249999999999996,0.4682024238887052,0.2323459923771132,0.02,0.0,0.9130484162658183,0.5
409,no-aversion,8,understand,0.0,understand,0.05,understand,0.9,0.315,0.3821598184943465,0.2953736850896252,0.92,0.1,1.0425335035839718,0.31622776601683794
409,no-aversion,8,understand,0.0,create,0.05,create,0.75,0.26249999999999996,0.4682024238887052,0.08517580756672757,0.02,0.1,0.8658782314554326,0.5
409,no-aversion,8,understand,0.0,explore,0.05,explore,0.5,0.175,0.4252440510879535,0.19335037901491234,0.02,0.1,0.8435944301028657,0.4082482904638631
409,no-aversion,8,understand,0.0,finish,0.05,finish,0.75,0.26249999999999996,0.4682024238887052,0.20205648659993242,0.02,0.0,0.8827589104886375,0.5
409,no-aversion,8,understand,0.0,connect,0.05,connect,0.75,0.26249999999999996,0.4682024238887052,0.22404364172880248,0.02,0.0,0.9047460656175076,0.5
409,no-aversion,9,understand,0.0,understand,0.05,understand,0.9090909090909091,0.3181818181818182,0.37526955430560416,0.3185273875041105,0.92,0.1,1.061978759991533,0.30151134457776363
409,no-aversion,9,understand,0.0,create,0.05,create,0.75,0.26249999999999996,0.4682024238887052,0.08444287586688705,0.02,0.1,0.8651452997555921,0.5
409,no-aversion,9,understand,0.0,explore,0.05,explore,0.5,0.175,0.4252440510879535,0.18660655205091262,0.02,0.1,0.8368506031388661,0.4082482904638631
409,no-aversion,9,understand,0.0,finish,0.05,finish,0.75,0.26249999999999996,0.4682024238887052,0.19482889066738981,0.02,0.0,0.875531314556095,0.5
409,no-aversion,9,understand,0.0,connect,0.05,connect,0.75,0.26249999999999996,0.4682024238887052,0.21559429391069995,0.02,0.0,0.896296717799405,0.5
409,no-dream,0,explore,0.10637417184205776,understand,0.05,understand,0.75,0.26249999999999996,0.4682024238887052,0.16179032592508188,0.02,0.1,0.8361185779717293,0.5
409,no-dream,0,explore,0.10637417184205776,create,0.05,create,0.75,0.26249999999999996,0.4682024238887052,0.07575036592119656,0.02,0.1,0.7500786179678438,0.5
409,no-dream,0,explore,0.10637417184205776,explore,0.05,explore,0.75,0.26249999999999996,0.4682024238887052,0.276633624386453,0.92,0.1,0.9509618764331003,0.5
409,no-dream,0,explore,0.10637417184205776,finish,0.05,finish,0.75,0.26249999999999996,0.4682024238887052,0.22854158613402326,0.02,0.0,0.8028698381806706,0.5
409,no-dream,0,explore,0.10637417184205776,connect,0.05,connect,0.75,0.26249999999999996,0.4682024238887052,0.2572840976332453,0.02,0.0,0.8316123496798927,0.5
409,no-dream,1,understand,0.10637417184205776,understand,0.05,understand,0.75,0.26249999999999996,0.4682024238887052,0.1676745218743078,0.92,0.1,0.8420027739209551,0.5
409,no-dream,1,understand,0.10637417184205776,create,0.05,create,0.75,0.26249999999999996,0.4682024238887052,0.08063254804058478,0.02,0.1,0.7549608000872321,0.5
409,no-dream,1,understand,0.2180670522762184,explore,0.05,explore,0.6,0.21,0.4434877013534158,0.25220936300404867,0.02,0.1,0.737630012081246,0.4472135954999579
409,no-dream,1,understand,0.10637417184205776,finish,0.05,finish,0.75,0.26249999999999996,0.4682024238887052,0.23520316140659422,0.02,0.0,0.8095314134532415,0.5
409,no-dream,1,understand,0.10637417184205776,connect,0.05,connect,0.75,0.26249999999999996,0.4682024238887052,0.26428040567446454,0.02,0.0,0.8386086577211119,0.5
409,no-dream,2,understand,0.0850993374736462,understand,0.05,understand,0.8,0.27999999999999997,0.4434877013534158,0.1853936176193474,0.92,0.1,0.8737819814991169,0.4472135954999579
409,no-dream,2,understand,0.10637417184205776,create,0.05,create,0.75,0.26249999999999996,0.4682024238887052,0.08136596942560648,0.02,0.1,0.7556942214722537,0.5
409,no-dream,2,understand,0.2180670522762184,explore,0.05,explore,0.6,0.21,0.4434877013534158,0.24599187972085076,0.02,0.1,0.7314125287980482,0.4472135954999579
409,no-dream,2,understand,0.10637417184205776,finish,0.05,finish,0.75,0.26249999999999996,0.4682024238887052,0.2296746318500266,0.02,0.0,0.8040028838966738,0.5
409,no-dream,2,understand,0.10637417184205776,connect,0.05,connect,0.75,0.26249999999999996,0.4682024238887052,0.25757390138416886,0.02,0.0,0.8319021534308163,0.5
409,no-dream,3,understand,0.06807946997891696,understand,0.05,understand,0.8333333333333334,0.2916666666666667,0.4252440510879535,0.204119852294499,0.92,0.1,0.9029511000702021,0.4082482904638631
409,no-dream,3,understand,0.10637417184205776,create,0.05,create,0.75,0.26249999999999996,0.4682024238887052,0.08189738163896611,0.02,0.1,0.7562256336856135,0.5
409,no-dream,3,understand,0.2180670522762184,explore,0.05,explore,0.6,0.21,0.4434877013534158,0.23950537737059513,0.02,0.1,0.7249260264477926,0.4472135954999579
409,no-dream,3,understand,0.10637417184205776,finish,0.05,finish,0.75,0.26249999999999996,0.4682024238887052,0.22388372505496276,0.02,0.0,0.7982119771016102,0.5
409,no-dream,3,understand,0.10637417184205776,connect,0.05,connect,0.75,0.26249999999999996,0.4682024238887052,0.25059366364097696,0.02,0.0,0.8249219156876243,0.5
409,no-dream,4,understand,0.05446357598313358,understand,0.05,understand,0.8571428571428571,0.3,0.41106509435108984,0.22382084301383184,0.92,0.1,0.930422361381788,0.3779644730092272
409,no-dream,4,understand,0.10637417184205776,create,0.05,create,0.75,0.26249999999999996,0.4682024238887052,0.08222369073178658,0.02,0.1,0.756551942778434,0.5
409,no-dream,4,understand,0.2180670522762184,explore,0.05,explore,0.6,0.21,0.4434877013534158,0.2327618259961966,0.02,0.1,0.718182475073394,0.4472135954999579
409,no-dream,4,understand,0.10637417184205776,finish,0.05,finish,0.75,0.26249999999999996,0.4682024238887052,0.21784091796467397,0.02,0.0,0.7921691700113213,0.5
409,no-dream,4,understand,0.10637417184205776,connect,0.05,connect,0.75,0.26249999999999996,0.4682024238887052,0.2433527222935109,0.02,0.0,0.8176809743401582,0.5
409,no-dream,5,understand,0.04357086078650686,understand,0.05,understand,0.875,0.30624999999999997,0.3996357663941935,0.2444485997806457,0.92,0.1,0.9567635053883323,0.35355339059327373
409,no-dream,5,understand,0.10637417184205776,create,0.05,create,0.75,0.26249999999999996,0.4682024238887052,0.08234356934810033,0.02,0.1,0.7566718213947476,0.5
409,no-dream,5,understand,0.2180670522762184,explore,0.05,explore,0.6,0.21,0.4434877013534158,0.2257778367065434,0.02,0.1,0.7111984857837408,0.4472135954999579
409,no-dream,5,understand,0.10637417184205776,finish,0.05,finish,0.75,0.26249999999999996,0.4682024238887052,0.21156104367888234,0.02,0.0,0.7858892957255297,0.5
409,no-dream,5,understand,0.10637417184205776,connect,0.05,connect,0.75,0.26249999999999996,0.4682024238887052,0.23586895048582818,0.02,0.0,0.8101972025324755,0.5
409,no-dream,6,understand,0.0348566886292055,understand,0.05,understand,0.8888888888888888,0.31111111111111106,0.39016868657392095,0.2659390227041858,0.92,0.1,0.9823621317600122,0.3333333333333333
409,no-dream,6,understand,0.10637417184205776,create,0.05,create,0.75,0.26249999999999996,0.4682024238887052,0.08225768553000685,0.02,0.1,0.7565859375766542,0.5
409,no-dream,6,understand,0.2180670522762184,explore,0.05,explore,0.6,0.21,0.4434877013534158,0.2185747516716499,0.02,0.1,0.7039954007488473,0.4472135954999579
409,no-dream,6,understand,0.10637417184205776,finish,0.05,finish,0.75,0.26249999999999996,0.4682024238887052,0.20506339520736322,0.02,0.0,0.7793916472540106,0.5
409,no-dream,6,understand,0.10637417184205776,connect,0.05,connect,0.75,0.26249999999999996,0.4682024238887052,0.22816514488679424,0.02,0.0,0.8024933969334416,0.5
409,no-dream,7,understand,0.027885350903364397,understand,0.05,understand,0.9,0.315,0.3821598184943465,0.2882119034905003,0.92,0.1,1.0074863710814823,0.31622776601683794
409,no-dream,7,understand,0.10637417184205776,create,0.05,create,0.75,0.26249999999999996,0.4682024238887052,0.0819688884281015,0.02,0.1,0.7562971404747488,0.5
409,no-dream,7,understand,0.2180670522762184,explore,0.05,explore,0.6,0.21,0.4434877013534158,0.21117857932034914,0.02,0.1,0.6965992283975465,0.4472135954999579
409,no-dream,7,understand,0.10637417184205776,finish,0.05,finish,0.75,0.26249999999999996,0.4682024238887052,0.19837168549774117,0.02,0.0,0.7726999375443885,0.5
409,no-dream,7,understand,0.10637417184205776,connect,0.05,connect,0.75,0.26249999999999996,0.4682024238887052,0.2202689432633079,0.02,0.0,0.7945971953099552,0.5
409,no-dream,8,understand,0.022308280722691518,understand,0.05,understand,0.9090909090909091,0.3181818181818182,0.37526955430560416,0.3111714958360675,0.92,0.1,1.0323145876007984,0.30151134457776363
409,no-dream,8,understand,0.10637417184205776,create,0.05,create,0.75,0.26249999999999996,0.4682024238887052,0.08148233618897523,0.02,0.1,0.7558105882356225,0.5
409,no-dream,8,understand,0.2180670522762184,explore,0.05,explore,0.6,0.21,0.4434877013534158,0.20361975808860486,0.02,0.1,0.6890404071658023,0.4472135954999579
409,no-dream,8,understand,0.10637417184205776,finish,0.05,finish,0.75,0.26249999999999996,0.4682024238887052,0.1915138472762334,0.02,0.0,0.7658420993228808,0.5
409,no-dream,8,understand,0.10637417184205776,connect,0.05,connect,0.75,0.26249999999999996,0.4682024238887052,0.21221256261011887,0.02,0.0,0.7865408146567662,0.5
409,no-dream,9,understand,0.017846624578153215,understand,0.05,understand,0.9166666666666666,0.3208333333333333,0.3692596096780422,0.3347076903597444,0.92,0.1,1.0569540087929667,0.2886751345948129
409,no-dream,9,understand,0.10637417184205776,create,0.05,create,0.75,0.26249999999999996,0.4682024238887052,0.08080555310822705,0.02,0.1,0.7551338051548744,0.5
409,no-dream,9,understand,0.2180670522762184,explore,0.05,explore,0.6,0.21,0.4434877013534158,0.1959327411954433,0.02,0.1,0.6813533902726407,0.4472135954999579
409,no-dream,9,understand,0.10637417184205776,finish,0.05,finish,0.75,0.26249999999999996,0.4682024238887052,0.18452166464424274,0.02,0.0,0.7588499166908901,0.5
409,no-dream,9,understand,0.10637417184205776,connect,0.05,connect,0.75,0.26249999999999996,0.4682024238887052,0.2040323506923425,0.02,0.0,0.7783606027389899,0.5
409,restarted,0,explore,0.10637417184205776,understand,0.05,understand,0.75,0.26249999999999996,0.4682024238887052,0.16179032592508188,0.02,0.1,0.8361185779717293,0.5
409,restarted,0,explore,0.10637417184205776,create,0.05,create,0.75,0.26249999999999996,0.4682024238887052,0.07575036592119656,0.02,0.1,0.7500786179678438,0.5
409,restarted,0,explore,0.10637417184205776,explore,0.05,explore,0.75,0.26249999999999996,0.4682024238887052,0.276633624386453,0.92,0.1,0.9509618764331003,0.5
409,restarted,0,explore,0.10637417184205776,finish,0.05,finish,0.75,0.26249999999999996,0.4682024238887052,0.22854158613402326,0.02,0.0,0.8028698381806706,0.5
409,restarted,0,explore,0.10637417184205776,connect,0.05,connect,0.75,0.26249999999999996,0.4682024238887052,0.2572840976332453,0.02,0.0,0.8316123496798927,0.5
409,restarted,1,understand,0.10637417184205776,understand,0.05,understand,0.75,0.26249999999999996,0.4682024238887052,0.1676745218743078,0.92,0.1,0.8420027739209551,0.5
409,restarted,1,understand,0.10637417184205776,create,0.05,create,0.75,0.26249999999999996,0.4682024238887052,0.08063254804058478,0.02,0.1,0.7549608000872321,0.5
409,restarted,1,understand,0.2180670522762184,explore,0.05,explore,0.6,0.21,0.4434877013534158,0.25220936300404867,0.02,0.1,0.737630012081246,0.4472135954999579
409,restarted,1,understand,0.10637417184205776,finish,0.05,finish,0.75,0.26249999999999996,0.4682024238887052,0.23520316140659422,0.02,0.0,0.8095314134532415,0.5
409,restarted,1,understand,0.10637417184205776,connect,0.05,connect,0.75,0.26249999999999996,0.4682024238887052,0.26428040567446454,0.02,0.0,0.8386086577211119,0.5
409,restarted,2,understand,0.0850993374736462,understand,0.05,understand,0.8,0.27999999999999997,0.4434877013534158,0.1853936176193474,0.92,0.1,0.8737819814991169,0.4472135954999579
409,restarted,2,understand,0.10637417184205776,create,0.05,create,0.75,0.26249999999999996,0.4682024238887052,0.08136596942560648,0.02,0.1,0.7556942214722537,0.5
409,restarted,2,understand,0.2180670522762184,explore,0.05,explore,0.6,0.21,0.4434877013534158,0.24599187972085076,0.02,0.1,0.7314125287980482,0.4472135954999579
409,restarted,2,understand,0.10637417184205776,finish,0.05,finish,0.75,0.26249999999999996,0.4682024238887052,0.2296746318500266,0.02,0.0,0.8040028838966738,0.5
409,restarted,2,understand,0.10637417184205776,connect,0.05,connect,0.75,0.26249999999999996,0.4682024238887052,0.25757390138416886,0.02,0.0,0.8319021534308163,0.5
409,restarted,3,understand,0.06807946997891696,understand,0.05,understand,0.8333333333333334,0.2916666666666667,0.4252440510879535,0.204119852294499,0.92,0.1,0.9029511000702021,0.4082482904638631
409,restarted,3,understand,0.10637417184205776,create,0.05,create,0.75,0.26249999999999996,0.4682024238887052,0.08189738163896611,0.02,0.1,0.7562256336856135,0.5
409,restarted,3,understand,0.2180670522762184,explore,0.05,explore,0.6,0.21,0.4434877013534158,0.23950537737059513,0.02,0.1,0.7249260264477926,0.4472135954999579
409,restarted,3,understand,0.10637417184205776,finish,0.05,finish,0.75,0.26249999999999996,0.4682024238887052,0.22388372505496276,0.02,0.0,0.7982119771016102,0.5
409,restarted,3,understand,0.10637417184205776,connect,0.05,connect,0.75,0.26249999999999996,0.4682024238887052,0.25059366364097696,0.02,0.0,0.8249219156876243,0.5
409,restarted,4,understand,0.05446357598313358,understand,0.05,understand,0.8571428571428571,0.3,0.41106509435108984,0.22382084301383184,0.92,0.1,0.930422361381788,0.3779644730092272
409,restarted,4,understand,0.10637417184205776,create,0.05,create,0.75,0.26249999999999996,0.4682024238887052,0.08222369073178658,0.02,0.1,0.756551942778434,0.5
409,restarted,4,understand,0.2180670522762184,explore,0.05,explore,0.6,0.21,0.4434877013534158,0.2327618259961966,0.02,0.1,0.718182475073394,0.4472135954999579
409,restarted,4,understand,0.10637417184205776,finish,0.05,finish,0.75,0.26249999999999996,0.4682024238887052,0.21784091796467397,0.02,0.0,0.7921691700113213,0.5
409,restarted,4,understand,0.10637417184205776,connect,0.05,connect,0.75,0.26249999999999996,0.4682024238887052,0.2433527222935109,0.02,0.0,0.8176809743401582,0.5
409,restarted,5,understand,0.04357086078650686,understand,0.05,understand,0.875,0.30624999999999997,0.3996357663941935,0.2444485997806457,0.92,0.1,0.9567635053883323,0.35355339059327373
409,restarted,5,understand,0.10637417184205776,create,0.05,create,0.75,0.26249999999999996,0.4682024238887052,0.08234356934810033,0.02,0.1,0.7566718213947476,0.5
409,restarted,5,understand,0.2180670522762184,explore,0.05,explore,0.6,0.21,0.4434877013534158,0.2257778367065434,0.02,0.1,0.7111984857837408,0.4472135954999579
409,restarted,5,understand,0.10637417184205776,finish,0.05,finish,0.75,0.26249999999999996,0.4682024238887052,0.21156104367888234,0.02,0.0,0.7858892957255297,0.5
409,restarted,5,understand,0.10637417184205776,connect,0.05,connect,0.75,0.26249999999999996,0.4682024238887052,0.23586895048582818,0.02,0.0,0.8101972025324755,0.5
409,restarted,6,understand,0.0348566886292055,understand,0.05,understand,0.8888888888888888,0.31111111111111106,0.39016868657392095,0.2659390227041858,0.92,0.1,0.9823621317600122,0.3333333333333333
409,restarted,6,understand,0.10637417184205776,create,0.05,create,0.75,0.26249999999999996,0.4682024238887052,0.08225768553000685,0.02,0.1,0.7565859375766542,0.5
409,restarted,6,understand,0.2180670522762184,explore,0.05,explore,0.6,0.21,0.4434877013534158,0.2185747516716499,0.02,0.1,0.7039954007488473,0.4472135954999579
409,restarted,6,understand,0.10637417184205776,finish,0.05,finish,0.75,0.26249999999999996,0.4682024238887052,0.20506339520736322,0.02,0.0,0.7793916472540106,0.5
409,restarted,6,understand,0.10637417184205776,connect,0.05,connect,0.75,0.26249999999999996,0.4682024238887052,0.22816514488679424,0.02,0.0,0.8024933969334416,0.5
409,restarted,7,understand,0.027885350903364397,understand,0.05,understand,0.9,0.315,0.3821598184943465,0.2882119034905003,0.92,0.1,1.0074863710814823,0.31622776601683794
409,restarted,7,understand,0.10637417184205776,create,0.05,create,0.75,0.26249999999999996,0.4682024238887052,0.0819688884281015,0.02,0.1,0.7562971404747488,0.5
409,restarted,7,understand,0.2180670522762184,explore,0.05,explore,0.6,0.21,0.4434877013534158,0.21117857932034914,0.02,0.1,0.6965992283975465,0.4472135954999579
409,restarted,7,understand,0.10637417184205776,finish,0.05,finish,0.75,0.26249999999999996,0.4682024238887052,0.19837168549774117,0.02,0.0,0.7726999375443885,0.5
409,restarted,7,understand,0.10637417184205776,connect,0.05,connect,0.75,0.26249999999999996,0.4682024238887052,0.2202689432633079,0.02,0.0,0.7945971953099552,0.5
409,restarted,8,understand,0.022308280722691518,understand,0.05,understand,0.9090909090909091,0.3181818181818182,0.37526955430560416,0.3111714958360675,0.92,0.1,1.0323145876007984,0.30151134457776363
409,restarted,8,understand,0.10637417184205776,create,0.05,create,0.75,0.26249999999999996,0.4682024238887052,0.08148233618897523,0.02,0.1,0.7558105882356225,0.5
409,restarted,8,understand,0.2180670522762184,explore,0.05,explore,0.6,0.21,0.4434877013534158,0.20361975808860486,0.02,0.1,0.6890404071658023,0.4472135954999579
409,restarted,8,understand,0.10637417184205776,finish,0.05,finish,0.75,0.26249999999999996,0.4682024238887052,0.1915138472762334,0.02,0.0,0.7658420993228808,0.5
409,restarted,8,understand,0.10637417184205776,connect,0.05,connect,0.75,0.26249999999999996,0.4682024238887052,0.21221256261011887,0.02,0.0,0.7865408146567662,0.5
409,restarted,9,understand,0.017846624578153215,understand,0.05,understand,0.9166666666666666,0.3208333333333333,0.3692596096780422,0.3347076903597444,0.92,0.1,1.0569540087929667,0.2886751345948129
409,restarted,9,understand,0.10637417184205776,create,0.05,create,0.75,0.26249999999999996,0.4682024238887052,0.08080555310822705,0.02,0.1,0.7551338051548744,0.5
409,restarted,9,understand,0.2180670522762184,explore,0.05,explore,0.6,0.21,0.4434877013534158,0.1959327411954433,0.02,0.1,0.6813533902726407,0.4472135954999579
409,restarted,9,understand,0.10637417184205776,finish,0.05,finish,0.75,0.26249999999999996,0.4682024238887052,0.18452166464424274,0.02,0.0,0.7588499166908901,0.5
409,restarted,9,understand,0.10637417184205776,connect,0.05,connect,0.75,0.26249999999999996,0.4682024238887052,0.2040323506923425,0.02,0.0,0.7783606027389899,0.5
410,updated,0,connect,0.07605698458893428,understand,0.05,understand,0.75,0.26249999999999996,0.48233330025064935,0.20471622766120814,0.02,0.1,0.9234925433229231,0.5
410,updated,0,connect,0.07605698458893428,create,0.05,create,0.75,0.26249999999999996,0.48233330025064935,0.06604066683382616,0.02,0.0,0.6848169824955411,0.5
410,updated,0,connect,0.07605698458893428,explore,0.05,explore,0.75,0.26249999999999996,0.48233330025064935,0.17726099260629863,0.02,0.0,0.7960373082680137,0.5
410,updated,0,connect,0.07605698458893428,finish,0.05,finish,0.75,0.26249999999999996,0.48233330025064935,0.18782340476028334,0.02,0.1,0.9065997204219983,0.5
410,updated,0,connect,0.07605698458893428,connect,0.05,connect,0.75,0.26249999999999996,0.48233330025064935,0.36415870813838375,0.92,0.1,1.0829350238000988,0.5
410,updated,1,explore,0.07605698458893428,understand,0.05,understand,0.75,0.26249999999999996,0.48233330025064935,0.2089686637666284,0.02,0.1,0.9277449794283433,0.5
410,updated,1,explore,0.07605698458893428,create,0.05,create,0.75,0.26249999999999996,0.48233330025064935,0.07012210174949136,0.02,0.0,0.6888984174112063,0.5
410,updated,1,explore,0.07605698458893428,explore,0.05,explore,0.75,0.26249999999999996,0.48233330025064935,0.1814795735909508,0.02,0.0,0.8002558892526658,0.5
410,updated,1,explore,0.07605698458893428,finish,0.05,finish,0.75,0.26249999999999996,0.48233330025064935,0.19205501028245486,0.02,0.1,0.9108313259441698,0.5
410,updated,1,explore,0.11788832611284812,connect,0.05,connect,0.6,0.21,0.4568726595597783,0.34737465061047457,0.92,0.1,0.9463589840574045,0.4472135954999579
410,updated,2,connect,0.07605698458893428,understand,0.05,understand,0.75,0.26249999999999996,0.48233330025064935,0.21307995210245625,0.02,0.1,0.9318562677641712,0.5
410,updated,2,connect,0.07605698458893428,create,0.05,create,0.75,0.26249999999999996,0.48233330025064935,0.07415944597071474,0.02,0.0,0.6929357616324296,0.5
410,updated,2,connect,0.15591681840731528,explore,0.05,explore,0.6,0.21,0.4568726595597783,0.16504366241434537,0.02,0.0,0.6259995035668083,0.4472135954999579
410,updated,2,connect,0.07605698458893428,finish,0.05,finish,0.75,0.26249999999999996,0.48233330025064935,0.1961572910842578,0.02,0.1,0.9149336067459728,0.5
410,updated,2,connect,0.11788832611284812,connect,0.05,connect,0.6,0.21,0.4568726595597783,0.35155964842822585,0.92,0.1,0.950543981875156,0.4472135954999579
410,updated,3,understand,0.07605698458893428,understand,0.05,understand,0.75,0.26249999999999996,0.48233330025064935,0.21718289771026736,0.92,0.1,0.9359592133719823,0.5
410,updated,3,understand,0.07605698458893428,create,0.05,create,0.75,0.26249999999999996,0.48233330025064935,0.07819527472496901,0.02,0.0,0.696971590386684,0.5
410,updated,3,understand,0.15591681840731528,explore,0.05,explore,0.6,0.21,0.4568726595597783,0.16912340018401809,0.02,0.0,0.630079241336481,0.4472135954999579
410,updated,3,understand,0.07605698458893428,finish,0.05,finish,0.75,0.26249999999999996,0.48233330025064935,0.20025206082377578,0.02,0.1,0.9190283764854907,0.5
410,updated,3,understand,0.1513533993319792,connect,0.05,connect,0.5,0.175,0.4380783953864455,0.3352463665569698,0.02,0.1,0.8469713626114361,0.4082482904638631
410,updated,4,understand,0.06084558767114743,understand,0.05,understand,0.8,0.27999999999999997,0.4568726595597783,0.23750965858974765,0.92,0.1,0.9635367304783784,0.4472135954999579
410,updated,4,understand,0.07605698458893428,create,0.05,create,0.75,0.26249999999999996,0.48233330025064935,0.07856660969129697,0.02,0.0,0.6973429253530119,0.5
410,updated,4,understand,0.15591681840731528,explore,0.05,explore,0.6,0.21,0.4568726595597783,0.1652752000110285,0.02,0.0,0.6262310411634914,0.4472135954999579
410,updated,4,understand,0.07605698458893428,finish,0.05,finish,0.75,0.26249999999999996,0.48233330025064935,0.1949593298552129,0.02,0.1,0.9137356455169279,0.5
410,updated,4,understand,0.1513533993319792,connect,0.05,connect,0.5,0.175,0.4380783953864455,0.32368920185271394,0.02,0.1,0.8354141979071801,0.4082482904638631
410,updated,5,understand,0.04867647013691795,understand,0.05,understand,0.8333333333333334,0.2916666666666667,0.4380783953864455,0.258722136530699,0.92,0.1,0.9897907284468931,0.4082482904638631
410,updated,5,understand,0.07605698458893428,create,0.05,create,0.75,0.26249999999999996,0.48233330025064935,0.07873225524606517,0.02,0.0,0.6975085709077802,0.5
410,updated,5,understand,0.15591681840731528,explore,0.05,explore,0.6,0.21,0.4568726595597783,0.16120913097306333,0.02,0.0,0.6221649721255262,0.4472135954999579
410,updated,5,understand,0.07605698458893428,finish,0.05,finish,0.75,0.26249999999999996,0.48233330025064935,0.1894445604639029,0.02,0.1,0.9082208761256179,0.5
410,updated,5,understand,0.1513533993319792,connect,0.05,connect,0.5,0.175,0.4380783953864455,0.31189191678626954,0.02,0.1,0.8236169128407358,0.4082482904638631
410,updated,6,understand,0.03894117610953436,understand,0.05,understand,0.8571428571428571,0.3,0.4234715017693627,0.28074543036240157,0.92,0.1,1.0152757560222299,0.3779644730092272
410,updated,6,understand,0.07605698458893428,create,0.05,create,0.75,0.26249999999999996,0.48233330025064935,0.07869374307298756,0.02,0.0,0.6974700587347025,0.5
410,updated,6,understand,0.15591681840731528,explore,0.05,explore,0.6,0.21,0.4568726595597783,0.15694002911879482,0.02,0.0,0.6178958702712577,0.4472135954999579
410,updated,6,understand,0.07605698458893428,finish,0.05,finish,0.75,0.26249999999999996,0.48233330025064935,0.1837271433625422,0.02,0.1,0.9025034590242572,0.5
410,updated,6,understand,0.1513533993319792,connect,0.05,connect,0.5,0.175,0.4380783953864455,0.2998936540832739,0.02,0.1,0.81161865013774,0.4082482904638631
410,updated,7,understand,0.031152940887627486,understand,0.05,understand,0.875,0.30624999999999997,0.4116972238249853,0.3034888458451936,0.92,0.1,1.0402831287825516,0.35355339059327373
410,updated,7,understand,0.07605698458893428,create,0.05,create,0.75,0.26249999999999996,0.48233330025064935,0.0784548205656074,0.02,0.0,0.6972311362273224,0.5
410,updated,7,understand,0.15591681840731528,explore,0.05,explore,0.6,0.21,0.4568726595597783,0.15248628685464125,0.02,0.0,0.6134421280071042,0.4472135954999579
410,updated,7,understand,0.07605698458893428,finish,0.05,finish,0.75,0.26249999999999996,0.48233330025064935,0.17783048458379014,0.02,0.1,0.8966068002455051,0.5
410,updated,7,understand,0.1513533993319792,connect,0.05,connect,0.5,0.175,0.4380783953864455,0.2877395621507676,0.02,0.1,0.7994645582052338,0.4082482904638631
410,updated,8,understand,0.024922352710101993,understand,0.05,understand,0.8888888888888888,0.31111111111111106,0.4019444168755411,0.3268468683102546,0.92,0.1,1.0649800435868046,0.3333333333333333
410,updated,8,understand,0.07605698458893428,create,0.05,create,0.75,0.26249999999999996,0.48233330025064935,0.07802154398145782,0.02,0.0,0.6967978596431728,0.5
410,updated,8,understand,0.15591681840731528,explore,0.05,explore,0.6,0.21,0.4568726595597783,0.1478696858600435,0.02,0.0,0.6088255270125065,0.4472135954999579
410,updated,8,understand,0.07605698458893428,finish,0.05,finish,0.75,0.26249999999999996,0.48233330025064935,0.1717817493044325,0.02,0.1,0.8905580649661474,0.5
410,updated,8,understand,0.1513533993319792,connect,0.05,connect,0.5,0.175,0.4380783953864455,0.2754801525438115,0.02,0.1,0.7872051485982776,0.4082482904638631
410,updated,9,understand,0.019937882168081594,understand,0.05,understand,0.9,0.315,0.3936938321391163,0.3507007437683714,0.92,0.1,1.0894566937394061,0.31622776601683794
410,updated,9,understand,0.07605698458893428,create,0.05,create,0.75,0.26249999999999996,0.48233330025064935,0.07740229651679605,0.02,0.0,0.696178612178511,0.5
410,updated,9,understand,0.15591681840731528,explore,0.05,explore,0.6,0.21,0.4568726595597783,0.14311509531167307,0.02,0.0,0.604070936464136,0.4472135954999579
410,updated,9,understand,0.07605698458893428,finish,0.05,finish,0.75,0.26249999999999996,0.48233330025064935,0.16561145057081292,0.02,0.1,0.8843877662325279,0.5
410,updated,9,understand,0.1513533993319792,connect,0.05,connect,0.5,0.175,0.4380783953864455,0.26317041383234663,0.02,0.1,0.7748954098868128,0.4082482904638631
410,frozen,0,connect,0.07605698458893428,understand,0.05,understand,0.75,0.26249999999999996,0.48233330025064935,0.20471622766120814,0.02,0.1,0.9234925433229231,0.5
410,frozen,0,connect,0.07605698458893428,create,0.05,create,0.75,0.26249999999999996,0.48233330025064935,0.06604066683382616,0.02,0.0,0.6848169824955411,0.5
410,frozen,0,connect,0.07605698458893428,explore,0.05,explore,0.75,0.26249999999999996,0.48233330025064935,0.17726099260629863,0.02,0.0,0.7960373082680137,0.5
410,frozen,0,connect,0.07605698458893428,finish,0.05,finish,0.75,0.26249999999999996,0.48233330025064935,0.18782340476028334,0.02,0.1,0.9065997204219983,0.5
410,frozen,0,connect,0.07605698458893428,connect,0.05,connect,0.75,0.26249999999999996,0.48233330025064935,0.36415870813838375,0.92,0.1,1.0829350238000988,0.5
410,frozen,1,explore,0.07605698458893428,understand,0.05,understand,0.75,0.26249999999999996,0.48233330025064935,0.20471622766120814,0.02,0.1,0.9234925433229231,0.5
410,frozen,1,explore,0.07605698458893428,create,0.05,create,0.75,0.26249999999999996,0.48233330025064935,0.06604066683382616,0.02,0.0,0.6848169824955411,0.5
410,frozen,1,explore,0.07605698458893428,explore,0.05,explore,0.75,0.26249999999999996,0.48233330025064935,0.17726099260629863,0.02,0.0,0.7960373082680137,0.5
410,frozen,1,explore,0.07605698458893428,finish,0.05,finish,0.75,0.26249999999999996,0.48233330025064935,0.18782340476028334,0.02,0.1,0.9065997204219983,0.5
410,frozen,1,explore,0.07605698458893428,connect,0.05,connect,0.75,0.26249999999999996,0.48233330025064935,0.36415870813838375,0.92,0.1,1.0829350238000988,0.5
410,frozen,2,connect,0.07605698458893428,understand,0.05,understand,0.75,0.26249999999999996,0.48233330025064935,0.20471622766120814,0.02,0.1,0.9234925433229231,0.5
410,frozen,2,connect,0.07605698458893428,create,0.05,create,0.75,0.26249999999999996,0.48233330025064935,0.06604066683382616,0.02,0.0,0.6848169824955411,0.5
410,frozen,2,connect,0.07605698458893428,explore,0.05,explore,0.75,0.26249999999999996,0.48233330025064935,0.17726099260629863,0.02,0.0,0.7960373082680137,0.5
410,frozen,2,connect,0.07605698458893428,finish,0.05,finish,0.75,0.26249999999999996,0.48233330025064935,0.18782340476028334,0.02,0.1,0.9065997204219983,0.5
410,frozen,2,connect,0.07605698458893428,connect,0.05,connect,0.75,0.26249999999999996,0.48233330025064935,0.36415870813838375,0.92,0.1,1.0829350238000988,0.5
410,frozen,3,connect,0.07605698458893428,understand,0.05,understand,0.75,0.26249999999999996,0.48233330025064935,0.20471622766120814,0.02,0.1,0.9234925433229231,0.5
410,frozen,3,connect,0.07605698458893428,create,0.05,create,0.75,0.26249999999999996,0.48233330025064935,0.06604066683382616,0.02,0.0,0.6848169824955411,0.5
410,frozen,3,connect,0.07605698458893428,explore,0.05,explore,0.75,0.26249999999999996,0.48233330025064935,0.17726099260629863,0.02,0.0,0.7960373082680137,0.5
410,frozen,3,connect,0.07605698458893428,finish,0.05,finish,0.75,0.26249999999999996,0.48233330025064935,0.18782340476028334,0.02,0.1,0.9065997204219983,0.5
410,frozen,3,connect,0.07605698458893428,connect,0.05,connect,0.75,0.26249999999999996,0.48233330025064935,0.36415870813838375,0.92,0.1,1.0829350238000988,0.5
410,frozen,4,connect,0.07605698458893428,understand,0.05,understand,0.75,0.26249999999999996,0.48233330025064935,0.20471622766120814,0.02,0.1,0.9234925433229231,0.5
410,frozen,4,connect,0.07605698458893428,create,0.05,create,0.75,0.26249999999999996,0.48233330025064935,0.06604066683382616,0.02,0.0,0.6848169824955411,0.5
410,frozen,4,connect,0.07605698458893428,explore,0.05,explore,0.75,0.26249999999999996,0.48233330025064935,0.17726099260629863,0.02,0.0,0.7960373082680137,0.5
410,frozen,4,connect,0.07605698458893428,finish,0.05,finish,0.75,0.26249999999999996,0.48233330025064935,0.18782340476028334,0.02,0.1,0.9065997204219983,0.5
410,frozen,4,connect,0.07605698458893428,connect,0.05,connect,0.75,0.26249999999999996,0.48233330025064935,0.36415870813838375,0.92,0.1,1.0829350238000988,0.5
410,frozen,5,connect,0.07605698458893428,understand,0.05,understand,0.75,0.26249999999999996,0.48233330025064935,0.20471622766120814,0.02,0.1,0.9234925433229231,0.5
410,frozen,5,connect,0.07605698458893428,create,0.05,create,0.75,0.26249999999999996,0.48233330025064935,0.06604066683382616,0.02,0.0,0.6848169824955411,0.5
410,frozen,5,connect,0.07605698458893428,explore,0.05,explore,0.75,0.26249999999999996,0.48233330025064935,0.17726099260629863,0.02,0.0,0.7960373082680137,0.5
410,frozen,5,connect,0.07605698458893428,finish,0.05,finish,0.75,0.26249999999999996,0.48233330025064935,0.18782340476028334,0.02,0.1,0.9065997204219983,0.5
410,frozen,5,connect,0.07605698458893428,connect,0.05,connect,0.75,0.26249999999999996,0.48233330025064935,0.36415870813838375,0.92,0.1,1.0829350238000988,0.5
410,frozen,6,connect,0.07605698458893428,understand,0.05,understand,0.75,0.26249999999999996,0.48233330025064935,0.20471622766120814,0.02,0.1,0.9234925433229231,0.5
410,frozen,6,connect,0.07605698458893428,create,0.05,create,0.75,0.26249999999999996,0.48233330025064935,0.06604066683382616,0.02,0.0,0.6848169824955411,0.5
410,frozen,6,connect,0.07605698458893428,explore,0.05,explore,0.75,0.26249999999999996,0.48233330025064935,0.17726099260629863,0.02,0.0,0.7960373082680137,0.5
410,frozen,6,connect,0.07605698458893428,finish,0.05,finish,0.75,0.26249999999999996,0.48233330025064935,0.18782340476028334,0.02,0.1,0.9065997204219983,0.5
410,frozen,6,connect,0.07605698458893428,connect,0.05,connect,0.75,0.26249999999999996,0.48233330025064935,0.36415870813838375,0.92,0.1,1.0829350238000988,0.5
410,frozen,7,connect,0.07605698458893428,understand,0.05,understand,0.75,0.26249999999999996,0.48233330025064935,0.20471622766120814,0.02,0.1,0.9234925433229231,0.5
410,frozen,7,connect,0.07605698458893428,create,0.05,create,0.75,0.26249999999999996,0.48233330025064935,0.06604066683382616,0.02,0.0,0.6848169824955411,0.5
410,frozen,7,connect,0.07605698458893428,explore,0.05,explore,0.75,0.26249999999999996,0.48233330025064935,0.17726099260629863,0.02,0.0,0.7960373082680137,0.5
410,frozen,7,connect,0.07605698458893428,finish,0.05,finish,0.75,0.26249999999999996,0.48233330025064935,0.18782340476028334,0.02,0.1,0.9065997204219983,0.5
410,frozen,7,connect,0.07605698458893428,connect,0.05,connect,0.75,0.26249999999999996,0.48233330025064935,0.36415870813838375,0.92,0.1,1.0829350238000988,0.5
410,frozen,8,connect,0.07605698458893428,understand,0.05,understand,0.75,0.26249999999999996,0.48233330025064935,0.20471622766120814,0.02,0.1,0.9234925433229231,0.5
410,frozen,8,connect,0.07605698458893428,create,0.05,create,0.75,0.26249999999999996,0.48233330025064935,0.06604066683382616,0.02,0.0,0.6848169824955411,0.5
410,frozen,8,connect,0.07605698458893428,explore,0.05,explore,0.75,0.26249999999999996,0.48233330025064935,0.17726099260629863,0.02,0.0,0.7960373082680137,0.5
410,frozen,8,connect,0.07605698458893428,finish,0.05,finish,0.75,0.26249999999999996,0.48233330025064935,0.18782340476028334,0.02,0.1,0.9065997204219983,0.5
410,frozen,8,connect,0.07605698458893428,connect,0.05,connect,0.75,0.26249999999999996,0.48233330025064935,0.36415870813838375,0.92,0.1,1.0829350238000988,0.5
410,frozen,9,connect,0.07605698458893428,understand,0.05,understand,0.75,0.26249999999999996,0.48233330025064935,0.20471622766120814,0.02,0.1,0.9234925433229231,0.5
410,frozen,9,connect,0.07605698458893428,create,0.05,create,0.75,0.26249999999999996,0.48233330025064935,0.06604066683382616,0.02,0.0,0.6848169824955411,0.5
410,frozen,9,connect,0.07605698458893428,explore,0.05,explore,0.75,0.26249999999999996,0.48233330025064935,0.17726099260629863,0.02,0.0,0.7960373082680137,0.5
410,frozen,9,connect,0.07605698458893428,finish,0.05,finish,0.75,0.26249999999999996,0.48233330025064935,0.18782340476028334,0.02,0.1,0.9065997204219983,0.5
410,frozen,9,connect,0.07605698458893428,connect,0.05,connect,0.75,0.26249999999999996,0.48233330025064935,0.36415870813838375,0.92,0.1,1.0829350238000988,0.5
410,neutral,0,connect,0.07605698458893428,understand,0.05,understand,0.75,0.26249999999999996,0.48233330025064935,0.2,0.32,0.1,0.9187763156617149,0.5
410,neutral,0,connect,0.07605698458893428,create,0.05,create,0.75,0.26249999999999996,0.48233330025064935,0.2,0.02,0.0,0.8187763156617149,0.5
410,neutral,0,connect,0.07605698458893428,explore,0.05,explore,0.75,0.26249999999999996,0.48233330025064935,0.2,0.02,0.0,0.8187763156617149,0.5
410,neutral,0,connect,0.07605698458893428,finish,0.05,finish,0.75,0.26249999999999996,0.48233330025064935,0.2,0.32,0.1,0.9187763156617149,0.5
410,neutral,0,connect,0.07605698458893428,connect,0.05,connect,0.75,0.26249999999999996,0.48233330025064935,0.2,0.32,0.1,0.9187763156617149,0.5
410,neutral,1,explore,0.07605698458893428,understand,0.05,understand,0.75,0.26249999999999996,0.48233330025064935,0.2,0.47000000000000003,0.1,0.9187763156617149,0.5
410,neutral,1,explore,0.07605698458893428,create,0.05,create,0.75,0.26249999999999996,0.48233330025064935,0.2,0.02,0.0,0.8187763156617149,0.5
410,neutral,1,explore,0.07605698458893428,explore,0.05,explore,0.75,0.26249999999999996,0.48233330025064935,0.2,0.02,0.0,0.8187763156617149,0.5
410,neutral,1,explore,0.07605698458893428,finish,0.05,finish,0.75,0.26249999999999996,0.48233330025064935,0.2,0.47000000000000003,0.1,0.9187763156617149,0.5
410,neutral,1,explore,0.11788832611284812,connect,0.05,connect,0.6,0.21,0.4568726595597783,0.2,0.02,0.1,0.7989843334469301,0.4472135954999579
410,neutral,2,understand,0.07605698458893428,understand,0.05,understand,0.75,0.26249999999999996,0.48233330025064935,0.2,0.47000000000000003,0.1,0.9187763156617149,0.5
410,neutral,2,understand,0.07605698458893428,create,0.05,create,0.75,0.26249999999999996,0.48233330025064935,0.2,0.02,0.0,0.8187763156617149,0.5
410,neutral,2,understand,0.15591681840731528,explore,0.05,explore,0.6,0.21,0.4568726595597783,0.2,0.02,0.0,0.660955841152463,0.4472135954999579
410,neutral,2,understand,0.07605698458893428,finish,0.05,finish,0.75,0.26249999999999996,0.48233330025064935,0.2,0.47000000000000003,0.1,0.9187763156617149,0.5
410,neutral,2,understand,0.11788832611284812,connect,0.05,connect,0.6,0.21,0.4568726595597783,0.2,0.02,0.1,0.7989843334469301,0.4472135954999579
410,neutral,3,understand,0.06084558767114743,understand,0.05,understand,0.8,0.27999999999999997,0.4568726595597783,0.2,0.92,0.1,0.9260270718886308,0.4472135954999579
410,neutral,3,understand,0.07605698458893428,create,0.05,create,0.75,0.26249999999999996,0.48233330025064935,0.2,0.02,0.0,0.8187763156617149,0.5
410,neutral,3,understand,0.15591681840731528,explore,0.05,explore,0.6,0.21,0.4568726595597783,0.2,0.02,0.0,0.660955841152463,0.4472135954999579
410,neutral,3,understand,0.07605698458893428,finish,0.05,finish,0.75,0.26249999999999996,0.48233330025064935,0.2,0.02,0.1,0.9187763156617149,0.5
410,neutral,3,understand,0.11788832611284812,connect,0.05,connect,0.6,0.21,0.4568726595597783,0.2,0.02,0.1,0.7989843334469301,0.4472135954999579
410,neutral,4,understand,0.04867647013691795,understand,0.05,understand,0.8333333333333334,0.2916666666666667,0.4380783953864455,0.2,0.92,0.1,0.9310685919161942,0.4082482904638631
410,neutral,4,understand,0.07605698458893428,create,0.05,create,0.75,0.26249999999999996,0.48233330025064935,0.2,0.02,0.0,0.8187763156617149,0.5
410,neutral,4,understand,0.15591681840731528,explore,0.05,explore,0.6,0.21,0.4568726595597783,0.2,0.02,0.0,0.660955841152463,0.4472135954999579
410,neutral,4,understand,0.07605698458893428,finish,0.05,finish,0.75,0.26249999999999996,0.48233330025064935,0.2,0.02,0.1,0.9187763156617149,0.5
410,neutral,4,understand,0.11788832611284812,connect,0.05,connect,0.6,0.21,0.4568726595597783,0.2,0.02,0.1,0.7989843334469301,0.4472135954999579
410,neutral,5,understand,0.03894117610953436,understand,0.05,understand,0.8571428571428571,0.3,0.4234715017693627,0.2,0.92,0.1,0.9345303256598282,0.3779644730092272
410,neutral,5,understand,0.07605698458893428,create,0.05,create,0.75,0.26249999999999996,0.48233330025064935,0.2,0.02,0.0,0.8187763156617149,0.5
410,neutral,5,understand,0.15591681840731528,explore,0.05,explore,0.6,0.21,0.4568726595597783,0.2,0.02,0.0,0.660955841152463,0.4472135954999579
410,neutral,5,understand,0.07605698458893428,finish,0.05,finish,0.75,0.26249999999999996,0.48233330025064935,0.2,0.02,0.1,0.9187763156617149,0.5
410,neutral,5,understand,0.11788832611284812,connect,0.05,connect,0.6,0.21,0.4568726595597783,0.2,0.02,0.1,0.7989843334469301,0.4472135954999579
410,neutral,6,understand,0.031152940887627486,understand,0.05,understand,0.875,0.30624999999999997,0.4116972238249853,0.2,0.92,0.1,0.9367942829373578,0.35355339059327373
410,neutral,6,understand,0.07605698458893428,create,0.05,create,0.75,0.26249999999999996,0.48233330025064935,0.2,0.02,0.0,0.8187763156617149,0.5
410,neutral,6,understand,0.15591681840731528,explore,0.05,explore,0.6,0.21,0.4568726595597783,0.2,0.02,0.0,0.660955841152463,0.4472135954999579
410,neutral,6,understand,0.07605698458893428,finish,0.05,finish,0.75,0.26249999999999996,0.48233330025064935,0.2,0.02,0.1,0.9187763156617149,0.5
410,neutral,6,understand,0.11788832611284812,connect,0.05,connect,0.6,0.21,0.4568726595597783,0.2,0.02,0.1,0.7989843334469301,0.4472135954999579
410,neutral,7,understand,0.024922352710101993,understand,0.05,understand,0.8888888888888888,0.31111111111111106,0.4019444168755411,0.2,0.92,0.1,0.93813317527655,0.3333333333333333
410,neutral,7,understand,0.07605698458893428,create,0.05,create,0.75,0.26249999999999996,0.48233330025064935,0.2,0.02,0.0,0.8187763156617149,0.5
410,neutral,7,understand,0.15591681840731528,explore,0.05,explore,0.6,0.21,0.4568726595597783,0.2,0.02,0.0,0.660955841152463,0.4472135954999579
410,neutral,7,understand,0.07605698458893428,finish,0.05,finish,0.75,0.26249999999999996,0.48233330025064935,0.2,0.02,0.1,0.9187763156617149,0.5
410,neutral,7,understand,0.11788832611284812,connect,0.05,connect,0.6,0.21,0.4568726595597783,0.2,0.02,0.1,0.7989843334469301,0.4472135954999579
410,neutral,8,understand,0.019937882168081594,understand,0.05,understand,0.9,0.315,0.3936938321391163,0.2,0.92,0.1,0.9387559499710346,0.31622776601683794
410,neutral,8,understand,0.07605698458893428,create,0.05,create,0.75,0.26249999999999996,0.48233330025064935,0.2,0.02,0.0,0.8187763156617149,0.5
410,neutral,8,understand,0.15591681840731528,explore,0.05,explore,0.6,0.21,0.4568726595597783,0.2,0.02,0.0,0.660955841152463,0.4472135954999579
410,neutral,8,understand,0.07605698458893428,finish,0.05,finish,0.75,0.26249999999999996,0.48233330025064935,0.2,0.02,0.1,0.9187763156617149,0.5
410,neutral,8,understand,0.11788832611284812,connect,0.05,connect,0.6,0.21,0.4568726595597783,0.2,0.02,0.1,0.7989843334469301,0.4472135954999579
410,neutral,9,understand,0.015950305734465275,understand,0.05,understand,0.9090909090909091,0.3181818181818182,0.38659561201852816,0.2,0.92,0.1,0.938827124465881,0.30151134457776363
410,neutral,9,understand,0.07605698458893428,create,0.05,create,0.75,0.26249999999999996,0.48233330025064935,0.2,0.02,0.0,0.8187763156617149,0.5
410,neutral,9,understand,0.15591681840731528,explore,0.05,explore,0.6,0.21,0.4568726595597783,0.2,0.02,0.0,0.660955841152463,0.4472135954999579
410,neutral,9,understand,0.07605698458893428,finish,0.05,finish,0.75,0.26249999999999996,0.48233330025064935,0.2,0.02,0.1,0.9187763156617149,0.5
410,neutral,9,understand,0.11788832611284812,connect,0.05,connect,0.6,0.21,0.4568726595597783,0.2,0.02,0.1,0.7989843334469301,0.4472135954999579
410,no-aversion,0,connect,0.0,understand,0.05,understand,0.75,0.26249999999999996,0.48233330025064935,0.20471622766120814,0.02,0.1,0.9995495279118574,0.5
410,no-aversion,0,connect,0.0,create,0.05,create,0.75,0.26249999999999996,0.48233330025064935,0.06604066683382616,0.02,0.0,0.7608739670844754,0.5
410,no-aversion,0,connect,0.0,explore,0.05,explore,0.75,0.26249999999999996,0.48233330025064935,0.17726099260629863,0.02,0.0,0.872094292856948,0.5
410,no-aversion,0,connect,0.0,finish,0.05,finish,0.75,0.26249999999999996,0.48233330025064935,0.18782340476028334,0.02,0.1,0.9826567050109326,0.5
410,no-aversion,0,connect,0.0,connect,0.05,connect,0.75,0.26249999999999996,0.48233330025064935,0.36415870813838375,0.92,0.1,1.158992008389033,0.5
410,no-aversion,1,explore,0.0,understand,0.05,understand,0.75,0.26249999999999996,0.48233330025064935,0.2089686637666284,0.02,0.1,1.0038019640172777,0.5
410,no-aversion,1,explore,0.0,create,0.05,create,0.75,0.26249999999999996,0.48233330025064935,0.07012210174949136,0.02,0.0,0.7649554020001406,0.5
410,no-aversion,1,explore,0.0,explore,0.05,explore,0.75,0.26249999999999996,0.48233330025064935,0.1814795735909508,0.02,0.0,0.8763128738416001,0.5
410,no-aversion,1,explore,0.0,finish,0.05,finish,0.75,0.26249999999999996,0.48233330025064935,0.19205501028245486,0.02,0.1,0.9868883105331041,0.5
410,no-aversion,1,explore,0.0,connect,0.05,connect,0.6,0.21,0.4568726595597783,0.34737465061047457,0.92,0.1,1.0642473101702528,0.4472135954999579
410,no-aversion,2,connect,0.0,understand,0.05,understand,0.75,0.26249999999999996,0.48233330025064935,0.21307995210245625,0.02,0.1,1.0079132523531056,0.5
410,no-aversion,2,connect,0.0,create,0.05,create,0.75,0.26249999999999996,0.48233330025064935,0.07415944597071474,0.02,0.0,0.7689927462213639,0.5
410,no-aversion,2,connect,0.0,explore,0.05,explore,0.6,0.21,0.4568726595597783,0.16504366241434537,0.02,0.0,0.7819163219741236,0.4472135954999579
410,no-aversion,2,connect,0.0,finish,0.05,finish,0.75,0.26249999999999996,0.48233330025064935,0.1961572910842578,0.02,0.1,0.9909905913349071,0.5
410,no-aversion,2,connect,0.0,connect,0.05,connect,0.6,0.21,0.4568726595597783,0.35155964842822585,0.92,0.1,1.0684323079880043,0.4472135954999579
410,no-aversion,3,understand,0.0,understand,0.05,understand,0.75,0.26249999999999996,0.48233330025064935,0.21718289771026736,0.92,0.1,1.0120161979609166,0.5
410,no-aversion,3,understand,0.0,create,0.05,create,0.75,0.26249999999999996,0.48233330025064935,0.07819527472496901,0.02,0.0,0.7730285749756183,0.5
410,no-aversion,3,understand,0.0,explore,0.05,explore,0.6,0.21,0.4568726595597783,0.16912340018401809,0.02,0.0,0.7859960597437963,0.4472135954999579
410,no-aversion,3,understand,0.0,finish,0.05,finish,0.75,0.26249999999999996,0.48233330025064935,0.20025206082377578,0.02,0.1,0.995085361074425,0.5
410,no-aversion,3,understand,0.0,connect,0.05,connect,0.5,0.175,0.4380783953864455,0.3352463665569698,0.02,0.1,0.9983247619434154,0.4082482904638631
410,no-aversion,4,understand,0.0,understand,0.05,understand,0.8,0.27999999999999997,0.4568726595597783,0.23750965858974765,0.92,0.1,1.024382318149526,0.4472135954999579
410,no-aversion,4,understand,0.0,create,0.05,create,0.75,0.26249999999999996,0.48233330025064935,0.07856660969129697,0.02,0.0,0.7733999099419462,0.5
410,no-aversion,4,understand,0.0,explore,0.05,explore,0.6,0.21,0.4568726595597783,0.1652752000110285,0.02,0.0,0.7821478595708067,0.4472135954999579
410,no-aversion,4,understand,0.0,finish,0.05,finish,0.75,0.26249999999999996,0.48233330025064935,0.1949593298552129,0.02,0.1,0.9897926301058622,0.5
410,no-aversion,4,understand,0.0,connect,0.05,connect,0.5,0.175,0.4380783953864455,0.32368920185271394,0.02,0.1,0.9867675972391593,0.4082482904638631
410,no-aversion,5,understand,0.0,understand,0.05,understand,0.8333333333333334,0.2916666666666667,0.4380783953864455,0.258722136530699,0.92,0.1,1.0384671985838112,0.4082482904638631
410,no-aversion,5,understand,0.0,create,0.05,create,0.75,0.26249999999999996,0.48233330025064935,0.07873225524606517,0.02,0.0,0.7735655554967145,0.5
410,no-aversion,5,understand,0.0,explore,0.05,explore,0.6,0.21,0.4568726595597783,0.16120913097306333,0.02,0.0,0.7780817905328415,0.4472135954999579
410,no-aversion,5,understand,0.0,finish,0.05,finish,0.75,0.26249999999999996,0.48233330025064935,0.1894445604639029,0.02,0.1,0.9842778607145521,0.5
410,no-aversion,5,understand,0.0,connect,0.05,connect,0.5,0.175,0.4380783953864455,0.31189191678626954,0.02,0.1,0.974970312172715,0.4082482904638631
410,no-aversion,6,understand,0.0,understand,0.05,understand,0.8571428571428571,0.3,0.4234715017693627,0.28074543036240157,0.92,0.1,1.0542169321317643,0.3779644730092272
410,no-aversion,6,understand,0.0,create,0.05,create,0.75,0.26249999999999996,0.48233330025064935,0.07869374307298756,0.02,0.0,0.7735270433236368,0.5
410,no-aversion,6,understand,0.0,explore,0.05,explore,0.6,0.21,0.4568726595597783,0.15694002911879482,0.02,0.0,0.773812688678573,0.4472135954999579
410,no-aversion,6,understand,0.0,finish,0.05,finish,0.75,0.26249999999999996,0.48233330025064935,0.1837271433625422,0.02,0.1,0.9785604436131915,0.5
410,no-aversion,6,understand,0.0,connect,0.05,connect,0.5,0.175,0.4380783953864455,0.2998936540832739,0.02,0.1,0.9629720494697193,0.4082482904638631
410,no-aversion,7,understand,0.0,understand,0.05,understand,0.875,0.30624999999999997,0.4116972238249853,0.3034888458451936,0.92,0.1,1.071436069670179,0.35355339059327373
410,no-aversion,7,understand,0.0,create,0.05,create,0.75,0.26249999999999996,0.48233330025064935,0.0784548205656074,0.02,0.0,0.7732881208162566,0.5
410,no-aversion,7,understand,0.0,explore,0.05,explore,0.6,0.21,0.4568726595597783,0.15248628685464125,0.02,0.0,0.7693589464144195,0.4472135954999579
410,no-aversion,7,understand,0.0,finish,0.05,finish,0.75,0.26249999999999996,0.48233330025064935,0.17783048458379014,0.02,0.1,0.9726637848344394,0.5
410,no-aversion,7,understand,0.0,connect,0.05,connect,0.5,0.175,0.4380783953864455,0.2877395621507676,0.02,0.1,0.950817957537213,0.4082482904638631
410,no-aversion,8,understand,0.0,understand,0.05,understand,0.8888888888888888,0.31111111111111106,0.4019444168755411,0.3268468683102546,0.92,0.1,1.0899023962969068,0.3333333333333333
410,no-aversion,8,understand,0.0,create,0.05,create,0.75,0.26249999999999996,0.48233330025064935,0.07802154398145782,0.02,0.0,0.772854844232107,0.5
410,no-aversion,8,understand,0.0,explore,0.05,explore,0.6,0.21,0.4568726595597783,0.1478696858600435,0.02,0.0,0.7647423454198218,0.4472135954999579
410,no-aversion,8,understand,0.0,finish,0.05,finish,0.75,0.26249999999999996,0.48233330025064935,0.1717817493044325,0.02,0.1,0.9666150495550817,0.5
410,no-aversion,8,understand,0.0,connect,0.05,connect,0.5,0.175,0.4380783953864455,0.2754801525438115,0.02,0.1,0.9385585479302568,0.4082482904638631
410,no-aversion,9,understand,0.0,understand,0.05,understand,0.9,0.315,0.3936938321391163,0.3507007437683714,0.92,0.1,1.1093945759074877,0.31622776601683794
410,no-aversion,9,understand,0.0,create,0.05,create,0.75,0.26249999999999996,0.48233330025064935,0.07740229651679605,0.02,0.0,0.7722355967674452,0.5
410,no-aversion,9,understand,0.0,explore,0.05,explore,0.6,0.21,0.4568726595597783,0.14311509531167307,0.02,0.0,0.7599877548714513,0.4472135954999579
410,no-aversion,9,understand,0.0,finish,0.05,finish,0.75,0.26249999999999996,0.48233330025064935,0.16561145057081292,0.02,0.1,0.9604447508214622,0.5
410,no-aversion,9,understand,0.0,connect,0.05,connect,0.5,0.175,0.4380783953864455,0.26317041383234663,0.02,0.1,0.926248809218792,0.4082482904638631
410,no-dream,0,connect,0.07605698458893428,understand,0.05,understand,0.75,0.26249999999999996,0.48233330025064935,0.20471622766120814,0.02,0.1,0.9234925433229231,0.5
410,no-dream,0,connect,0.07605698458893428,create,0.05,create,0.75,0.26249999999999996,0.48233330025064935,0.06604066683382616,0.02,0.0,0.6848169824955411,0.5
410,no-dream,0,connect,0.07605698458893428,explore,0.05,explore,0.75,0.26249999999999996,0.48233330025064935,0.17726099260629863,0.02,0.0,0.7960373082680137,0.5
410,no-dream,0,connect,0.07605698458893428,finish,0.05,finish,0.75,0.26249999999999996,0.48233330025064935,0.18782340476028334,0.02,0.1,0.9065997204219983,0.5
410,no-dream,0,connect,0.07605698458893428,connect,0.05,connect,0.75,0.26249999999999996,0.48233330025064935,0.36415870813838375,0.92,0.1,1.0829350238000988,0.5
410,no-dream,1,explore,0.07605698458893428,understand,0.05,understand,0.75,0.26249999999999996,0.48233330025064935,0.2089686637666284,0.02,0.1,0.9277449794283433,0.5
410,no-dream,1,explore,0.07605698458893428,create,0.05,create,0.75,0.26249999999999996,0.48233330025064935,0.07012210174949136,0.02,0.0,0.6888984174112063,0.5
410,no-dream,1,explore,0.07605698458893428,explore,0.05,explore,0.75,0.26249999999999996,0.48233330025064935,0.1814795735909508,0.02,0.0,0.8002558892526658,0.5
410,no-dream,1,explore,0.07605698458893428,finish,0.05,finish,0.75,0.26249999999999996,0.48233330025064935,0.19205501028245486,0.02,0.1,0.9108313259441698,0.5
410,no-dream,1,explore,0.11788832611284812,connect,0.05,connect,0.6,0.21,0.4568726595597783,0.34737465061047457,0.92,0.1,0.9463589840574045,0.4472135954999579
410,no-dream,2,connect,0.07605698458893428,understand,0.05,understand,0.75,0.26249999999999996,0.48233330025064935,0.21307995210245625,0.02,0.1,0.9318562677641712,0.5
410,no-dream,2,connect,0.07605698458893428,create,0.05,create,0.75,0.26249999999999996,0.48233330025064935,0.07415944597071474,0.02,0.0,0.6929357616324296,0.5
410,no-dream,2,connect,0.15591681840731528,explore,0.05,explore,0.6,0.21,0.4568726595597783,0.16504366241434537,0.02,0.0,0.6259995035668083,0.4472135954999579
410,no-dream,2,connect,0.07605698458893428,finish,0.05,finish,0.75,0.26249999999999996,0.48233330025064935,0.1961572910842578,0.02,0.1,0.9149336067459728,0.5
410,no-dream,2,connect,0.11788832611284812,connect,0.05,connect,0.6,0.21,0.4568726595597783,0.35155964842822585,0.92,0.1,0.950543981875156,0.4472135954999579
410,no-dream,3,understand,0.07605698458893428,understand,0.05,understand,0.75,0.26249999999999996,0.48233330025064935,0.21718289771026736,0.92,0.1,0.9359592133719823,0.5
410,no-dream,3,understand,0.07605698458893428,create,0.05,create,0.75,0.26249999999999996,0.48233330025064935,0.07819527472496901,0.02,0.0,0.696971590386684,0.5
410,no-dream,3,understand,0.15591681840731528,explore,0.05,explore,0.6,0.21,0.4568726595597783,0.16912340018401809,0.02,0.0,0.630079241336481,0.4472135954999579
410,no-dream,3,understand,0.07605698458893428,finish,0.05,finish,0.75,0.26249999999999996,0.48233330025064935,0.20025206082377578,0.02,0.1,0.9190283764854907,0.5
410,no-dream,3,understand,0.1513533993319792,connect,0.05,connect,0.5,0.175,0.4380783953864455,0.3352463665569698,0.02,0.1,0.8469713626114361,0.4082482904638631
410,no-dream,4,understand,0.06084558767114743,understand,0.05,understand,0.8,0.27999999999999997,0.4568726595597783,0.23750965858974765,0.92,0.1,0.9635367304783784,0.4472135954999579
410,no-dream,4,understand,0.07605698458893428,create,0.05,create,0.75,0.26249999999999996,0.48233330025064935,0.07856660969129697,0.02,0.0,0.6973429253530119,0.5
410,no-dream,4,understand,0.15591681840731528,explore,0.05,explore,0.6,0.21,0.4568726595597783,0.1652752000110285,0.02,0.0,0.6262310411634914,0.4472135954999579
410,no-dream,4,understand,0.07605698458893428,finish,0.05,finish,0.75,0.26249999999999996,0.48233330025064935,0.1949593298552129,0.02,0.1,0.9137356455169279,0.5
410,no-dream,4,understand,0.1513533993319792,connect,0.05,connect,0.5,0.175,0.4380783953864455,0.32368920185271394,0.02,0.1,0.8354141979071801,0.4082482904638631
410,no-dream,5,understand,0.04867647013691795,understand,0.05,understand,0.8333333333333334,0.2916666666666667,0.4380783953864455,0.258722136530699,0.92,0.1,0.9897907284468931,0.4082482904638631
410,no-dream,5,understand,0.07605698458893428,create,0.05,create,0.75,0.26249999999999996,0.48233330025064935,0.07873225524606517,0.02,0.0,0.6975085709077802,0.5
410,no-dream,5,understand,0.15591681840731528,explore,0.05,explore,0.6,0.21,0.4568726595597783,0.16120913097306333,0.02,0.0,0.6221649721255262,0.4472135954999579
410,no-dream,5,understand,0.07605698458893428,finish,0.05,finish,0.75,0.26249999999999996,0.48233330025064935,0.1894445604639029,0.02,0.1,0.9082208761256179,0.5
410,no-dream,5,understand,0.1513533993319792,connect,0.05,connect,0.5,0.175,0.4380783953864455,0.31189191678626954,0.02,0.1,0.8236169128407358,0.4082482904638631
410,no-dream,6,understand,0.03894117610953436,understand,0.05,understand,0.8571428571428571,0.3,0.4234715017693627,0.28074543036240157,0.92,0.1,1.0152757560222299,0.3779644730092272
410,no-dream,6,understand,0.07605698458893428,create,0.05,create,0.75,0.26249999999999996,0.48233330025064935,0.07869374307298756,0.02,0.0,0.6974700587347025,0.5
410,no-dream,6,understand,0.15591681840731528,explore,0.05,explore,0.6,0.21,0.4568726595597783,0.15694002911879482,0.02,0.0,0.6178958702712577,0.4472135954999579
410,no-dream,6,understand,0.07605698458893428,finish,0.05,finish,0.75,0.26249999999999996,0.48233330025064935,0.1837271433625422,0.02,0.1,0.9025034590242572,0.5
410,no-dream,6,understand,0.1513533993319792,connect,0.05,connect,0.5,0.175,0.4380783953864455,0.2998936540832739,0.02,0.1,0.81161865013774,0.4082482904638631
410,no-dream,7,understand,0.031152940887627486,understand,0.05,understand,0.875,0.30624999999999997,0.4116972238249853,0.3034888458451936,0.92,0.1,1.0402831287825516,0.35355339059327373
410,no-dream,7,understand,0.07605698458893428,create,0.05,create,0.75,0.26249999999999996,0.48233330025064935,0.0784548205656074,0.02,0.0,0.6972311362273224,0.5
410,no-dream,7,understand,0.15591681840731528,explore,0.05,explore,0.6,0.21,0.4568726595597783,0.15248628685464125,0.02,0.0,0.6134421280071042,0.4472135954999579
410,no-dream,7,understand,0.07605698458893428,finish,0.05,finish,0.75,0.26249999999999996,0.48233330025064935,0.17783048458379014,0.02,0.1,0.8966068002455051,0.5
410,no-dream,7,understand,0.1513533993319792,connect,0.05,connect,0.5,0.175,0.4380783953864455,0.2877395621507676,0.02,0.1,0.7994645582052338,0.4082482904638631
410,no-dream,8,understand,0.024922352710101993,understand,0.05,understand,0.8888888888888888,0.31111111111111106,0.4019444168755411,0.3268468683102546,0.92,0.1,1.0649800435868046,0.3333333333333333
410,no-dream,8,understand,0.07605698458893428,create,0.05,create,0.75,0.26249999999999996,0.48233330025064935,0.07802154398145782,0.02,0.0,0.6967978596431728,0.5
410,no-dream,8,understand,0.15591681840731528,explore,0.05,explore,0.6,0.21,0.4568726595597783,0.1478696858600435,0.02,0.0,0.6088255270125065,0.4472135954999579
410,no-dream,8,understand,0.07605698458893428,finish,0.05,finish,0.75,0.26249999999999996,0.48233330025064935,0.1717817493044325,0.02,0.1,0.8905580649661474,0.5
410,no-dream,8,understand,0.1513533993319792,connect,0.05,connect,0.5,0.175,0.4380783953864455,0.2754801525438115,0.02,0.1,0.7872051485982776,0.4082482904638631
410,no-dream,9,understand,0.019937882168081594,understand,0.05,understand,0.9,0.315,0.3936938321391163,0.3507007437683714,0.92,0.1,1.0894566937394061,0.31622776601683794
410,no-dream,9,understand,0.07605698458893428,create,0.05,create,0.75,0.26249999999999996,0.48233330025064935,0.07740229651679605,0.02,0.0,0.696178612178511,0.5
410,no-dream,9,understand,0.15591681840731528,explore,0.05,explore,0.6,0.21,0.4568726595597783,0.14311509531167307,0.02,0.0,0.604070936464136,0.4472135954999579
410,no-dream,9,understand,0.07605698458893428,finish,0.05,finish,0.75,0.26249999999999996,0.48233330025064935,0.16561145057081292,0.02,0.1,0.8843877662325279,0.5
410,no-dream,9,understand,0.1513533993319792,connect,0.05,connect,0.5,0.175,0.4380783953864455,0.26317041383234663,0.02,0.1,0.7748954098868128,0.4082482904638631
410,restarted,0,connect,0.07605698458893428,understand,0.05,understand,0.75,0.26249999999999996,0.48233330025064935,0.20471622766120814,0.02,0.1,0.9234925433229231,0.5
410,restarted,0,connect,0.07605698458893428,create,0.05,create,0.75,0.26249999999999996,0.48233330025064935,0.06604066683382616,0.02,0.0,0.6848169824955411,0.5
410,restarted,0,connect,0.07605698458893428,explore,0.05,explore,0.75,0.26249999999999996,0.48233330025064935,0.17726099260629863,0.02,0.0,0.7960373082680137,0.5
410,restarted,0,connect,0.07605698458893428,finish,0.05,finish,0.75,0.26249999999999996,0.48233330025064935,0.18782340476028334,0.02,0.1,0.9065997204219983,0.5
410,restarted,0,connect,0.07605698458893428,connect,0.05,connect,0.75,0.26249999999999996,0.48233330025064935,0.36415870813838375,0.92,0.1,1.0829350238000988,0.5
410,restarted,1,explore,0.07605698458893428,understand,0.05,understand,0.75,0.26249999999999996,0.48233330025064935,0.2089686637666284,0.02,0.1,0.9277449794283433,0.5
410,restarted,1,explore,0.07605698458893428,create,0.05,create,0.75,0.26249999999999996,0.48233330025064935,0.07012210174949136,0.02,0.0,0.6888984174112063,0.5
410,restarted,1,explore,0.07605698458893428,explore,0.05,explore,0.75,0.26249999999999996,0.48233330025064935,0.1814795735909508,0.02,0.0,0.8002558892526658,0.5
410,restarted,1,explore,0.07605698458893428,finish,0.05,finish,0.75,0.26249999999999996,0.48233330025064935,0.19205501028245486,0.02,0.1,0.9108313259441698,0.5
410,restarted,1,explore,0.11788832611284812,connect,0.05,connect,0.6,0.21,0.4568726595597783,0.34737465061047457,0.92,0.1,0.9463589840574045,0.4472135954999579
410,restarted,2,connect,0.07605698458893428,understand,0.05,understand,0.75,0.26249999999999996,0.48233330025064935,0.21307995210245625,0.02,0.1,0.9318562677641712,0.5
410,restarted,2,connect,0.07605698458893428,create,0.05,create,0.75,0.26249999999999996,0.48233330025064935,0.07415944597071474,0.02,0.0,0.6929357616324296,0.5
410,restarted,2,connect,0.15591681840731528,explore,0.05,explore,0.6,0.21,0.4568726595597783,0.16504366241434537,0.02,0.0,0.6259995035668083,0.4472135954999579
410,restarted,2,connect,0.07605698458893428,finish,0.05,finish,0.75,0.26249999999999996,0.48233330025064935,0.1961572910842578,0.02,0.1,0.9149336067459728,0.5
410,restarted,2,connect,0.11788832611284812,connect,0.05,connect,0.6,0.21,0.4568726595597783,0.35155964842822585,0.92,0.1,0.950543981875156,0.4472135954999579
410,restarted,3,understand,0.07605698458893428,understand,0.05,understand,0.75,0.26249999999999996,0.48233330025064935,0.21718289771026736,0.92,0.1,0.9359592133719823,0.5
410,restarted,3,understand,0.07605698458893428,create,0.05,create,0.75,0.26249999999999996,0.48233330025064935,0.07819527472496901,0.02,0.0,0.696971590386684,0.5
410,restarted,3,understand,0.15591681840731528,explore,0.05,explore,0.6,0.21,0.4568726595597783,0.16912340018401809,0.02,0.0,0.630079241336481,0.4472135954999579
410,restarted,3,understand,0.07605698458893428,finish,0.05,finish,0.75,0.26249999999999996,0.48233330025064935,0.20025206082377578,0.02,0.1,0.9190283764854907,0.5
410,restarted,3,understand,0.1513533993319792,connect,0.05,connect,0.5,0.175,0.4380783953864455,0.3352463665569698,0.02,0.1,0.8469713626114361,0.4082482904638631
410,restarted,4,understand,0.06084558767114743,understand,0.05,understand,0.8,0.27999999999999997,0.4568726595597783,0.23750965858974765,0.92,0.1,0.9635367304783784,0.4472135954999579
410,restarted,4,understand,0.07605698458893428,create,0.05,create,0.75,0.26249999999999996,0.48233330025064935,0.07856660969129697,0.02,0.0,0.6973429253530119,0.5
410,restarted,4,understand,0.15591681840731528,explore,0.05,explore,0.6,0.21,0.4568726595597783,0.1652752000110285,0.02,0.0,0.6262310411634914,0.4472135954999579
410,restarted,4,understand,0.07605698458893428,finish,0.05,finish,0.75,0.26249999999999996,0.48233330025064935,0.1949593298552129,0.02,0.1,0.9137356455169279,0.5
410,restarted,4,understand,0.1513533993319792,connect,0.05,connect,0.5,0.175,0.4380783953864455,0.32368920185271394,0.02,0.1,0.8354141979071801,0.4082482904638631
410,restarted,5,understand,0.04867647013691795,understand,0.05,understand,0.8333333333333334,0.2916666666666667,0.4380783953864455,0.258722136530699,0.92,0.1,0.9897907284468931,0.4082482904638631
410,restarted,5,understand,0.07605698458893428,create,0.05,create,0.75,0.26249999999999996,0.48233330025064935,0.07873225524606517,0.02,0.0,0.6975085709077802,0.5
410,restarted,5,understand,0.15591681840731528,explore,0.05,explore,0.6,0.21,0.4568726595597783,0.16120913097306333,0.02,0.0,0.6221649721255262,0.4472135954999579
410,restarted,5,understand,0.07605698458893428,finish,0.05,finish,0.75,0.26249999999999996,0.48233330025064935,0.1894445604639029,0.02,0.1,0.9082208761256179,0.5
410,restarted,5,understand,0.1513533993319792,connect,0.05,connect,0.5,0.175,0.4380783953864455,0.31189191678626954,0.02,0.1,0.8236169128407358,0.4082482904638631
410,restarted,6,understand,0.03894117610953436,understand,0.05,understand,0.8571428571428571,0.3,0.4234715017693627,0.28074543036240157,0.92,0.1,1.0152757560222299,0.3779644730092272
410,restarted,6,understand,0.07605698458893428,create,0.05,create,0.75,0.26249999999999996,0.48233330025064935,0.07869374307298756,0.02,0.0,0.6974700587347025,0.5
410,restarted,6,understand,0.15591681840731528,explore,0.05,explore,0.6,0.21,0.4568726595597783,0.15694002911879482,0.02,0.0,0.6178958702712577,0.4472135954999579
410,restarted,6,understand,0.07605698458893428,finish,0.05,finish,0.75,0.26249999999999996,0.48233330025064935,0.1837271433625422,0.02,0.1,0.9025034590242572,0.5
410,restarted,6,understand,0.1513533993319792,connect,0.05,connect,0.5,0.175,0.4380783953864455,0.2998936540832739,0.02,0.1,0.81161865013774,0.4082482904638631
410,restarted,7,understand,0.031152940887627486,understand,0.05,understand,0.875,0.30624999999999997,0.4116972238249853,0.3034888458451936,0.92,0.1,1.0402831287825516,0.35355339059327373
410,restarted,7,understand,0.07605698458893428,create,0.05,create,0.75,0.26249999999999996,0.48233330025064935,0.0784548205656074,0.02,0.0,0.6972311362273224,0.5
410,restarted,7,understand,0.15591681840731528,explore,0.05,explore,0.6,0.21,0.4568726595597783,0.15248628685464125,0.02,0.0,0.6134421280071042,0.4472135954999579
410,restarted,7,understand,0.07605698458893428,finish,0.05,finish,0.75,0.26249999999999996,0.48233330025064935,0.17783048458379014,0.02,0.1,0.8966068002455051,0.5
410,restarted,7,understand,0.1513533993319792,connect,0.05,connect,0.5,0.175,0.4380783953864455,0.2877395621507676,0.02,0.1,0.7994645582052338,0.4082482904638631
410,restarted,8,understand,0.024922352710101993,understand,0.05,understand,0.8888888888888888,0.31111111111111106,0.4019444168755411,0.3268468683102546,0.92,0.1,1.0649800435868046,0.3333333333333333
410,restarted,8,understand,0.07605698458893428,create,0.05,create,0.75,0.26249999999999996,0.48233330025064935,0.07802154398145782,0.02,0.0,0.6967978596431728,0.5
410,restarted,8,understand,0.15591681840731528,explore,0.05,explore,0.6,0.21,0.4568726595597783,0.1478696858600435,0.02,0.0,0.6088255270125065,0.4472135954999579
410,restarted,8,understand,0.07605698458893428,finish,0.05,finish,0.75,0.26249999999999996,0.48233330025064935,0.1717817493044325,0.02,0.1,0.8905580649661474,0.5
410,restarted,8,understand,0.1513533993319792,connect,0.05,connect,0.5,0.175,0.4380783953864455,0.2754801525438115,0.02,0.1,0.7872051485982776,0.4082482904638631
410,restarted,9,understand,0.019937882168081594,understand,0.05,understand,0.9,0.315,0.3936938321391163,0.3507007437683714,0.92,0.1,1.0894566937394061,0.31622776601683794
410,restarted,9,understand,0.07605698458893428,create,0.05,create,0.75,0.26249999999999996,0.48233330025064935,0.07740229651679605,0.02,0.0,0.696178612178511,0.5
410,restarted,9,understand,0.15591681840731528,explore,0.05,explore,0.6,0.21,0.4568726595597783,0.14311509531167307,0.02,0.0,0.604070936464136,0.4472135954999579
410,restarted,9,understand,0.07605698458893428,finish,0.05,finish,0.75,0.26249999999999996,0.48233330025064935,0.16561145057081292,0.02,0.1,0.8843877662325279,0.5
410,restarted,9,understand,0.1513533993319792,connect,0.05,connect,0.5,0.175,0.4380783953864455,0.26317041383234663,0.02,0.1,0.7748954098868128,0.4082482904638631
411,updated,0,understand,0.08739893638820175,understand,0.05,understand,0.75,0.26249999999999996,0.41022351431495935,0.156771730042094,0.02,0.1,0.7920963079688516,0.5
411,updated,0,understand,0.08739893638820175,create,0.05,create,0.75,0.26249999999999996,0.41022351431495935,0.3202466066465476,0.02,0.0,0.8555711845733052,0.5
411,updated,0,understand,0.08739893638820175,explore,0.05,explore,0.75,0.26249999999999996,0.41022351431495935,0.20802830506150277,0.02,0.0,0.7433528829882603,0.5
411,updated,0,understand,0.08739893638820175,finish,0.05,finish,0.75,0.26249999999999996,0.41022351431495935,0.08065271337334025,0.02,0.0,0.6159772913000978,0.5
411,updated,0,understand,0.08739893638820175,connect,0.05,connect,0.75,0.26249999999999996,0.41022351431495935,0.23430064487651533,0.92,0.1,0.8696252228032729,0.5
411,updated,1,connect,0.0699191491105614,understand,0.05,understand,0.8,0.27999999999999997,0.3885692899529011,0.17382989607933297,0.02,0.1,0.8224800369216725,0.4472135954999579
411,updated,1,connect,0.08739893638820175,create,0.05,create,0.75,0.26249999999999996,0.41022351431495935,0.3116915656540149,0.02,0.0,0.8470161435807724,0.5
411,updated,1,connect,0.08739893638820175,explore,0.05,explore,0.75,0.26249999999999996,0.41022351431495935,0.20387270296159707,0.02,0.0,0.7391972808883547,0.5
411,updated,1,connect,0.08739893638820175,finish,0.05,finish,0.75,0.26249999999999996,0.41022351431495935,0.08149078097016925,0.02,0.0,0.6168153588969267,0.5
411,updated,1,connect,0.08739893638820175,connect,0.05,connect,0.75,0.26249999999999996,0.41022351431495935,0.22911505433488574,0.92,0.1,0.8644396322616433,0.5
411,updated,2,create,0.0699191491105614,understand,0.05,understand,0.8,0.27999999999999997,0.3885692899529011,0.17665699518920056,0.02,0.1,0.8253071360315402,0.4472135954999579
411,updated,2,create,0.08739893638820175,create,0.05,create,0.75,0.26249999999999996,0.41022351431495935,0.3135884561023903,0.92,0.0,0.8489130340291478,0.5
411,updated,2,create,0.08739893638820175,explore,0.05,explore,0.75,0.26249999999999996,0.41022351431495935,0.20649709105495345,0.02,0.0,0.741821668981711,0.5
411,updated,2,create,0.08739893638820175,finish,0.05,finish,0.75,0.26249999999999996,0.41022351431495935,0.08494092958273085,0.02,0.0,0.6202655075094884,0.5
411,updated,2,create,0.13546835140171268,connect,0.05,connect,0.6,0.21,0.3885692899529011,0.2183165280707249,0.02,0.1,0.7314174666219133,0.4472135954999579
411,updated,3,create,0.0699191491105614,understand,0.05,understand,0.8,0.27999999999999997,0.3885692899529011,0.17383063094178192,0.02,0.1,0.8224807717841215,0.4472135954999579
411,updated,3,create,0.09176888320761183,create,0.05,create,0.8,0.27999999999999997,0.3885692899529011,0.3241127112968118,0.92,0.0,0.850913118042101,0.4472135954999579
411,updated,3,create,0.08739893638820175,explore,0.05,explore,0.75,0.26249999999999996,0.41022351431495935,0.202517648417747,0.02,0.0,0.7378422263445046,0.5
411,updated,3,create,0.08739893638820175,finish,0.05,finish,0.75,0.26249999999999996,0.41022351431495935,0.08565864956758032,0.02,0.0,0.6209832274943379,0.5
411,updated,3,create,0.13546835140171268,connect,0.05,connect,0.6,0.21,0.3885692899529011,0.21388035977607892,0.02,0.1,0.7269812983272672,0.4472135954999579
411,updated,4,create,0.0699191491105614,understand,0.05,understand,0.8,0.27999999999999997,0.3885692899529011,0.17100686493916764,0.02,0.1,0.8196570057815072,0.4472135954999579
411,updated,4,create,0.09526484066313991,create,0.05,create,0.8333333333333334,0.2916666666666667,0.3725848055846399,0.3346448401699828,0.92,0.0,0.8536314717581495,0.4082482904638631
411,updated,4,create,0.08739893638820175,explore,0.05,explore,0.75,0.26249999999999996,0.41022351431495935,0.19856776618631655,0.02,0.0,0.733892344113074,0.5
411,updated,4,create,0.08739893638820175,finish,0.05,finish,0.75,0.26249999999999996,0.41022351431495935,0.08629609730862392,0.02,0.0,0.6216206752353814,0.5
411,updated,4,create,0.13546835140171268,connect,0.05,connect,0.6,0.21,0.3885692899529011,0.20948443139590917,0.02,0.1,0.7225853699470975,0.4472135954999579
411,updated,5,explore,0.0699191491105614,understand,0.05,understand,0.8,0.27999999999999997,0.3885692899529011,0.16818911608544695,0.02,0.1,0.8168392569277865,0.4472135954999579
411,updated,5,explore,0.09806160662756237,create,0.05,create,0.8571428571428571,0.3,0.36016167156152645,0.3451714031817186,0.92,0.0,0.8572714681156828,0.3779644730092272
411,updated,5,explore,0.08739893638820175,explore,0.05,explore,0.75,0.26249999999999996,0.41022351431495935,0.19465121172059835,0.02,0.0,0.7299757896473559,0.5
411,updated,5,explore,0.08739893638820175,finish,0.05,finish,0.75,0.26249999999999996,0.41022351431495935,0.0868556207013501,0.02,0.0,0.6221801986281077,0.5
411,updated,5,explore,0.13546835140171268,connect,0.05,connect,0.6,0.21,0.3885692899529011,0.20513264831088593,0.02,0.1,0.7182335868620743,0.4472135954999579
411,updated,6,create,0.0699191491105614,understand,0.05,understand,0.8,0.27999999999999997,0.3885692899529011,0.17253496945022748,0.02,0.1,0.821185110292567,0.4472135954999579
411,updated,6,create,0.09806160662756237,create,0.05,create,0.8571428571428571,0.3,0.36016167156152645,0.3498811916269814,0.92,0.0,0.8619812565609453,0.3779644730092272
411,updated,6,create,0.17916781959581357,explore,0.05,explore,0.6,0.21,0.3885692899529011,0.17699514386834306,0.02,0.0,0.5463966142254306,0.4472135954999579
411,updated,6,create,0.08739893638820175,finish,0.05,finish,0.75,0.26249999999999996,0.41022351431495935,0.09103422505678534,0.02,0.0,0.6263588029835429,0.5
411,updated,6,create,0.13546835140171268,connect,0.05,connect,0.6,0.21,0.3885692899529011,0.20955446999766272,0.02,0.1,0.722655408548851,0.4472135954999579
411,updated,7,create,0.0699191491105614,understand,0.05,understand,0.8,0.27999999999999997,0.3885692899529011,0.16950352765888002,0.02,0.1,0.8181536685012196,0.4472135954999579
411,updated,7,create,0.10029901939910033,create,0.05,create,0.875,0.30624999999999997,0.3501476715446219,0.3603759513449744,0.92,0.0,0.8664746034904959,0.35355339059327373
411,updated,7,create,0.17916781959581357,explore,0.05,explore,0.6,0.21,0.3885692899529011,0.17378193337874176,0.02,0.0,0.5431834037358292,0.4472135954999579
411,updated,7,create,0.08739893638820175,finish,0.05,finish,0.75,0.26249999999999996,0.41022351431495935,0.09132424176153303,0.02,0.0,0.6266488196882906,0.5
411,updated,7,create,0.13546835140171268,connect,0.05,connect,0.6,0.21,0.3885692899529011,0.20501434585587072,0.02,0.1,0.7181152844070591,0.4472135954999579
411,updated,8,finish,0.0699191491105614,understand,0.05,understand,0.8,0.27999999999999997,0.3885692899529011,0.1664924105354093,0.02,0.1,0.8151425513777488,0.4472135954999579
411,updated,8,finish,0.1020889496163307,create,0.05,create,0.8888888888888888,0.31111111111111106,0.3418529285957994,0.370832504680748,0.92,0.0,0.8717075947713278,0.3333333333333333
411,updated,8,finish,0.17916781959581357,explore,0.05,explore,0.6,0.21,0.3885692899529011,0.17059385000555355,0.02,0.0,0.5399953203626411,0.4472135954999579
411,updated,8,finish,0.08739893638820175,finish,0.05,finish,0.75,0.26249999999999996,0.41022351431495935,0.09154682801654705,0.02,0.0,0.6268714059433046,0.5
411,updated,8,finish,0.13546835140171268,connect,0.05,connect,0.6,0.21,0.3885692899529011,0.20053440676174214,0.02,0.1,0.7136353453129305,0.4472135954999579
411,updated,9,create,0.0699191491105614,understand,0.05,understand,0.8,0.27999999999999997,0.3885692899529011,0.16670892723512837,0.02,0.1,0.8153590680774679,0.4472135954999579
411,updated,9,create,0.1020889496163307,create,0.05,create,0.8888888888888888,0.31111111111111106,0.3418529285957994,0.36640546236603205,0.92,0.0,0.8672805524566118,0.3333333333333333
411,updated,9,create,0.17916781959581357,explore,0.05,explore,0.6,0.21,0.3885692899529011,0.1707171628908014,0.02,0.0,0.5401186332478889,0.4472135954999579
411,updated,9,create,0.0699191491105614,finish,0.05,finish,0.8,0.27999999999999997,0.3885692899529011,0.09619111681165479,0.02,0.0,0.6448412576539944,0.4472135954999579
411,updated,9,create,0.13546835140171268,connect,0.05,connect,0.6,0.21,0.3885692899529011,0.19997733069638343,0.02,0.1,0.7130782692475718,0.4472135954999579
411,frozen,0,understand,0.08739893638820175,understand,0.05,understand,0.75,0.26249999999999996,0.41022351431495935,0.156771730042094,0.02,0.1,0.7920963079688516,0.5
411,frozen,0,understand,0.08739893638820175,create,0.05,create,0.75,0.26249999999999996,0.41022351431495935,0.3202466066465476,0.02,0.0,0.8555711845733052,0.5
411,frozen,0,understand,0.08739893638820175,explore,0.05,explore,0.75,0.26249999999999996,0.41022351431495935,0.20802830506150277,0.02,0.0,0.7433528829882603,0.5
411,frozen,0,understand,0.08739893638820175,finish,0.05,finish,0.75,0.26249999999999996,0.41022351431495935,0.08065271337334025,0.02,0.0,0.6159772913000978,0.5
411,frozen,0,understand,0.08739893638820175,connect,0.05,connect,0.75,0.26249999999999996,0.41022351431495935,0.23430064487651533,0.92,0.1,0.8696252228032729,0.5
411,frozen,1,connect,0.08739893638820175,understand,0.05,understand,0.75,0.26249999999999996,0.41022351431495935,0.156771730042094,0.02,0.1,0.7920963079688516,0.5
411,frozen,1,connect,0.08739893638820175,create,0.05,create,0.75,0.26249999999999996,0.41022351431495935,0.3202466066465476,0.02,0.0,0.8555711845733052,0.5
411,frozen,1,connect,0.08739893638820175,explore,0.05,explore,0.75,0.26249999999999996,0.41022351431495935,0.20802830506150277,0.02,0.0,0.7433528829882603,0.5
411,frozen,1,connect,0.08739893638820175,finish,0.05,finish,0.75,0.26249999999999996,0.41022351431495935,0.08065271337334025,0.02,0.0,0.6159772913000978,0.5
411,frozen,1,connect,0.08739893638820175,connect,0.05,connect,0.75,0.26249999999999996,0.41022351431495935,0.23430064487651533,0.92,0.1,0.8696252228032729,0.5
411,frozen,2,connect,0.08739893638820175,understand,0.05,understand,0.75,0.26249999999999996,0.41022351431495935,0.156771730042094,0.02,0.1,0.7920963079688516,0.5
411,frozen,2,connect,0.08739893638820175,create,0.05,create,0.75,0.26249999999999996,0.41022351431495935,0.3202466066465476,0.02,0.0,0.8555711845733052,0.5
411,frozen,2,connect,0.08739893638820175,explore,0.05,explore,0.75,0.26249999999999996,0.41022351431495935,0.20802830506150277,0.02,0.0,0.7433528829882603,0.5
411,frozen,2,connect,0.08739893638820175,finish,0.05,finish,0.75,0.26249999999999996,0.41022351431495935,0.08065271337334025,0.02,0.0,0.6159772913000978,0.5
411,frozen,2,connect,0.08739893638820175,connect,0.05,connect,0.75,0.26249999999999996,0.41022351431495935,0.23430064487651533,0.92,0.1,0.8696252228032729,0.5
411,frozen,3,connect,0.08739893638820175,understand,0.05,understand,0.75,0.26249999999999996,0.41022351431495935,0.156771730042094,0.02,0.1,0.7920963079688516,0.5
411,frozen,3,connect,0.08739893638820175,create,0.05,create,0.75,0.26249999999999996,0.41022351431495935,0.3202466066465476,0.02,0.0,0.8555711845733052,0.5
411,frozen,3,connect,0.08739893638820175,explore,0.05,explore,0.75,0.26249999999999996,0.41022351431495935,0.20802830506150277,0.02,0.0,0.7433528829882603,0.5
411,frozen,3,connect,0.08739893638820175,finish,0.05,finish,0.75,0.26249999999999996,0.41022351431495935,0.08065271337334025,0.02,0.0,0.6159772913000978,0.5
411,frozen,3,connect,0.08739893638820175,connect,0.05,connect,0.75,0.26249999999999996,0.41022351431495935,0.23430064487651533,0.92,0.1,0.8696252228032729,0.5
411,frozen,4,connect,0.08739893638820175,understand,0.05,understand,0.75,0.26249999999999996,0.41022351431495935,0.156771730042094,0.02,0.1,0.7920963079688516,0.5
411,frozen,4,connect,0.08739893638820175,create,0.05,create,0.75,0.26249999999999996,0.41022351431495935,0.3202466066465476,0.02,0.0,0.8555711845733052,0.5
411,frozen,4,connect,0.08739893638820175,explore,0.05,explore,0.75,0.26249999999999996,0.41022351431495935,0.20802830506150277,0.02,0.0,0.7433528829882603,0.5
411,frozen,4,connect,0.08739893638820175,finish,0.05,finish,0.75,0.26249999999999996,0.41022351431495935,0.08065271337334025,0.02,0.0,0.6159772913000978,0.5
411,frozen,4,connect,0.08739893638820175,connect,0.05,connect,0.75,0.26249999999999996,0.41022351431495935,0.23430064487651533,0.92,0.1,0.8696252228032729,0.5
411,frozen,5,explore,0.08739893638820175,understand,0.05,understand,0.75,0.26249999999999996,0.41022351431495935,0.156771730042094,0.02,0.1,0.7920963079688516,0.5
411,frozen,5,explore,0.08739893638820175,create,0.05,create,0.75,0.26249999999999996,0.41022351431495935,0.3202466066465476,0.02,0.0,0.8555711845733052,0.5
411,frozen,5,explore,0.08739893638820175,explore,0.05,explore,0.75,0.26249999999999996,0.41022351431495935,0.20802830506150277,0.02,0.0,0.7433528829882603,0.5
411,frozen,5,explore,0.08739893638820175,finish,0.05,finish,0.75,0.26249999999999996,0.41022351431495935,0.08065271337334025,0.02,0.0,0.6159772913000978,0.5
411,frozen,5,explore,0.08739893638820175,connect,0.05,connect,0.75,0.26249999999999996,0.41022351431495935,0.23430064487651533,0.92,0.1,0.8696252228032729,0.5
411,frozen,6,connect,0.08739893638820175,understand,0.05,understand,0.75,0.26249999999999996,0.41022351431495935,0.156771730042094,0.02,0.1,0.7920963079688516,0.5
411,frozen,6,connect,0.08739893638820175,create,0.05,create,0.75,0.26249999999999996,0.41022351431495935,0.3202466066465476,0.02,0.0,0.8555711845733052,0.5
411,frozen,6,connect,0.08739893638820175,explore,0.05,explore,0.75,0.26249999999999996,0.41022351431495935,0.20802830506150277,0.02,0.0,0.7433528829882603,0.5
411,frozen,6,connect,0.08739893638820175,finish,0.05,finish,0.75,0.26249999999999996,0.41022351431495935,0.08065271337334025,0.02,0.0,0.6159772913000978,0.5
411,frozen,6,connect,0.08739893638820175,connect,0.05,connect,0.75,0.26249999999999996,0.41022351431495935,0.23430064487651533,0.92,0.1,0.8696252228032729,0.5
411,frozen,7,connect,0.08739893638820175,understand,0.05,understand,0.75,0.26249999999999996,0.41022351431495935,0.156771730042094,0.02,0.1,0.7920963079688516,0.5
411,frozen,7,connect,0.08739893638820175,create,0.05,create,0.75,0.26249999999999996,0.41022351431495935,0.3202466066465476,0.02,0.0,0.8555711845733052,0.5
411,frozen,7,connect,0.08739893638820175,explore,0.05,explore,0.75,0.26249999999999996,0.41022351431495935,0.20802830506150277,0.02,0.0,0.7433528829882603,0.5
411,frozen,7,connect,0.08739893638820175,finish,0.05,finish,0.75,0.26249999999999996,0.41022351431495935,0.08065271337334025,0.02,0.0,0.6159772913000978,0.5
411,frozen,7,connect,0.08739893638820175,connect,0.05,connect,0.75,0.26249999999999996,0.41022351431495935,0.23430064487651533,0.92,0.1,0.8696252228032729,0.5
411,frozen,8,finish,0.08739893638820175,understand,0.05,understand,0.75,0.26249999999999996,0.41022351431495935,0.156771730042094,0.02,0.1,0.7920963079688516,0.5
411,frozen,8,finish,0.08739893638820175,create,0.05,create,0.75,0.26249999999999996,0.41022351431495935,0.3202466066465476,0.02,0.0,0.8555711845733052,0.5
411,frozen,8,finish,0.08739893638820175,explore,0.05,explore,0.75,0.26249999999999996,0.41022351431495935,0.20802830506150277,0.02,0.0,0.7433528829882603,0.5
411,frozen,8,finish,0.08739893638820175,finish,0.05,finish,0.75,0.26249999999999996,0.41022351431495935,0.08065271337334025,0.02,0.0,0.6159772913000978,0.5
411,frozen,8,finish,0.08739893638820175,connect,0.05,connect,0.75,0.26249999999999996,0.41022351431495935,0.23430064487651533,0.92,0.1,0.8696252228032729,0.5
411,frozen,9,connect,0.08739893638820175,understand,0.05,understand,0.75,0.26249999999999996,0.41022351431495935,0.156771730042094,0.02,0.1,0.7920963079688516,0.5
411,frozen,9,connect,0.08739893638820175,create,0.05,create,0.75,0.26249999999999996,0.41022351431495935,0.3202466066465476,0.02,0.0,0.8555711845733052,0.5
411,frozen,9,connect,0.08739893638820175,explore,0.05,explore,0.75,0.26249999999999996,0.41022351431495935,0.20802830506150277,0.02,0.0,0.7433528829882603,0.5
411,frozen,9,connect,0.08739893638820175,finish,0.05,finish,0.75,0.26249999999999996,0.41022351431495935,0.08065271337334025,0.02,0.0,0.6159772913000978,0.5
411,frozen,9,connect,0.08739893638820175,connect,0.05,connect,0.75,0.26249999999999996,0.41022351431495935,0.23430064487651533,0.92,0.1,0.8696252228032729,0.5
411,neutral,0,understand,0.08739893638820175,understand,0.05,understand,0.75,0.26249999999999996,0.41022351431495935,0.2,0.47000000000000003,0.1,0.8353245779267575,0.5
411,neutral,0,understand,0.08739893638820175,create,0.05,create,0.75,0.26249999999999996,0.41022351431495935,0.2,0.02,0.0,0.7353245779267575,0.5
411,neutral,0,understand,0.08739893638820175,explore,0.05,explore,0.75,0.26249999999999996,0.41022351431495935,0.2,0.02,0.0,0.7353245779267575,0.5
411,neutral,0,understand,0.08739893638820175,finish,0.05,finish,0.75,0.26249999999999996,0.41022351431495935,0.2,0.02,0.0,0.7353245779267575,0.5
411,neutral,0,understand,0.08739893638820175,connect,0.05,connect,0.75,0.26249999999999996,0.41022351431495935,0.2,0.47000000000000003,0.1,0.8353245779267575,0.5
411,neutral,1,understand,0.0699191491105614,understand,0.05,understand,0.8,0.27999999999999997,0.3885692899529011,0.2,0.92,0.1,0.8486501408423396,0.4472135954999579
411,neutral,1,understand,0.08739893638820175,create,0.05,create,0.75,0.26249999999999996,0.41022351431495935,0.2,0.02,0.0,0.7353245779267575,0.5
411,neutral,1,understand,0.08739893638820175,explore,0.05,explore,0.75,0.26249999999999996,0.41022351431495935,0.2,0.02,0.0,0.7353245779267575,0.5
411,neutral,1,understand,0.08739893638820175,finish,0.05,finish,0.75,0.26249999999999996,0.41022351431495935,0.2,0.02,0.0,0.7353245779267575,0.5
411,neutral,1,understand,0.08739893638820175,connect,0.05,connect,0.75,0.26249999999999996,0.41022351431495935,0.2,0.02,0.1,0.8353245779267575,0.5
411,neutral,2,understand,0.05593531928844912,understand,0.05,understand,0.8333333333333334,0.2916666666666667,0.3725848055846399,0.2,0.92,0.1,0.8583161529628575,0.4082482904638631
411,neutral,2,understand,0.08739893638820175,create,0.05,create,0.75,0.26249999999999996,0.41022351431495935,0.2,0.02,0.0,0.7353245779267575,0.5
411,neutral,2,understand,0.08739893638820175,explore,0.05,explore,0.75,0.26249999999999996,0.41022351431495935,0.2,0.02,0.0,0.7353245779267575,0.5
411,neutral,2,understand,0.08739893638820175,finish,0.05,finish,0.75,0.26249999999999996,0.41022351431495935,0.2,0.02,0.0,0.7353245779267575,0.5
411,neutral,2,understand,0.08739893638820175,connect,0.05,connect,0.75,0.26249999999999996,0.41022351431495935,0.2,0.02,0.1,0.8353245779267575,0.5
411,neutral,3,understand,0.044748255430759304,understand,0.05,understand,0.8571428571428571,0.3,0.36016167156152645,0.2,0.92,0.1,0.865413416130767,0.3779644730092272
411,neutral,3,understand,0.08739893638820175,create,0.05,create,0.75,0.26249999999999996,0.41022351431495935,0.2,0.02,0.0,0.7353245779267575,0.5
411,neutral,3,understand,0.08739893638820175,explore,0.05,explore,0.75,0.26249999999999996,0.41022351431495935,0.2,0.02,0.0,0.7353245779267575,0.5
411,neutral,3,understand,0.08739893638820175,finish,0.05,finish,0.75,0.26249999999999996,0.41022351431495935,0.2,0.02,0.0,0.7353245779267575,0.5
411,neutral,3,understand,0.08739893638820175,connect,0.05,connect,0.75,0.26249999999999996,0.41022351431495935,0.2,0.02,0.1,0.8353245779267575,0.5
411,neutral,4,understand,0.03579860434460744,understand,0.05,understand,0.875,0.30624999999999997,0.3501476715446219,0.2,0.92,0.1,0.8705990672000143,0.35355339059327373
411,neutral,4,understand,0.08739893638820175,create,0.05,create,0.75,0.26249999999999996,0.41022351431495935,0.2,0.02,0.0,0.7353245779267575,0.5
411,neutral,4,understand,0.08739893638820175,explore,0.05,explore,0.75,0.26249999999999996,0.41022351431495935,0.2,0.02,0.0,0.7353245779267575,0.5
411,neutral,4,understand,0.08739893638820175,finish,0.05,finish,0.75,0.26249999999999996,0.41022351431495935,0.2,0.02,0.0,0.7353245779267575,0.5
411,neutral,4,understand,0.08739893638820175,connect,0.05,connect,0.75,0.26249999999999996,0.41022351431495935,0.2,0.02,0.1,0.8353245779267575,0.5
411,neutral,5,explore,0.028638883475685953,understand,0.05,understand,0.8888888888888888,0.31111111111111106,0.3418529285957994,0.2,0.92,0.1,0.8743251562312244,0.3333333333333333
411,neutral,5,explore,0.08739893638820175,create,0.05,create,0.75,0.26249999999999996,0.41022351431495935,0.2,0.02,0.0,0.7353245779267575,0.5
411,neutral,5,explore,0.08739893638820175,explore,0.05,explore,0.75,0.26249999999999996,0.41022351431495935,0.2,0.02,0.0,0.7353245779267575,0.5
411,neutral,5,explore,0.08739893638820175,finish,0.05,finish,0.75,0.26249999999999996,0.41022351431495935,0.2,0.02,0.0,0.7353245779267575,0.5
411,neutral,5,explore,0.08739893638820175,connect,0.05,connect,0.75,0.26249999999999996,0.41022351431495935,0.2,0.02,0.1,0.8353245779267575,0.5
411,neutral,6,understand,0.028638883475685953,understand,0.05,understand,0.8888888888888888,0.31111111111111106,0.3418529285957994,0.2,0.92,0.1,0.8743251562312244,0.3333333333333333
411,neutral,6,understand,0.08739893638820175,create,0.05,create,0.75,0.26249999999999996,0.41022351431495935,0.2,0.02,0.0,0.7353245779267575,0.5
411,neutral,6,understand,0.17916781959581357,explore,0.05,explore,0.6,0.21,0.3885692899529011,0.2,0.02,0.0,0.5694014703570875,0.4472135954999579
411,neutral,6,understand,0.08739893638820175,finish,0.05,finish,0.75,0.26249999999999996,0.41022351431495935,0.2,0.02,0.0,0.7353245779267575,0.5
411,neutral,6,understand,0.08739893638820175,connect,0.05,connect,0.75,0.26249999999999996,0.41022351431495935,0.2,0.02,0.1,0.8353245779267575,0.5
411,neutral,7,understand,0.022911106780548765,understand,0.05,understand,0.9,0.315,0.3348358226568756,0.2,0.92,0.1,0.8769247158763268,0.31622776601683794
411,neutral,7,understand,0.08739893638820175,create,0.05,create,0.75,0.26249999999999996,0.41022351431495935,0.2,0.02,0.0,0.7353245779267575,0.5
411,neutral,7,understand,0.17916781959581357,explore,0.05,explore,0.6,0.21,0.3885692899529011,0.2,0.02,0.0,0.5694014703570875,0.4472135954999579
411,neutral,7,understand,0.08739893638820175,finish,0.05,finish,0.75,0.26249999999999996,0.41022351431495935,0.2,0.02,0.0,0.7353245779267575,0.5
411,neutral,7,understand,0.08739893638820175,connect,0.05,connect,0.75,0.26249999999999996,0.41022351431495935,0.2,0.02,0.1,0.8353245779267575,0.5
411,neutral,8,finish,0.01832888542443901,understand,0.05,understand,0.9090909090909091,0.3181818181818182,0.3287988005359985,0.2,0.92,0.1,0.8786517332933776,0.30151134457776363
411,neutral,8,finish,0.08739893638820175,create,0.05,create,0.75,0.26249999999999996,0.41022351431495935,0.2,0.02,0.0,0.7353245779267575,0.5
411,neutral,8,finish,0.17916781959581357,explore,0.05,explore,0.6,0.21,0.3885692899529011,0.2,0.02,0.0,0.5694014703570875,0.4472135954999579
411,neutral,8,finish,0.08739893638820175,finish,0.05,finish,0.75,0.26249999999999996,0.41022351431495935,0.2,0.02,0.0,0.7353245779267575,0.5
411,neutral,8,finish,0.08739893638820175,connect,0.05,connect,0.75,0.26249999999999996,0.41022351431495935,0.2,0.02,0.1,0.8353245779267575,0.5
411,neutral,9,understand,0.01832888542443901,understand,0.05,understand,0.9090909090909091,0.3181818181818182,0.3287988005359985,0.2,0.92,0.1,0.8786517332933776,0.30151134457776363
411,neutral,9,understand,0.08739893638820175,create,0.05,create,0.75,0.26249999999999996,0.41022351431495935,0.2,0.02,0.0,0.7353245779267575,0.5
411,neutral,9,understand,0.17916781959581357,explore,0.05,explore,0.6,0.21,0.3885692899529011,0.2,0.02,0.0,0.5694014703570875,0.4472135954999579
411,neutral,9,understand,0.0699191491105614,finish,0.05,finish,0.8,0.27999999999999997,0.3885692899529011,0.2,0.02,0.0,0.7486501408423396,0.4472135954999579
411,neutral,9,understand,0.08739893638820175,connect,0.05,connect,0.75,0.26249999999999996,0.41022351431495935,0.2,0.02,0.1,0.8353245779267575,0.5
411,no-aversion,0,understand,0.0,understand,0.05,understand,0.75,0.26249999999999996,0.41022351431495935,0.156771730042094,0.02,0.1,0.8794952443570533,0.5
411,no-aversion,0,understand,0.0,create,0.05,create,0.75,0.26249999999999996,0.41022351431495935,0.3202466066465476,0.02,0.0,0.9429701209615069,0.5
411,no-aversion,0,understand,0.0,explore,0.05,explore,0.75,0.26249999999999996,0.41022351431495935,0.20802830506150277,0.02,0.0,0.830751819376462,0.5
411,no-aversion,0,understand,0.0,finish,0.05,finish,0.75,0.26249999999999996,0.41022351431495935,0.08065271337334025,0.02,0.0,0.7033762276882995,0.5
411,no-aversion,0,understand,0.0,connect,0.05,connect,0.75,0.26249999999999996,0.41022351431495935,0.23430064487651533,0.92,0.1,0.9570241591914747,0.5
411,no-aversion,1,connect,0.0,understand,0.05,understand,0.8,0.27999999999999997,0.3885692899529011,0.17382989607933297,0.02,0.1,0.8923991860322339,0.4472135954999579
411,no-aversion,1,connect,0.0,create,0.05,create,0.75,0.26249999999999996,0.41022351431495935,0.3116915656540149,0.02,0.0,0.9344150799689741,0.5
411,no-aversion,1,connect,0.0,explore,0.05,explore,0.75,0.26249999999999996,0.41022351431495935,0.20387270296159707,0.02,0.0,0.8265962172765564,0.5
411,no-aversion,1,connect,0.0,finish,0.05,finish,0.75,0.26249999999999996,0.41022351431495935,0.08149078097016925,0.02,0.0,0.7042142952851285,0.5
411,no-aversion,1,connect,0.0,connect,0.05,connect,0.75,0.26249999999999996,0.41022351431495935,0.22911505433488574,0.92,0.1,0.9518385686498451,0.5
411,no-aversion,2,create,0.0,understand,0.05,understand,0.8,0.27999999999999997,0.3885692899529011,0.17665699518920056,0.02,0.1,0.8952262851421016,0.4472135954999579
411,no-aversion,2,create,0.0,create,0.05,create,0.75,0.26249999999999996,0.41022351431495935,0.3135884561023903,0.92,0.0,0.9363119704173495,0.5
411,no-aversion,2,create,0.0,explore,0.05,explore,0.75,0.26249999999999996,0.41022351431495935,0.20649709105495345,0.02,0.0,0.8292206053699127,0.5
411,no-aversion,2,create,0.0,finish,0.05,finish,0.75,0.26249999999999996,0.41022351431495935,0.08494092958273085,0.02,0.0,0.7076644438976901,0.5
411,no-aversion,2,create,0.0,connect,0.05,connect,0.6,0.21,0.3885692899529011,0.2183165280707249,0.02,0.1,0.866885818023626,0.4472135954999579
411,no-aversion,3,create,0.0,understand,0.05,understand,0.8,0.27999999999999997,0.3885692899529011,0.17383063094178192,0.02,0.1,0.8923999208946829,0.4472135954999579
411,no-aversion,3,create,0.0,create,0.05,create,0.8,0.27999999999999997,0.3885692899529011,0.3241127112968118,0.92,0.0,0.9426820012497128,0.4472135954999579
411,no-aversion,3,create,0.0,explore,0.05,explore,0.75,0.26249999999999996,0.41022351431495935,0.202517648417747,0.02,0.0,0.8252411627327063,0.5
411,no-aversion,3,create,0.0,finish,0.05,finish,0.75,0.26249999999999996,0.41022351431495935,0.08565864956758032,0.02,0.0,0.7083821638825396,0.5
411,no-aversion,3,create,0.0,connect,0.05,connect,0.6,0.21,0.3885692899529011,0.21388035977607892,0.02,0.1,0.8624496497289799,0.4472135954999579
411,no-aversion,4,create,0.0,understand,0.05,understand,0.8,0.27999999999999997,0.3885692899529011,0.17100686493916764,0.02,0.1,0.8895761548920686,0.4472135954999579
411,no-aversion,4,create,0.0,create,0.05,create,0.8333333333333334,0.2916666666666667,0.3725848055846399,0.3346448401699828,0.92,0.0,0.9488963124212894,0.4082482904638631
411,no-aversion,4,create,0.0,explore,0.05,explore,0.75,0.26249999999999996,0.41022351431495935,0.19856776618631655,0.02,0.0,0.8212912805012758,0.5
411,no-aversion,4,create,0.0,finish,0.05,finish,0.75,0.26249999999999996,0.41022351431495935,0.08629609730862392,0.02,0.0,0.7090196116235832,0.5
411,no-aversion,4,create,0.0,connect,0.05,connect,0.6,0.21,0.3885692899529011,0.20948443139590917,0.02,0.1,0.8580537213488102,0.4472135954999579
411,no-aversion,5,explore,0.0,understand,0.05,understand,0.8,0.27999999999999997,0.3885692899529011,0.16818911608544695,0.02,0.1,0.8867584060383479,0.4472135954999579
411,no-aversion,5,explore,0.0,create,0.05,create,0.8571428571428571,0.3,0.36016167156152645,0.3451714031817186,0.92,0.0,0.9553330747432451,0.3779644730092272
411,no-aversion,5,explore,0.0,explore,0.05,explore,0.75,0.26249999999999996,0.41022351431495935,0.19465121172059835,0.02,0.0,0.8173747260355576,0.5
411,no-aversion,5,explore,0.0,finish,0.05,finish,0.75,0.26249999999999996,0.41022351431495935,0.0868556207013501,0.02,0.0,0.7095791350163094,0.5
411,no-aversion,5,explore,0.0,connect,0.05,connect,0.6,0.21,0.3885692899529011,0.20513264831088593,0.02,0.1,0.8537019382637869,0.4472135954999579
411,no-aversion,6,create,0.0,understand,0.05,understand,0.8,0.27999999999999997,0.3885692899529011,0.17253496945022748,0.02,0.1,0.8911042594031284,0.4472135954999579
411,no-aversion,6,create,0.0,create,0.05,create,0.8571428571428571,0.3,0.36016167156152645,0.3498811916269814,0.92,0.0,0.9600428631885076,0.3779644730092272
411,no-aversion,6,create,0.0,explore,0.05,explore,0.6,0.21,0.3885692899529011,0.17699514386834306,0.02,0.0,0.7255644338212441,0.4472135954999579
411,no-aversion,6,create,0.0,finish,0.05,finish,0.75,0.26249999999999996,0.41022351431495935,0.09103422505678534,0.02,0.0,0.7137577393717446,0.5
411,no-aversion,6,create,0.0,connect,0.05,connect,0.6,0.21,0.3885692899529011,0.20955446999766272,0.02,0.1,0.8581237599505637,0.4472135954999579
411,no-aversion,7,create,0.0,understand,0.05,understand,0.8,0.27999999999999997,0.3885692899529011,0.16950352765888002,0.02,0.1,0.888072817611781,0.4472135954999579
411,no-aversion,7,create,0.0,create,0.05,create,0.875,0.30624999999999997,0.3501476715446219,0.3603759513449744,0.92,0.0,0.9667736228895962,0.35355339059327373
411,no-aversion,7,create,0.0,explore,0.05,explore,0.6,0.21,0.3885692899529011,0.17378193337874176,0.02,0.0,0.7223512233316428,0.4472135954999579
411,no-aversion,7,create,0.0,finish,0.05,finish,0.75,0.26249999999999996,0.41022351431495935,0.09132424176153303,0.02,0.0,0.7140477560764923,0.5
411,no-aversion,7,create,0.0,connect,0.05,connect,0.6,0.21,0.3885692899529011,0.20501434585587072,0.02,0.1,0.8535836358087717,0.4472135954999579
411,no-aversion,8,finish,0.0,understand,0.05,understand,0.8,0.27999999999999997,0.3885692899529011,0.1664924105354093,0.02,0.1,0.8850617004883102,0.4472135954999579
411,no-aversion,8,finish,0.0,create,0.05,create,0.8888888888888888,0.31111111111111106,0.3418529285957994,0.370832504680748,0.92,0.0,0.9737965443876584,0.3333333333333333
411,no-aversion,8,finish,0.0,explore,0.05,explore,0.6,0.21,0.3885692899529011,0.17059385000555355,0.02,0.0,0.7191631399584546,0.4472135954999579
411,no-aversion,8,finish,0.0,finish,0.05,finish,0.75,0.26249999999999996,0.41022351431495935,0.09154682801654705,0.02,0.0,0.7142703423315063,0.5
411,no-aversion,8,finish,0.0,connect,0.05,connect,0.6,0.21,0.3885692899529011,0.20053440676174214,0.02,0.1,0.8491036967146431,0.4472135954999579
411,no-aversion,9,create,0.0,understand,0.05,understand,0.8,0.27999999999999997,0.3885692899529011,0.16670892723512837,0.02,0.1,0.8852782171880293,0.4472135954999579
411,no-aversion,9,create,0.0,create,0.05,create,0.8888888888888888,0.31111111111111106,0.3418529285957994,0.36640546236603205,0.92,0.0,0.9693695020729425,0.3333333333333333
411,no-aversion,9,create,0.0,explore,0.05,explore,0.6,0.21,0.3885692899529011,0.1707171628908014,0.02,0.0,0.7192864528437024,0.4472135954999579
411,no-aversion,9,create,0.0,finish,0.05,finish,0.8,0.27999999999999997,0.3885692899529011,0.09619111681165479,0.02,0.0,0.7147604067645558,0.4472135954999579
411,no-aversion,9,create,0.0,connect,0.05,connect,0.6,0.21,0.3885692899529011,0.19997733069638343,0.02,0.1,0.8485466206492844,0.4472135954999579
411,no-dream,0,understand,0.08739893638820175,understand,0.05,understand,0.75,0.26249999999999996,0.41022351431495935,0.156771730042094,0.02,0.1,0.7920963079688516,0.5
411,no-dream,0,understand,0.08739893638820175,create,0.05,create,0.75,0.26249999999999996,0.41022351431495935,0.3202466066465476,0.02,0.0,0.8555711845733052,0.5
411,no-dream,0,understand,0.08739893638820175,explore,0.05,explore,0.75,0.26249999999999996,0.41022351431495935,0.20802830506150277,0.02,0.0,0.7433528829882603,0.5
411,no-dream,0,understand,0.08739893638820175,finish,0.05,finish,0.75,0.26249999999999996,0.41022351431495935,0.08065271337334025,0.02,0.0,0.6159772913000978,0.5
411,no-dream,0,understand,0.08739893638820175,connect,0.05,connect,0.75,0.26249999999999996,0.41022351431495935,0.23430064487651533,0.92,0.1,0.8696252228032729,0.5
411,no-dream,1,connect,0.0699191491105614,understand,0.05,understand,0.8,0.27999999999999997,0.3885692899529011,0.17382989607933297,0.02,0.1,0.8224800369216725,0.4472135954999579
411,no-dream,1,connect,0.08739893638820175,create,0.05,create,0.75,0.26249999999999996,0.41022351431495935,0.3116915656540149,0.02,0.0,0.8470161435807724,0.5
411,no-dream,1,connect,0.08739893638820175,explore,0.05,explore,0.75,0.26249999999999996,0.41022351431495935,0.20387270296159707,0.02,0.0,0.7391972808883547,0.5
411,no-dream,1,connect,0.08739893638820175,finish,0.05,finish,0.75,0.26249999999999996,0.41022351431495935,0.08149078097016925,0.02,0.0,0.6168153588969267,0.5
411,no-dream,1,connect,0.08739893638820175,connect,0.05,connect,0.75,0.26249999999999996,0.41022351431495935,0.22911505433488574,0.92,0.1,0.8644396322616433,0.5
411,no-dream,2,create,0.0699191491105614,understand,0.05,understand,0.8,0.27999999999999997,0.3885692899529011,0.17665699518920056,0.02,0.1,0.8253071360315402,0.4472135954999579
411,no-dream,2,create,0.08739893638820175,create,0.05,create,0.75,0.26249999999999996,0.41022351431495935,0.3135884561023903,0.92,0.0,0.8489130340291478,0.5
411,no-dream,2,create,0.08739893638820175,explore,0.05,explore,0.75,0.26249999999999996,0.41022351431495935,0.20649709105495345,0.02,0.0,0.741821668981711,0.5
411,no-dream,2,create,0.08739893638820175,finish,0.05,finish,0.75,0.26249999999999996,0.41022351431495935,0.08494092958273085,0.02,0.0,0.6202655075094884,0.5
411,no-dream,2,create,0.13546835140171268,connect,0.05,connect,0.6,0.21,0.3885692899529011,0.2183165280707249,0.02,0.1,0.7314174666219133,0.4472135954999579
411,no-dream,3,create,0.0699191491105614,understand,0.05,understand,0.8,0.27999999999999997,0.3885692899529011,0.17383063094178192,0.02,0.1,0.8224807717841215,0.4472135954999579
411,no-dream,3,create,0.09176888320761183,create,0.05,create,0.8,0.27999999999999997,0.3885692899529011,0.3241127112968118,0.92,0.0,0.850913118042101,0.4472135954999579
411,no-dream,3,create,0.08739893638820175,explore,0.05,explore,0.75,0.26249999999999996,0.41022351431495935,0.202517648417747,0.02,0.0,0.7378422263445046,0.5
411,no-dream,3,create,0.08739893638820175,finish,0.05,finish,0.75,0.26249999999999996,0.41022351431495935,0.08565864956758032,0.02,0.0,0.6209832274943379,0.5
411,no-dream,3,create,0.13546835140171268,connect,0.05,connect,0.6,0.21,0.3885692899529011,0.21388035977607892,0.02,0.1,0.7269812983272672,0.4472135954999579
411,no-dream,4,create,0.0699191491105614,understand,0.05,understand,0.8,0.27999999999999997,0.3885692899529011,0.17100686493916764,0.02,0.1,0.8196570057815072,0.4472135954999579
411,no-dream,4,create,0.09526484066313991,create,0.05,create,0.8333333333333334,0.2916666666666667,0.3725848055846399,0.3346448401699828,0.92,0.0,0.8536314717581495,0.4082482904638631
411,no-dream,4,create,0.08739893638820175,explore,0.05,explore,0.75,0.26249999999999996,0.41022351431495935,0.19856776618631655,0.02,0.0,0.733892344113074,0.5
411,no-dream,4,create,0.08739893638820175,finish,0.05,finish,0.75,0.26249999999999996,0.41022351431495935,0.08629609730862392,0.02,0.0,0.6216206752353814,0.5
411,no-dream,4,create,0.13546835140171268,connect,0.05,connect,0.6,0.21,0.3885692899529011,0.20948443139590917,0.02,0.1,0.7225853699470975,0.4472135954999579
411,no-dream,5,explore,0.0699191491105614,understand,0.05,understand,0.8,0.27999999999999997,0.3885692899529011,0.16818911608544695,0.02,0.1,0.8168392569277865,0.4472135954999579
411,no-dream,5,explore,0.09806160662756237,create,0.05,create,0.8571428571428571,0.3,0.36016167156152645,0.3451714031817186,0.92,0.0,0.8572714681156828,0.3779644730092272
411,no-dream,5,explore,0.08739893638820175,explore,0.05,explore,0.75,0.26249999999999996,0.41022351431495935,0.19465121172059835,0.02,0.0,0.7299757896473559,0.5
411,no-dream,5,explore,0.08739893638820175,finish,0.05,finish,0.75,0.26249999999999996,0.41022351431495935,0.0868556207013501,0.02,0.0,0.6221801986281077,0.5
411,no-dream,5,explore,0.13546835140171268,connect,0.05,connect,0.6,0.21,0.3885692899529011,0.20513264831088593,0.02,0.1,0.7182335868620743,0.4472135954999579
411,no-dream,6,create,0.0699191491105614,understand,0.05,understand,0.8,0.27999999999999997,0.3885692899529011,0.17253496945022748,0.02,0.1,0.821185110292567,0.4472135954999579
411,no-dream,6,create,0.09806160662756237,create,0.05,create,0.8571428571428571,0.3,0.36016167156152645,0.3498811916269814,0.92,0.0,0.8619812565609453,0.3779644730092272
411,no-dream,6,create,0.17916781959581357,explore,0.05,explore,0.6,0.21,0.3885692899529011,0.17699514386834306,0.02,0.0,0.5463966142254306,0.4472135954999579
411,no-dream,6,create,0.08739893638820175,finish,0.05,finish,0.75,0.26249999999999996,0.41022351431495935,0.09103422505678534,0.02,0.0,0.6263588029835429,0.5
411,no-dream,6,create,0.13546835140171268,connect,0.05,connect,0.6,0.21,0.3885692899529011,0.20955446999766272,0.02,0.1,0.722655408548851,0.4472135954999579
411,no-dream,7,create,0.0699191491105614,understand,0.05,understand,0.8,0.27999999999999997,0.3885692899529011,0.16950352765888002,0.02,0.1,0.8181536685012196,0.4472135954999579
411,no-dream,7,create,0.10029901939910033,create,0.05,create,0.875,0.30624999999999997,0.3501476715446219,0.3603759513449744,0.92,0.0,0.8664746034904959,0.35355339059327373
411,no-dream,7,create,0.17916781959581357,explore,0.05,explore,0.6,0.21,0.3885692899529011,0.17378193337874176,0.02,0.0,0.5431834037358292,0.4472135954999579
411,no-dream,7,create,0.08739893638820175,finish,0.05,finish,0.75,0.26249999999999996,0.41022351431495935,0.09132424176153303,0.02,0.0,0.6266488196882906,0.5
411,no-dream,7,create,0.13546835140171268,connect,0.05,connect,0.6,0.21,0.3885692899529011,0.20501434585587072,0.02,0.1,0.7181152844070591,0.4472135954999579
411,no-dream,8,finish,0.0699191491105614,understand,0.05,understand,0.8,0.27999999999999997,0.3885692899529011,0.1664924105354093,0.02,0.1,0.8151425513777488,0.4472135954999579
411,no-dream,8,finish,0.1020889496163307,create,0.05,create,0.8888888888888888,0.31111111111111106,0.3418529285957994,0.370832504680748,0.92,0.0,0.8717075947713278,0.3333333333333333
411,no-dream,8,finish,0.17916781959581357,explore,0.05,explore,0.6,0.21,0.3885692899529011,0.17059385000555355,0.02,0.0,0.5399953203626411,0.4472135954999579
411,no-dream,8,finish,0.08739893638820175,finish,0.05,finish,0.75,0.26249999999999996,0.41022351431495935,0.09154682801654705,0.02,0.0,0.6268714059433046,0.5
411,no-dream,8,finish,0.13546835140171268,connect,0.05,connect,0.6,0.21,0.3885692899529011,0.20053440676174214,0.02,0.1,0.7136353453129305,0.4472135954999579
411,no-dream,9,create,0.0699191491105614,understand,0.05,understand,0.8,0.27999999999999997,0.3885692899529011,0.16670892723512837,0.02,0.1,0.8153590680774679,0.4472135954999579
411,no-dream,9,create,0.1020889496163307,create,0.05,create,0.8888888888888888,0.31111111111111106,0.3418529285957994,0.36640546236603205,0.92,0.0,0.8672805524566118,0.3333333333333333
411,no-dream,9,create,0.17916781959581357,explore,0.05,explore,0.6,0.21,0.3885692899529011,0.1707171628908014,0.02,0.0,0.5401186332478889,0.4472135954999579
411,no-dream,9,create,0.0699191491105614,finish,0.05,finish,0.8,0.27999999999999997,0.3885692899529011,0.09619111681165479,0.02,0.0,0.6448412576539944,0.4472135954999579
411,no-dream,9,create,0.13546835140171268,connect,0.05,connect,0.6,0.21,0.3885692899529011,0.19997733069638343,0.02,0.1,0.7130782692475718,0.4472135954999579
411,restarted,0,understand,0.08739893638820175,understand,0.05,understand,0.75,0.26249999999999996,0.41022351431495935,0.156771730042094,0.02,0.1,0.7920963079688516,0.5
411,restarted,0,understand,0.08739893638820175,create,0.05,create,0.75,0.26249999999999996,0.41022351431495935,0.3202466066465476,0.02,0.0,0.8555711845733052,0.5
411,restarted,0,understand,0.08739893638820175,explore,0.05,explore,0.75,0.26249999999999996,0.41022351431495935,0.20802830506150277,0.02,0.0,0.7433528829882603,0.5
411,restarted,0,understand,0.08739893638820175,finish,0.05,finish,0.75,0.26249999999999996,0.41022351431495935,0.08065271337334025,0.02,0.0,0.6159772913000978,0.5
411,restarted,0,understand,0.08739893638820175,connect,0.05,connect,0.75,0.26249999999999996,0.41022351431495935,0.23430064487651533,0.92,0.1,0.8696252228032729,0.5
411,restarted,1,connect,0.0699191491105614,understand,0.05,understand,0.8,0.27999999999999997,0.3885692899529011,0.17382989607933297,0.02,0.1,0.8224800369216725,0.4472135954999579
411,restarted,1,connect,0.08739893638820175,create,0.05,create,0.75,0.26249999999999996,0.41022351431495935,0.3116915656540149,0.02,0.0,0.8470161435807724,0.5
411,restarted,1,connect,0.08739893638820175,explore,0.05,explore,0.75,0.26249999999999996,0.41022351431495935,0.20387270296159707,0.02,0.0,0.7391972808883547,0.5
411,restarted,1,connect,0.08739893638820175,finish,0.05,finish,0.75,0.26249999999999996,0.41022351431495935,0.08149078097016925,0.02,0.0,0.6168153588969267,0.5
411,restarted,1,connect,0.08739893638820175,connect,0.05,connect,0.75,0.26249999999999996,0.41022351431495935,0.22911505433488574,0.92,0.1,0.8644396322616433,0.5
411,restarted,2,create,0.0699191491105614,understand,0.05,understand,0.8,0.27999999999999997,0.3885692899529011,0.17665699518920056,0.02,0.1,0.8253071360315402,0.4472135954999579
411,restarted,2,create,0.08739893638820175,create,0.05,create,0.75,0.26249999999999996,0.41022351431495935,0.3135884561023903,0.92,0.0,0.8489130340291478,0.5
411,restarted,2,create,0.08739893638820175,explore,0.05,explore,0.75,0.26249999999999996,0.41022351431495935,0.20649709105495345,0.02,0.0,0.741821668981711,0.5
411,restarted,2,create,0.08739893638820175,finish,0.05,finish,0.75,0.26249999999999996,0.41022351431495935,0.08494092958273085,0.02,0.0,0.6202655075094884,0.5
411,restarted,2,create,0.13546835140171268,connect,0.05,connect,0.6,0.21,0.3885692899529011,0.2183165280707249,0.02,0.1,0.7314174666219133,0.4472135954999579
411,restarted,3,create,0.0699191491105614,understand,0.05,understand,0.8,0.27999999999999997,0.3885692899529011,0.17383063094178192,0.02,0.1,0.8224807717841215,0.4472135954999579
411,restarted,3,create,0.09176888320761183,create,0.05,create,0.8,0.27999999999999997,0.3885692899529011,0.3241127112968118,0.92,0.0,0.850913118042101,0.4472135954999579
411,restarted,3,create,0.08739893638820175,explore,0.05,explore,0.75,0.26249999999999996,0.41022351431495935,0.202517648417747,0.02,0.0,0.7378422263445046,0.5
411,restarted,3,create,0.08739893638820175,finish,0.05,finish,0.75,0.26249999999999996,0.41022351431495935,0.08565864956758032,0.02,0.0,0.6209832274943379,0.5
411,restarted,3,create,0.13546835140171268,connect,0.05,connect,0.6,0.21,0.3885692899529011,0.21388035977607892,0.02,0.1,0.7269812983272672,0.4472135954999579
411,restarted,4,create,0.0699191491105614,understand,0.05,understand,0.8,0.27999999999999997,0.3885692899529011,0.17100686493916764,0.02,0.1,0.8196570057815072,0.4472135954999579
411,restarted,4,create,0.09526484066313991,create,0.05,create,0.8333333333333334,0.2916666666666667,0.3725848055846399,0.3346448401699828,0.92,0.0,0.8536314717581495,0.4082482904638631
411,restarted,4,create,0.08739893638820175,explore,0.05,explore,0.75,0.26249999999999996,0.41022351431495935,0.19856776618631655,0.02,0.0,0.733892344113074,0.5
411,restarted,4,create,0.08739893638820175,finish,0.05,finish,0.75,0.26249999999999996,0.41022351431495935,0.08629609730862392,0.02,0.0,0.6216206752353814,0.5
411,restarted,4,create,0.13546835140171268,connect,0.05,connect,0.6,0.21,0.3885692899529011,0.20948443139590917,0.02,0.1,0.7225853699470975,0.4472135954999579
411,restarted,5,explore,0.0699191491105614,understand,0.05,understand,0.8,0.27999999999999997,0.3885692899529011,0.16818911608544695,0.02,0.1,0.8168392569277865,0.4472135954999579
411,restarted,5,explore,0.09806160662756237,create,0.05,create,0.8571428571428571,0.3,0.36016167156152645,0.3451714031817186,0.92,0.0,0.8572714681156828,0.3779644730092272
411,restarted,5,explore,0.08739893638820175,explore,0.05,explore,0.75,0.26249999999999996,0.41022351431495935,0.19465121172059835,0.02,0.0,0.7299757896473559,0.5
411,restarted,5,explore,0.08739893638820175,finish,0.05,finish,0.75,0.26249999999999996,0.41022351431495935,0.0868556207013501,0.02,0.0,0.6221801986281077,0.5
411,restarted,5,explore,0.13546835140171268,connect,0.05,connect,0.6,0.21,0.3885692899529011,0.20513264831088593,0.02,0.1,0.7182335868620743,0.4472135954999579
411,restarted,6,create,0.0699191491105614,understand,0.05,understand,0.8,0.27999999999999997,0.3885692899529011,0.17253496945022748,0.02,0.1,0.821185110292567,0.4472135954999579
411,restarted,6,create,0.09806160662756237,create,0.05,create,0.8571428571428571,0.3,0.36016167156152645,0.3498811916269814,0.92,0.0,0.8619812565609453,0.3779644730092272
411,restarted,6,create,0.17916781959581357,explore,0.05,explore,0.6,0.21,0.3885692899529011,0.17699514386834306,0.02,0.0,0.5463966142254306,0.4472135954999579
411,restarted,6,create,0.08739893638820175,finish,0.05,finish,0.75,0.26249999999999996,0.41022351431495935,0.09103422505678534,0.02,0.0,0.6263588029835429,0.5
411,restarted,6,create,0.13546835140171268,connect,0.05,connect,0.6,0.21,0.3885692899529011,0.20955446999766272,0.02,0.1,0.722655408548851,0.4472135954999579
411,restarted,7,create,0.0699191491105614,understand,0.05,understand,0.8,0.27999999999999997,0.3885692899529011,0.16950352765888002,0.02,0.1,0.8181536685012196,0.4472135954999579
411,restarted,7,create,0.10029901939910033,create,0.05,create,0.875,0.30624999999999997,0.3501476715446219,0.3603759513449744,0.92,0.0,0.8664746034904959,0.35355339059327373
411,restarted,7,create,0.17916781959581357,explore,0.05,explore,0.6,0.21,0.3885692899529011,0.17378193337874176,0.02,0.0,0.5431834037358292,0.4472135954999579
411,restarted,7,create,0.08739893638820175,finish,0.05,finish,0.75,0.26249999999999996,0.41022351431495935,0.09132424176153303,0.02,0.0,0.6266488196882906,0.5
411,restarted,7,create,0.13546835140171268,connect,0.05,connect,0.6,0.21,0.3885692899529011,0.20501434585587072,0.02,0.1,0.7181152844070591,0.4472135954999579
411,restarted,8,finish,0.0699191491105614,understand,0.05,understand,0.8,0.27999999999999997,0.3885692899529011,0.1664924105354093,0.02,0.1,0.8151425513777488,0.4472135954999579
411,restarted,8,finish,0.1020889496163307,create,0.05,create,0.8888888888888888,0.31111111111111106,0.3418529285957994,0.370832504680748,0.92,0.0,0.8717075947713278,0.3333333333333333
411,restarted,8,finish,0.17916781959581357,explore,0.05,explore,0.6,0.21,0.3885692899529011,0.17059385000555355,0.02,0.0,0.5399953203626411,0.4472135954999579
411,restarted,8,finish,0.08739893638820175,finish,0.05,finish,0.75,0.26249999999999996,0.41022351431495935,0.09154682801654705,0.02,0.0,0.6268714059433046,0.5
411,restarted,8,finish,0.13546835140171268,connect,0.05,connect,0.6,0.21,0.3885692899529011,0.20053440676174214,0.02,0.1,0.7136353453129305,0.4472135954999579
411,restarted,9,create,0.0699191491105614,understand,0.05,understand,0.8,0.27999999999999997,0.3885692899529011,0.16670892723512837,0.02,0.1,0.8153590680774679,0.4472135954999579
411,restarted,9,create,0.1020889496163307,create,0.05,create,0.8888888888888888,0.31111111111111106,0.3418529285957994,0.36640546236603205,0.92,0.0,0.8672805524566118,0.3333333333333333
411,restarted,9,create,0.17916781959581357,explore,0.05,explore,0.6,0.21,0.3885692899529011,0.1707171628908014,0.02,0.0,0.5401186332478889,0.4472135954999579
411,restarted,9,create,0.0699191491105614,finish,0.05,finish,0.8,0.27999999999999997,0.3885692899529011,0.09619111681165479,0.02,0.0,0.6448412576539944,0.4472135954999579
411,restarted,9,create,0.13546835140171268,connect,0.05,connect,0.6,0.21,0.3885692899529011,0.19997733069638343,0.02,0.1,0.7130782692475718,0.4472135954999579
412,updated,0,explore,0.03985157788592823,understand,0.05,understand,0.75,0.26249999999999996,0.03721588265603065,0.21602043995507286,0.92,0.1,0.5258847447251752,0.5
412,updated,0,explore,0.03985157788592823,create,0.05,create,0.75,0.26249999999999996,0.03721588265603065,0.3064496785584131,0.02,0.0,0.5163139833285154,0.5
412,updated,0,explore,0.03985157788592823,explore,0.05,explore,0.75,0.26249999999999996,0.03721588265603065,0.18109076267132168,0.02,0.0,0.39095506744142405,0.5
412,updated,0,explore,0.03985157788592823,finish,0.05,finish,0.75,0.26249999999999996,0.03721588265603065,0.22404186029396075,0.02,0.0,0.4339061650640631,0.5
412,updated,0,explore,0.03985157788592823,connect,0.05,connect,0.75,0.26249999999999996,0.03721588265603065,0.07239725852123158,0.02,0.1,0.382261563291334,0.5
412,updated,1,understand,0.03985157788592823,understand,0.05,understand,0.75,0.26249999999999996,0.03721588265603065,0.22012578238667263,0.92,0.1,0.529990087156775,0.5
412,updated,1,understand,0.03985157788592823,create,0.05,create,0.75,0.26249999999999996,0.03721588265603065,0.31059911883503244,0.02,0.0,0.5204634236051348,0.5
412,updated,1,understand,0.08169573466615287,explore,0.05,explore,0.6,0.21,0.03525139002032331,0.1646914213389105,0.02,0.0,0.2782470766930809,0.4472135954999579
412,updated,1,understand,0.03985157788592823,finish,0.05,finish,0.75,0.26249999999999996,0.03721588265603065,0.22815111437356733,0.02,0.0,0.4380154191436697,0.5
412,updated,1,understand,0.03985157788592823,connect,0.05,connect,0.75,0.26249999999999996,0.03721588265603065,0.07643256306581712,0.02,0.1,0.38629686783591954,0.5
412,updated,2,understand,0.03188126230874259,understand,0.05,understand,0.8,0.27999999999999997,0.03525139002032331,0.24058739732004283,0.92,0.1,0.5739575250316235,0.4472135954999579
412,updated,2,understand,0.03985157788592823,create,0.05,create,0.75,0.26249999999999996,0.03721588265603065,0.30007761624674956,0.02,0.0,0.509941921016852,0.5
412,updated,2,understand,0.08169573466615287,explore,0.05,explore,0.6,0.21,0.03525139002032331,0.16099157045005075,0.02,0.0,0.27454722580422114,0.4472135954999579
412,updated,2,understand,0.03985157788592823,finish,0.05,finish,0.75,0.26249999999999996,0.03721588265603065,0.22148431979178665,0.02,0.0,0.43134862456188905,0.5
412,updated,2,understand,0.03985157788592823,connect,0.05,connect,0.75,0.26249999999999996,0.03721588265603065,0.07685909619137031,0.02,0.1,0.38672340096147273,0.5
412,updated,3,understand,0.02550500984699407,understand,0.05,understand,0.8333333333333334,0.2916666666666667,0.03380126180044357,0.26192468554614173,0.92,0.1,0.6118876041662578,0.4082482904638631
412,updated,3,understand,0.03985157788592823,create,0.05,create,0.75,0.26249999999999996,0.03721588265603065,0.28932399692509686,0.02,0.0,0.4991883016951993,0.5
412,updated,3,understand,0.08169573466615287,explore,0.05,explore,0.6,0.21,0.03525139002032331,0.15707625715836565,0.02,0.0,0.2706319125125361,0.4472135954999579
412,updated,3,understand,0.03985157788592823,finish,0.05,finish,0.75,0.26249999999999996,0.03721588265603065,0.214594819332558,0.02,0.0,0.4244591241026604,0.5
412,updated,3,understand,0.03985157788592823,connect,0.05,connect,0.75,0.26249999999999996,0.03721588265603065,0.07708024103783785,0.02,0.1,0.38694454580794024,0.5
412,updated,4,finish,0.02040400787759526,understand,0.05,understand,0.8571428571428571,0.3,0.03267422280367519,0.28406037651783683,0.92,0.1,0.6463305914439167,0.3779644730092272
412,updated,4,finish,0.03985157788592823,create,0.05,create,0.75,0.26249999999999996,0.03721588265603065,0.2783748849288563,0.02,0.0,0.4882391896989587,0.5
412,updated,4,finish,0.08169573466615287,explore,0.05,explore,0.6,0.21,0.03525139002032331,0.15296026752333167,0.02,0.0,0.2665159228775021,0.4472135954999579
412,updated,4,finish,0.03985157788592823,finish,0.05,finish,0.75,0.26249999999999996,0.03721588265603065,0.2075068970651011,0.02,0.0,0.4173712018352035,0.5
412,updated,4,finish,0.03985157788592823,connect,0.05,connect,0.75,0.26249999999999996,0.03721588265603065,0.07709757396487409,0.02,0.1,0.38696187873497645,0.5
412,updated,5,understand,0.02040400787759526,understand,0.05,understand,0.8571428571428571,0.3,0.03267422280367519,0.28063099228297833,0.92,0.1,0.6429012072090582,0.3779644730092272
412,updated,5,understand,0.03985157788592823,create,0.05,create,0.75,0.26249999999999996,0.03721588265603065,0.27509420042500704,0.02,0.0,0.48495850519510936,0.5
412,updated,5,understand,0.08169573466615287,explore,0.05,explore,0.6,0.21,0.03525139002032331,0.15295970745216586,0.02,0.0,0.2665153628063363,0.4472135954999579
412,updated,5,understand,0.03188126230874259,finish,0.05,finish,0.8,0.27999999999999997,0.03525139002032331,0.21223395459193264,0.02,0.0,0.44560408230351334,0.4472135954999579
412,updated,5,understand,0.03985157788592823,connect,0.05,connect,0.75,0.26249999999999996,0.03721588265603065,0.07908114524791607,0.02,0.1,0.3889454500180185,0.5
412,updated,6,understand,0.016323206302076208,understand,0.05,understand,0.875,0.30624999999999997,0.03176574282497637,0.3033709845587923,0.92,0.1,0.6750635210816924,0.35355339059327373
412,updated,6,understand,0.03985157788592823,create,0.05,create,0.75,0.26249999999999996,0.03721588265603065,0.26427962392079074,0.02,0.0,0.4741439286908931,0.5
412,updated,6,understand,0.08169573466615287,explore,0.05,explore,0.6,0.21,0.03525139002032331,0.1487224080666763,0.02,0.0,0.26227806342084675,0.4472135954999579
412,updated,6,understand,0.03188126230874259,finish,0.05,finish,0.8,0.27999999999999997,0.03525139002032331,0.20480457457506215,0.02,0.0,0.4381747022866428,0.4472135954999579
412,updated,6,understand,0.03985157788592823,connect,0.05,connect,0.75,0.26249999999999996,0.03721588265603065,0.07882240887867856,0.02,0.1,0.38868671364878093,0.5
412,updated,7,understand,0.013058565041660966,understand,0.05,understand,0.8888888888888888,0.31111111111111106,0.03101323554669221,0.32672615817560446,0.92,0.1,0.7057919397917468,0.3333333333333333
412,updated,7,understand,0.03985157788592823,create,0.05,create,0.75,0.26249999999999996,0.03721588265603065,0.25334948140267977,0.02,0.0,0.46321378617278214,0.5
412,updated,7,understand,0.08169573466615287,explore,0.05,explore,0.6,0.21,0.03525139002032331,0.1443205240503072,0.02,0.0,0.25787617940447766,0.4472135954999579
412,updated,7,understand,0.03188126230874259,finish,0.05,finish,0.8,0.27999999999999997,0.03525139002032331,0.19723439961642356,0.02,0.0,0.43060452732800425,0.4472135954999579
412,updated,7,understand,0.03985157788592823,connect,0.05,connect,0.75,0.26249999999999996,0.03721588265603065,0.07836943675498505,0.02,0.1,0.3882337415250874,0.5
412,updated,8,understand,0.010446852033328773,understand,0.05,understand,0.9,0.315,0.030376636760676687,0.35057782176554464,0.92,0.1,0.7355076064928925,0.31622776601683794
412,updated,8,understand,0.03985157788592823,create,0.05,create,0.75,0.26249999999999996,0.03721588265603065,0.24235350550647264,0.02,0.0,0.4522178102765749,0.5
412,updated,8,understand,0.08169573466615287,explore,0.05,explore,0.6,0.21,0.03525139002032331,0.13977806685637864,0.02,0.0,0.25333372221054906,0.4472135954999579
412,updated,8,understand,0.03188126230874259,finish,0.05,finish,0.8,0.27999999999999997,0.03525139002032331,0.18955992415993073,0.02,0.0,0.42293005187151145,0.4472135954999579
412,updated,8,understand,0.03985157788592823,connect,0.05,connect,0.75,0.26249999999999996,0.03721588265603065,0.07773068171167334,0.02,0.1,0.3875949864817757,0.5
412,updated,9,understand,0.008357481626663018,understand,0.05,understand,0.9090909090909091,0.3181818181818182,0.0298289521472834,0.37479619417675614,0.92,0.1,0.7644494828791946,0.30151134457776363
412,updated,9,understand,0.03985157788592823,create,0.05,create,0.75,0.26249999999999996,0.03721588265603065,0.23134468094473587,0.02,0.0,0.44120898571483824,0.5
412,updated,9,understand,0.08169573466615287,explore,0.05,explore,0.6,0.21,0.03525139002032331,0.13512168502009417,0.02,0.0,0.2486773403742646,0.4472135954999579
412,updated,9,understand,0.03188126230874259,finish,0.05,finish,0.8,0.27999999999999997,0.03525139002032331,0.18182057820037106,0.02,0.0,0.41519070591195173,0.4472135954999579
412,updated,9,understand,0.03985157788592823,connect,0.05,connect,0.75,0.26249999999999996,0.03721588265603065,0.07691686165804285,0.02,0.1,0.3867811664281452,0.5
412,frozen,0,explore,0.03985157788592823,understand,0.05,understand,0.75,0.26249999999999996,0.03721588265603065,0.21602043995507286,0.92,0.1,0.5258847447251752,0.5
412,frozen,0,explore,0.03985157788592823,create,0.05,create,0.75,0.26249999999999996,0.03721588265603065,0.3064496785584131,0.02,0.0,0.5163139833285154,0.5
412,frozen,0,explore,0.03985157788592823,explore,0.05,explore,0.75,0.26249999999999996,0.03721588265603065,0.18109076267132168,0.02,0.0,0.39095506744142405,0.5
412,frozen,0,explore,0.03985157788592823,finish,0.05,finish,0.75,0.26249999999999996,0.03721588265603065,0.22404186029396075,0.02,0.0,0.4339061650640631,0.5
412,frozen,0,explore,0.03985157788592823,connect,0.05,connect,0.75,0.26249999999999996,0.03721588265603065,0.07239725852123158,0.02,0.1,0.382261563291334,0.5
412,frozen,1,understand,0.03985157788592823,understand,0.05,understand,0.75,0.26249999999999996,0.03721588265603065,0.21602043995507286,0.92,0.1,0.5258847447251752,0.5
412,frozen,1,understand,0.03985157788592823,create,0.05,create,0.75,0.26249999999999996,0.03721588265603065,0.3064496785584131,0.02,0.0,0.5163139833285154,0.5
412,frozen,1,understand,0.03985157788592823,explore,0.05,explore,0.75,0.26249999999999996,0.03721588265603065,0.18109076267132168,0.02,0.0,0.39095506744142405,0.5
412,frozen,1,understand,0.03985157788592823,finish,0.05,finish,0.75,0.26249999999999996,0.03721588265603065,0.22404186029396075,0.02,0.0,0.4339061650640631,0.5
412,frozen,1,understand,0.03985157788592823,connect,0.05,connect,0.75,0.26249999999999996,0.03721588265603065,0.07239725852123158,0.02,0.1,0.382261563291334,0.5
412,frozen,2,understand,0.03985157788592823,understand,0.05,understand,0.75,0.26249999999999996,0.03721588265603065,0.21602043995507286,0.92,0.1,0.5258847447251752,0.5
412,frozen,2,understand,0.03985157788592823,create,0.05,create,0.75,0.26249999999999996,0.03721588265603065,0.3064496785584131,0.02,0.0,0.5163139833285154,0.5
412,frozen,2,understand,0.03985157788592823,explore,0.05,explore,0.75,0.26249999999999996,0.03721588265603065,0.18109076267132168,0.02,0.0,0.39095506744142405,0.5
412,frozen,2,understand,0.03985157788592823,finish,0.05,finish,0.75,0.26249999999999996,0.03721588265603065,0.22404186029396075,0.02,0.0,0.4339061650640631,0.5
412,frozen,2,understand,0.03985157788592823,connect,0.05,connect,0.75,0.26249999999999996,0.03721588265603065,0.07239725852123158,0.02,0.1,0.382261563291334,0.5
412,frozen,3,understand,0.03985157788592823,understand,0.05,understand,0.75,0.26249999999999996,0.03721588265603065,0.21602043995507286,0.92,0.1,0.5258847447251752,0.5
412,frozen,3,understand,0.03985157788592823,create,0.05,create,0.75,0.26249999999999996,0.03721588265603065,0.3064496785584131,0.02,0.0,0.5163139833285154,0.5
412,frozen,3,understand,0.03985157788592823,explore,0.05,explore,0.75,0.26249999999999996,0.03721588265603065,0.18109076267132168,0.02,0.0,0.39095506744142405,0.5
412,frozen,3,understand,0.03985157788592823,finish,0.05,finish,0.75,0.26249999999999996,0.03721588265603065,0.22404186029396075,0.02,0.0,0.4339061650640631,0.5
412,frozen,3,understand,0.03985157788592823,connect,0.05,connect,0.75,0.26249999999999996,0.03721588265603065,0.07239725852123158,0.02,0.1,0.382261563291334,0.5
412,frozen,4,finish,0.03985157788592823,understand,0.05,understand,0.75,0.26249999999999996,0.03721588265603065,0.21602043995507286,0.92,0.1,0.5258847447251752,0.5
412,frozen,4,finish,0.03985157788592823,create,0.05,create,0.75,0.26249999999999996,0.03721588265603065,0.3064496785584131,0.02,0.0,0.5163139833285154,0.5
412,frozen,4,finish,0.03985157788592823,explore,0.05,explore,0.75,0.26249999999999996,0.03721588265603065,0.18109076267132168,0.02,0.0,0.39095506744142405,0.5
412,frozen,4,finish,0.03985157788592823,finish,0.05,finish,0.75,0.26249999999999996,0.03721588265603065,0.22404186029396075,0.02,0.0,0.4339061650640631,0.5
412,frozen,4,finish,0.03985157788592823,connect,0.05,connect,0.75,0.26249999999999996,0.03721588265603065,0.07239725852123158,0.02,0.1,0.382261563291334,0.5
412,frozen,5,understand,0.03985157788592823,understand,0.05,understand,0.75,0.26249999999999996,0.03721588265603065,0.21602043995507286,0.92,0.1,0.5258847447251752,0.5
412,frozen,5,understand,0.03985157788592823,create,0.05,create,0.75,0.26249999999999996,0.03721588265603065,0.3064496785584131,0.02,0.0,0.5163139833285154,0.5
412,frozen,5,understand,0.03985157788592823,explore,0.05,explore,0.75,0.26249999999999996,0.03721588265603065,0.18109076267132168,0.02,0.0,0.39095506744142405,0.5
412,frozen,5,understand,0.03985157788592823,finish,0.05,finish,0.75,0.26249999999999996,0.03721588265603065,0.22404186029396075,0.02,0.0,0.4339061650640631,0.5
412,frozen,5,understand,0.03985157788592823,connect,0.05,connect,0.75,0.26249999999999996,0.03721588265603065,0.07239725852123158,0.02,0.1,0.382261563291334,0.5
412,frozen,6,understand,0.03985157788592823,understand,0.05,understand,0.75,0.26249999999999996,0.03721588265603065,0.21602043995507286,0.92,0.1,0.5258847447251752,0.5
412,frozen,6,understand,0.03985157788592823,create,0.05,create,0.75,0.26249999999999996,0.03721588265603065,0.3064496785584131,0.02,0.0,0.5163139833285154,0.5
412,frozen,6,understand,0.03985157788592823,explore,0.05,explore,0.75,0.26249999999999996,0.03721588265603065,0.18109076267132168,0.02,0.0,0.39095506744142405,0.5
412,frozen,6,understand,0.03985157788592823,finish,0.05,finish,0.75,0.26249999999999996,0.03721588265603065,0.22404186029396075,0.02,0.0,0.4339061650640631,0.5
412,frozen,6,understand,0.03985157788592823,connect,0.05,connect,0.75,0.26249999999999996,0.03721588265603065,0.07239725852123158,0.02,0.1,0.382261563291334,0.5
412,frozen,7,understand,0.03985157788592823,understand,0.05,understand,0.75,0.26249999999999996,0.03721588265603065,0.21602043995507286,0.92,0.1,0.5258847447251752,0.5
412,frozen,7,understand,0.03985157788592823,create,0.05,create,0.75,0.26249999999999996,0.03721588265603065,0.3064496785584131,0.02,0.0,0.5163139833285154,0.5
412,frozen,7,understand,0.03985157788592823,explore,0.05,explore,0.75,0.26249999999999996,0.03721588265603065,0.18109076267132168,0.02,0.0,0.39095506744142405,0.5
412,frozen,7,understand,0.03985157788592823,finish,0.05,finish,0.75,0.26249999999999996,0.03721588265603065,0.22404186029396075,0.02,0.0,0.4339061650640631,0.5
412,frozen,7,understand,0.03985157788592823,connect,0.05,connect,0.75,0.26249999999999996,0.03721588265603065,0.07239725852123158,0.02,0.1,0.382261563291334,0.5
412,frozen,8,understand,0.03985157788592823,understand,0.05,understand,0.75,0.26249999999999996,0.03721588265603065,0.21602043995507286,0.92,0.1,0.5258847447251752,0.5
412,frozen,8,understand,0.03985157788592823,create,0.05,create,0.75,0.26249999999999996,0.03721588265603065,0.3064496785584131,0.02,0.0,0.5163139833285154,0.5
412,frozen,8,understand,0.03985157788592823,explore,0.05,explore,0.75,0.26249999999999996,0.03721588265603065,0.18109076267132168,0.02,0.0,0.39095506744142405,0.5
412,frozen,8,understand,0.03985157788592823,finish,0.05,finish,0.75,0.26249999999999996,0.03721588265603065,0.22404186029396075,0.02,0.0,0.4339061650640631,0.5
412,frozen,8,understand,0.03985157788592823,connect,0.05,connect,0.75,0.26249999999999996,0.03721588265603065,0.07239725852123158,0.02,0.1,0.382261563291334,0.5
412,frozen,9,understand,0.03985157788592823,understand,0.05,understand,0.75,0.26249999999999996,0.03721588265603065,0.21602043995507286,0.92,0.1,0.5258847447251752,0.5
412,frozen,9,understand,0.03985157788592823,create,0.05,create,0.75,0.26249999999999996,0.03721588265603065,0.3064496785584131,0.02,0.0,0.5163139833285154,0.5
412,frozen,9,understand,0.03985157788592823,explore,0.05,explore,0.75,0.26249999999999996,0.03721588265603065,0.18109076267132168,0.02,0.0,0.39095506744142405,0.5
412,frozen,9,understand,0.03985157788592823,finish,0.05,finish,0.75,0.26249999999999996,0.03721588265603065,0.22404186029396075,0.02,0.0,0.4339061650640631,0.5
412,frozen,9,understand,0.03985157788592823,connect,0.05,connect,0.75,0.26249999999999996,0.03721588265603065,0.07239725852123158,0.02,0.1,0.382261563291334,0.5
412,neutral,0,explore,0.03985157788592823,understand,0.05,understand,0.75,0.26249999999999996,0.03721588265603065,0.2,0.47000000000000003,0.1,0.5098643047701024,0.5
412,neutral,0,explore,0.03985157788592823,create,0.05,create,0.75,0.26249999999999996,0.03721588265603065,0.2,0.02,0.0,0.4098643047701024,0.5
412,neutral,0,explore,0.03985157788592823,explore,0.05,explore,0.75,0.26249999999999996,0.03721588265603065,0.2,0.02,0.0,0.4098643047701024,0.5
412,neutral,0,explore,0.03985157788592823,finish,0.05,finish,0.75,0.26249999999999996,0.03721588265603065,0.2,0.02,0.0,0.4098643047701024,0.5
412,neutral,0,explore,0.03985157788592823,connect,0.05,connect,0.75,0.26249999999999996,0.03721588265603065,0.2,0.47000000000000003,0.1,0.5098643047701024,0.5
412,neutral,1,understand,0.03985157788592823,understand,0.05,understand,0.75,0.26249999999999996,0.03721588265603065,0.2,0.47000000000000003,0.1,0.5098643047701024,0.5
412,neutral,1,understand,0.03985157788592823,create,0.05,create,0.75,0.26249999999999996,0.03721588265603065,0.2,0.02,0.0,0.4098643047701024,0.5
412,neutral,1,understand,0.08169573466615287,explore,0.05,explore,0.6,0.21,0.03525139002032331,0.2,0.02,0.0,0.31355565535417046,0.4472135954999579
412,neutral,1,understand,0.03985157788592823,finish,0.05,finish,0.75,0.26249999999999996,0.03721588265603065,0.2,0.02,0.0,0.4098643047701024,0.5
412,neutral,1,understand,0.03985157788592823,connect,0.05,connect,0.75,0.26249999999999996,0.03721588265603065,0.2,0.47000000000000003,0.1,0.5098643047701024,0.5
412,neutral,2,understand,0.03188126230874259,understand,0.05,understand,0.8,0.27999999999999997,0.03525139002032331,0.2,0.92,0.1,0.5333701277115807,0.4472135954999579
412,neutral,2,understand,0.03985157788592823,create,0.05,create,0.75,0.26249999999999996,0.03721588265603065,0.2,0.02,0.0,0.4098643047701024,0.5
412,neutral,2,understand,0.08169573466615287,explore,0.05,explore,0.6,0.21,0.03525139002032331,0.2,0.02,0.0,0.31355565535417046,0.4472135954999579
412,neutral,2,understand,0.03985157788592823,finish,0.05,finish,0.75,0.26249999999999996,0.03721588265603065,0.2,0.02,0.0,0.4098643047701024,0.5
412,neutral,2,understand,0.03985157788592823,connect,0.05,connect,0.75,0.26249999999999996,0.03721588265603065,0.2,0.02,0.1,0.5098643047701024,0.5
412,neutral,3,understand,0.02550500984699407,understand,0.05,understand,0.8333333333333334,0.2916666666666667,0.03380126180044357,0.2,0.92,0.1,0.5499629186201161,0.4082482904638631
412,neutral,3,understand,0.03985157788592823,create,0.05,create,0.75,0.26249999999999996,0.03721588265603065,0.2,0.02,0.0,0.4098643047701024,0.5
412,neutral,3,understand,0.08169573466615287,explore,0.05,explore,0.6,0.21,0.03525139002032331,0.2,0.02,0.0,0.31355565535417046,0.4472135954999579
412,neutral,3,understand,0.03985157788592823,finish,0.05,finish,0.75,0.26249999999999996,0.03721588265603065,0.2,0.02,0.0,0.4098643047701024,0.5
412,neutral,3,understand,0.03985157788592823,connect,0.05,connect,0.75,0.26249999999999996,0.03721588265603065,0.2,0.02,0.1,0.5098643047701024,0.5
412,neutral,4,finish,0.02040400787759526,understand,0.05,understand,0.8571428571428571,0.3,0.03267422280367519,0.2,0.92,0.1,0.5622702149260799,0.3779644730092272
412,neutral,4,finish,0.03985157788592823,create,0.05,create,0.75,0.26249999999999996,0.03721588265603065,0.2,0.02,0.0,0.4098643047701024,0.5
412,neutral,4,finish,0.08169573466615287,explore,0.05,explore,0.6,0.21,0.03525139002032331,0.2,0.02,0.0,0.31355565535417046,0.4472135954999579
412,neutral,4,finish,0.03985157788592823,finish,0.05,finish,0.75,0.26249999999999996,0.03721588265603065,0.2,0.02,0.0,0.4098643047701024,0.5
412,neutral,4,finish,0.03985157788592823,connect,0.05,connect,0.75,0.26249999999999996,0.03721588265603065,0.2,0.02,0.1,0.5098643047701024,0.5
412,neutral,5,understand,0.02040400787759526,understand,0.05,understand,0.8571428571428571,0.3,0.03267422280367519,0.2,0.92,0.1,0.5622702149260799,0.3779644730092272
412,neutral,5,understand,0.03985157788592823,create,0.05,create,0.75,0.26249999999999996,0.03721588265603065,0.2,0.02,0.0,0.4098643047701024,0.5
412,neutral,5,understand,0.08169573466615287,explore,0.05,explore,0.6,0.21,0.03525139002032331,0.2,0.02,0.0,0.31355565535417046,0.4472135954999579
412,neutral,5,understand,0.03188126230874259,finish,0.05,finish,0.8,0.27999999999999997,0.03525139002032331,0.2,0.02,0.0,0.4333701277115807,0.4472135954999579
412,neutral,5,understand,0.03985157788592823,connect,0.05,connect,0.75,0.26249999999999996,0.03721588265603065,0.2,0.02,0.1,0.5098643047701024,0.5
412,neutral,6,understand,0.016323206302076208,understand,0.05,understand,0.875,0.30624999999999997,0.03176574282497637,0.2,0.92,0.1,0.5716925365229001,0.35355339059327373
412,neutral,6,understand,0.03985157788592823,create,0.05,create,0.75,0.26249999999999996,0.03721588265603065,0.2,0.02,0.0,0.4098643047701024,0.5
412,neutral,6,understand,0.08169573466615287,explore,0.05,explore,0.6,0.21,0.03525139002032331,0.2,0.02,0.0,0.31355565535417046,0.4472135954999579
412,neutral,6,understand,0.03188126230874259,finish,0.05,finish,0.8,0.27999999999999997,0.03525139002032331,0.2,0.02,0.0,0.4333701277115807,0.4472135954999579
412,neutral,6,understand,0.03985157788592823,connect,0.05,connect,0.75,0.26249999999999996,0.03721588265603065,0.2,0.02,0.1,0.5098643047701024,0.5
412,neutral,7,understand,0.013058565041660966,understand,0.05,understand,0.8888888888888888,0.31111111111111106,0.03101323554669221,0.2,0.92,0.1,0.5790657816161423,0.3333333333333333
412,neutral,7,understand,0.03985157788592823,create,0.05,create,0.75,0.26249999999999996,0.03721588265603065,0.2,0.02,0.0,0.4098643047701024,0.5
412,neutral,7,understand,0.08169573466615287,explore,0.05,explore,0.6,0.21,0.03525139002032331,0.2,0.02,0.0,0.31355565535417046,0.4472135954999579
412,neutral,7,understand,0.03188126230874259,finish,0.05,finish,0.8,0.27999999999999997,0.03525139002032331,0.2,0.02,0.0,0.4333701277115807,0.4472135954999579
412,neutral,7,understand,0.03985157788592823,connect,0.05,connect,0.75,0.26249999999999996,0.03721588265603065,0.2,0.02,0.1,0.5098643047701024,0.5
412,neutral,8,understand,0.010446852033328773,understand,0.05,understand,0.9,0.315,0.030376636760676687,0.2,0.92,0.1,0.5849297847273479,0.31622776601683794
412,neutral,8,understand,0.03985157788592823,create,0.05,create,0.75,0.26249999999999996,0.03721588265603065,0.2,0.02,0.0,0.4098643047701024,0.5
412,neutral,8,understand,0.08169573466615287,explore,0.05,explore,0.6,0.21,0.03525139002032331,0.2,0.02,0.0,0.31355565535417046,0.4472135954999579
412,neutral,8,understand,0.03188126230874259,finish,0.05,finish,0.8,0.27999999999999997,0.03525139002032331,0.2,0.02,0.0,0.4333701277115807,0.4472135954999579
412,neutral,8,understand,0.03985157788592823,connect,0.05,connect,0.75,0.26249999999999996,0.03721588265603065,0.2,0.02,0.1,0.5098643047701024,0.5
412,neutral,9,understand,0.008357481626663018,understand,0.05,understand,0.9090909090909091,0.3181818181818182,0.0298289521472834,0.2,0.92,0.1,0.5896532887024386,0.30151134457776363
412,neutral,9,understand,0.03985157788592823,create,0.05,create,0.75,0.26249999999999996,0.03721588265603065,0.2,0.02,0.0,0.4098643047701024,0.5
412,neutral,9,understand,0.08169573466615287,explore,0.05,explore,0.6,0.21,0.03525139002032331,0.2,0.02,0.0,0.31355565535417046,0.4472135954999579
412,neutral,9,understand,0.03188126230874259,finish,0.05,finish,0.8,0.27999999999999997,0.03525139002032331,0.2,0.02,0.0,0.4333701277115807,0.4472135954999579
412,neutral,9,understand,0.03985157788592823,connect,0.05,connect,0.75,0.26249999999999996,0.03721588265603065,0.2,0.02,0.1,0.5098643047701024,0.5
412,no-aversion,0,explore,0.0,understand,0.05,understand,0.75,0.26249999999999996,0.03721588265603065,0.21602043995507286,0.92,0.1,0.5657363226111035,0.5
412,no-aversion,0,explore,0.0,create,0.05,create,0.75,0.26249999999999996,0.03721588265603065,0.3064496785584131,0.02,0.0,0.5561655612144436,0.5
412,no-aversion,0,explore,0.0,explore,0.05,explore,0.75,0.26249999999999996,0.03721588265603065,0.18109076267132168,0.02,0.0,0.4308066453273523,0.5
412,no-aversion,0,explore,0.0,finish,0.05,finish,0.75,0.26249999999999996,0.03721588265603065,0.22404186029396075,0.02,0.0,0.47375774294999135,0.5
412,no-aversion,0,explore,0.0,connect,0.05,connect,0.75,0.26249999999999996,0.03721588265603065,0.07239725852123158,0.02,0.1,0.4221131411772622,0.5
412,no-aversion,1,understand,0.0,understand,0.05,understand,0.75,0.26249999999999996,0.03721588265603065,0.22012578238667263,0.92,0.1,0.5698416650427033,0.5
412,no-aversion,1,understand,0.0,create,0.05,create,0.75,0.26249999999999996,0.03721588265603065,0.31059911883503244,0.02,0.0,0.560315001491063,0.5
412,no-aversion,1,understand,0.0,explore,0.05,explore,0.6,0.21,0.03525139002032331,0.1646914213389105,0.02,0.0,0.3599428113592338,0.4472135954999579
412,no-aversion,1,understand,0.0,finish,0.05,finish,0.75,0.26249999999999996,0.03721588265603065,0.22815111437356733,0.02,0.0,0.47786699702959795,0.5
412,no-aversion,1,understand,0.0,connect,0.05,connect,0.75,0.26249999999999996,0.03721588265603065,0.07643256306581712,0.02,0.1,0.42614844572184774,0.5
412,no-aversion,2,understand,0.0,understand,0.05,understand,0.8,0.27999999999999997,0.03525139002032331,0.24058739732004283,0.92,0.1,0.605838787340366,0.4472135954999579
412,no-aversion,2,understand,0.0,create,0.05,create,0.75,0.26249999999999996,0.03721588265603065,0.30007761624674956,0.02,0.0,0.5497934989027802,0.5
412,no-aversion,2,understand,0.0,explore,0.05,explore,0.6,0.21,0.03525139002032331,0.16099157045005075,0.02,0.0,0.356242960470374,0.4472135954999579
412,no-aversion,2,understand,0.0,finish,0.05,finish,0.75,0.26249999999999996,0.03721588265603065,0.22148431979178665,0.02,0.0,0.4712002024478173,0.5
412,no-aversion,2,understand,0.0,connect,0.05,connect,0.75,0.26249999999999996,0.03721588265603065,0.07685909619137031,0.02,0.1,0.4265749788474009,0.5
412,no-aversion,3,understand,0.0,understand,0.05,understand,0.8333333333333334,0.2916666666666667,0.03380126180044357,0.26192468554614173,0.92,0.1,0.6373926140132519,0.4082482904638631
412,no-aversion,3,understand,0.0,create,0.05,create,0.75,0.26249999999999996,0.03721588265603065,0.28932399692509686,0.02,0.0,0.5390398795811275,0.5
412,no-aversion,3,understand,0.0,explore,0.05,explore,0.6,0.21,0.03525139002032331,0.15707625715836565,0.02,0.0,0.352327647178689,0.4472135954999579
412,no-aversion,3,understand,0.0,finish,0.05,finish,0.75,0.26249999999999996,0.03721588265603065,0.214594819332558,0.02,0.0,0.46431070198858865,0.5
412,no-aversion,3,understand,0.0,connect,0.05,connect,0.75,0.26249999999999996,0.03721588265603065,0.07708024103783785,0.02,0.1,0.42679612369386843,0.5
412,no-aversion,4,finish,0.0,understand,0.05,understand,0.8571428571428571,0.3,0.03267422280367519,0.28406037651783683,0.92,0.1,0.6667345993215119,0.3779644730092272
412,no-aversion,4,finish,0.0,create,0.05,create,0.75,0.26249999999999996,0.03721588265603065,0.2783748849288563,0.02,0.0,0.5280907675848869,0.5
412,no-aversion,4,finish,0.0,explore,0.05,explore,0.6,0.21,0.03525139002032331,0.15296026752333167,0.02,0.0,0.34821165754365496,0.4472135954999579
412,no-aversion,4,finish,0.0,finish,0.05,finish,0.75,0.26249999999999996,0.03721588265603065,0.2075068970651011,0.02,0.0,0.45722277972113173,0.5
412,no-aversion,4,finish,0.0,connect,0.05,connect,0.75,0.26249999999999996,0.03721588265603065,0.07709757396487409,0.02,0.1,0.42681345662090475,0.5
412,no-aversion,5,understand,0.0,understand,0.05,understand,0.8571428571428571,0.3,0.03267422280367519,0.28063099228297833,0.92,0.1,0.6633052150866534,0.3779644730092272
412,no-aversion,5,understand,0.0,create,0.05,create,0.75,0.26249999999999996,0.03721588265603065,0.27509420042500704,0.02,0.0,0.5248100830810376,0.5
412,no-aversion,5,understand,0.0,explore,0.05,explore,0.6,0.21,0.03525139002032331,0.15295970745216586,0.02,0.0,0.3482110974724892,0.4472135954999579
412,no-aversion,5,understand,0.0,finish,0.05,finish,0.8,0.27999999999999997,0.03525139002032331,0.21223395459193264,0.02,0.0,0.47748534461225595,0.4472135954999579
412,no-aversion,5,understand,0.0,connect,0.05,connect,0.75,0.26249999999999996,0.03721588265603065,0.07908114524791607,0.02,0.1,0.4287970279039467,0.5
412,no-aversion,6,understand,0.0,understand,0.05,understand,0.875,0.30624999999999997,0.03176574282497637,0.3033709845587923,0.92,0.1,0.6913867273837686,0.35355339059327373
412,no-aversion,6,understand,0.0,create,0.05,create,0.75,0.26249999999999996,0.03721588265603065,0.26427962392079074,0.02,0.0,0.5139955065768214,0.5
412,no-aversion,6,understand,0.0,explore,0.05,explore,0.6,0.21,0.03525139002032331,0.1487224080666763,0.02,0.0,0.3439737980869996,0.4472135954999579
412,no-aversion,6,understand,0.0,finish,0.05,finish,0.8,0.27999999999999997,0.03525139002032331,0.20480457457506215,0.02,0.0,0.4700559645953854,0.4472135954999579
412,no-aversion,6,understand,0.0,connect,0.05,connect,0.75,0.26249999999999996,0.03721588265603065,0.07882240887867856,0.02,0.1,0.4285382915347091,0.5
412,no-aversion,7,understand,0.0,understand,0.05,understand,0.8888888888888888,0.31111111111111106,0.03101323554669221,0.32672615817560446,0.92,0.1,0.7188505048334077,0.3333333333333333
412,no-aversion,7,understand,0.0,create,0.05,create,0.75,0.26249999999999996,0.03721588265603065,0.25334948140267977,0.02,0.0,0.5030653640587104,0.5
412,no-aversion,7,understand,0.0,explore,0.05,explore,0.6,0.21,0.03525139002032331,0.1443205240503072,0.02,0.0,0.33957191407063053,0.4472135954999579
412,no-aversion,7,understand,0.0,finish,0.05,finish,0.8,0.27999999999999997,0.03525139002032331,0.19723439961642356,0.02,0.0,0.46248578963674686,0.4472135954999579
412,no-aversion,7,understand,0.0,connect,0.05,connect,0.75,0.26249999999999996,0.03721588265603065,0.07836943675498505,0.02,0.1,0.4280853194110157,0.5
412,no-aversion,8,understand,0.0,understand,0.05,understand,0.9,0.315,0.030376636760676687,0.35057782176554464,0.92,0.1,0.7459544585262212,0.31622776601683794
412,no-aversion,8,understand,0.0,create,0.05,create,0.75,0.26249999999999996,0.03721588265603065,0.24235350550647264,0.02,0.0,0.4920693881625032,0.5
412,no-aversion,8,understand,0.0,explore,0.05,explore,0.6,0.21,0.03525139002032331,0.13977806685637864,0.02,0.0,0.33502945687670194,0.4472135954999579
412,no-aversion,8,understand,0.0,finish,0.05,finish,0.8,0.27999999999999997,0.03525139002032331,0.18955992415993073,0.02,0.0,0.45481131418025406,0.4472135954999579
412,no-aversion,8,understand,0.0,connect,0.05,connect,0.75,0.26249999999999996,0.03721588265603065,0.07773068171167334,0.02,0.1,0.427446564367704,0.5
412,no-aversion,9,understand,0.0,understand,0.05,understand,0.9090909090909091,0.3181818181818182,0.0298289521472834,0.37479619417675614,0.92,0.1,0.7728069645058576,0.30151134457776363
412,no-aversion,9,understand,0.0,create,0.05,create,0.75,0.26249999999999996,0.03721588265603065,0.23134468094473587,0.02,0.0,0.4810605636007665,0.5
412,no-aversion,9,understand,0.0,explore,0.05,explore,0.6,0.21,0.03525139002032331,0.13512168502009417,0.02,0.0,0.33037307504041746,0.4472135954999579
412,no-aversion,9,understand,0.0,finish,0.05,finish,0.8,0.27999999999999997,0.03525139002032331,0.18182057820037106,0.02,0.0,0.44707196822069434,0.4472135954999579
412,no-aversion,9,understand,0.0,connect,0.05,connect,0.75,0.26249999999999996,0.03721588265603065,0.07691686165804285,0.02,0.1,0.4266327443140735,0.5
412,no-dream,0,explore,0.03985157788592823,understand,0.05,understand,0.75,0.26249999999999996,0.03721588265603065,0.21602043995507286,0.92,0.1,0.5258847447251752,0.5
412,no-dream,0,explore,0.03985157788592823,create,0.05,create,0.75,0.26249999999999996,0.03721588265603065,0.3064496785584131,0.02,0.0,0.5163139833285154,0.5
412,no-dream,0,explore,0.03985157788592823,explore,0.05,explore,0.75,0.26249999999999996,0.03721588265603065,0.18109076267132168,0.02,0.0,0.39095506744142405,0.5
412,no-dream,0,explore,0.03985157788592823,finish,0.05,finish,0.75,0.26249999999999996,0.03721588265603065,0.22404186029396075,0.02,0.0,0.4339061650640631,0.5
412,no-dream,0,explore,0.03985157788592823,connect,0.05,connect,0.75,0.26249999999999996,0.03721588265603065,0.07239725852123158,0.02,0.1,0.382261563291334,0.5
412,no-dream,1,understand,0.03985157788592823,understand,0.05,understand,0.75,0.26249999999999996,0.03721588265603065,0.22012578238667263,0.92,0.1,0.529990087156775,0.5
412,no-dream,1,understand,0.03985157788592823,create,0.05,create,0.75,0.26249999999999996,0.03721588265603065,0.31059911883503244,0.02,0.0,0.5204634236051348,0.5
412,no-dream,1,understand,0.08169573466615287,explore,0.05,explore,0.6,0.21,0.03525139002032331,0.1646914213389105,0.02,0.0,0.2782470766930809,0.4472135954999579
412,no-dream,1,understand,0.03985157788592823,finish,0.05,finish,0.75,0.26249999999999996,0.03721588265603065,0.22815111437356733,0.02,0.0,0.4380154191436697,0.5
412,no-dream,1,understand,0.03985157788592823,connect,0.05,connect,0.75,0.26249999999999996,0.03721588265603065,0.07643256306581712,0.02,0.1,0.38629686783591954,0.5
412,no-dream,2,understand,0.03188126230874259,understand,0.05,understand,0.8,0.27999999999999997,0.03525139002032331,0.24058739732004283,0.92,0.1,0.5739575250316235,0.4472135954999579
412,no-dream,2,understand,0.03985157788592823,create,0.05,create,0.75,0.26249999999999996,0.03721588265603065,0.30007761624674956,0.02,0.0,0.509941921016852,0.5
412,no-dream,2,understand,0.08169573466615287,explore,0.05,explore,0.6,0.21,0.03525139002032331,0.16099157045005075,0.02,0.0,0.27454722580422114,0.4472135954999579
412,no-dream,2,understand,0.03985157788592823,finish,0.05,finish,0.75,0.26249999999999996,0.03721588265603065,0.22148431979178665,0.02,0.0,0.43134862456188905,0.5
412,no-dream,2,understand,0.03985157788592823,connect,0.05,connect,0.75,0.26249999999999996,0.03721588265603065,0.07685909619137031,0.02,0.1,0.38672340096147273,0.5
412,no-dream,3,understand,0.02550500984699407,understand,0.05,understand,0.8333333333333334,0.2916666666666667,0.03380126180044357,0.26192468554614173,0.92,0.1,0.6118876041662578,0.4082482904638631
412,no-dream,3,understand,0.03985157788592823,create,0.05,create,0.75,0.26249999999999996,0.03721588265603065,0.28932399692509686,0.02,0.0,0.4991883016951993,0.5
412,no-dream,3,understand,0.08169573466615287,explore,0.05,explore,0.6,0.21,0.03525139002032331,0.15707625715836565,0.02,0.0,0.2706319125125361,0.4472135954999579
412,no-dream,3,understand,0.03985157788592823,finish,0.05,finish,0.75,0.26249999999999996,0.03721588265603065,0.214594819332558,0.02,0.0,0.4244591241026604,0.5
412,no-dream,3,understand,0.03985157788592823,connect,0.05,connect,0.75,0.26249999999999996,0.03721588265603065,0.07708024103783785,0.02,0.1,0.38694454580794024,0.5
412,no-dream,4,finish,0.02040400787759526,understand,0.05,understand,0.8571428571428571,0.3,0.03267422280367519,0.28406037651783683,0.92,0.1,0.6463305914439167,0.3779644730092272
412,no-dream,4,finish,0.03985157788592823,create,0.05,create,0.75,0.26249999999999996,0.03721588265603065,0.2783748849288563,0.02,0.0,0.4882391896989587,0.5
412,no-dream,4,finish,0.08169573466615287,explore,0.05,explore,0.6,0.21,0.03525139002032331,0.15296026752333167,0.02,0.0,0.2665159228775021,0.4472135954999579
412,no-dream,4,finish,0.03985157788592823,finish,0.05,finish,0.75,0.26249999999999996,0.03721588265603065,0.2075068970651011,0.02,0.0,0.4173712018352035,0.5
412,no-dream,4,finish,0.03985157788592823,connect,0.05,connect,0.75,0.26249999999999996,0.03721588265603065,0.07709757396487409,0.02,0.1,0.38696187873497645,0.5
412,no-dream,5,understand,0.02040400787759526,understand,0.05,understand,0.8571428571428571,0.3,0.03267422280367519,0.28063099228297833,0.92,0.1,0.6429012072090582,0.3779644730092272
412,no-dream,5,understand,0.03985157788592823,create,0.05,create,0.75,0.26249999999999996,0.03721588265603065,0.27509420042500704,0.02,0.0,0.48495850519510936,0.5
412,no-dream,5,understand,0.08169573466615287,explore,0.05,explore,0.6,0.21,0.03525139002032331,0.15295970745216586,0.02,0.0,0.2665153628063363,0.4472135954999579
412,no-dream,5,understand,0.03188126230874259,finish,0.05,finish,0.8,0.27999999999999997,0.03525139002032331,0.21223395459193264,0.02,0.0,0.44560408230351334,0.4472135954999579
412,no-dream,5,understand,0.03985157788592823,connect,0.05,connect,0.75,0.26249999999999996,0.03721588265603065,0.07908114524791607,0.02,0.1,0.3889454500180185,0.5
412,no-dream,6,understand,0.016323206302076208,understand,0.05,understand,0.875,0.30624999999999997,0.03176574282497637,0.3033709845587923,0.92,0.1,0.6750635210816924,0.35355339059327373
412,no-dream,6,understand,0.03985157788592823,create,0.05,create,0.75,0.26249999999999996,0.03721588265603065,0.26427962392079074,0.02,0.0,0.4741439286908931,0.5
412,no-dream,6,understand,0.08169573466615287,explore,0.05,explore,0.6,0.21,0.03525139002032331,0.1487224080666763,0.02,0.0,0.26227806342084675,0.4472135954999579
412,no-dream,6,understand,0.03188126230874259,finish,0.05,finish,0.8,0.27999999999999997,0.03525139002032331,0.20480457457506215,0.02,0.0,0.4381747022866428,0.4472135954999579
412,no-dream,6,understand,0.03985157788592823,connect,0.05,connect,0.75,0.26249999999999996,0.03721588265603065,0.07882240887867856,0.02,0.1,0.38868671364878093,0.5
412,no-dream,7,understand,0.013058565041660966,understand,0.05,understand,0.8888888888888888,0.31111111111111106,0.03101323554669221,0.32672615817560446,0.92,0.1,0.7057919397917468,0.3333333333333333
412,no-dream,7,understand,0.03985157788592823,create,0.05,create,0.75,0.26249999999999996,0.03721588265603065,0.25334948140267977,0.02,0.0,0.46321378617278214,0.5
412,no-dream,7,understand,0.08169573466615287,explore,0.05,explore,0.6,0.21,0.03525139002032331,0.1443205240503072,0.02,0.0,0.25787617940447766,0.4472135954999579
412,no-dream,7,understand,0.03188126230874259,finish,0.05,finish,0.8,0.27999999999999997,0.03525139002032331,0.19723439961642356,0.02,0.0,0.43060452732800425,0.4472135954999579
412,no-dream,7,understand,0.03985157788592823,connect,0.05,connect,0.75,0.26249999999999996,0.03721588265603065,0.07836943675498505,0.02,0.1,0.3882337415250874,0.5
412,no-dream,8,understand,0.010446852033328773,understand,0.05,understand,0.9,0.315,0.030376636760676687,0.35057782176554464,0.92,0.1,0.7355076064928925,0.31622776601683794
412,no-dream,8,understand,0.03985157788592823,create,0.05,create,0.75,0.26249999999999996,0.03721588265603065,0.24235350550647264,0.02,0.0,0.4522178102765749,0.5
412,no-dream,8,understand,0.08169573466615287,explore,0.05,explore,0.6,0.21,0.03525139002032331,0.13977806685637864,0.02,0.0,0.25333372221054906,0.4472135954999579
412,no-dream,8,understand,0.03188126230874259,finish,0.05,finish,0.8,0.27999999999999997,0.03525139002032331,0.18955992415993073,0.02,0.0,0.42293005187151145,0.4472135954999579
412,no-dream,8,understand,0.03985157788592823,connect,0.05,connect,0.75,0.26249999999999996,0.03721588265603065,0.07773068171167334,0.02,0.1,0.3875949864817757,0.5
412,no-dream,9,understand,0.008357481626663018,understand,0.05,understand,0.9090909090909091,0.3181818181818182,0.0298289521472834,0.37479619417675614,0.92,0.1,0.7644494828791946,0.30151134457776363
412,no-dream,9,understand,0.03985157788592823,create,0.05,create,0.75,0.26249999999999996,0.03721588265603065,0.23134468094473587,0.02,0.0,0.44120898571483824,0.5
412,no-dream,9,understand,0.08169573466615287,explore,0.05,explore,0.6,0.21,0.03525139002032331,0.13512168502009417,0.02,0.0,0.2486773403742646,0.4472135954999579
412,no-dream,9,understand,0.03188126230874259,finish,0.05,finish,0.8,0.27999999999999997,0.03525139002032331,0.18182057820037106,0.02,0.0,0.41519070591195173,0.4472135954999579
412,no-dream,9,understand,0.03985157788592823,connect,0.05,connect,0.75,0.26249999999999996,0.03721588265603065,0.07691686165804285,0.02,0.1,0.3867811664281452,0.5
412,restarted,0,explore,0.03985157788592823,understand,0.05,understand,0.75,0.26249999999999996,0.03721588265603065,0.21602043995507286,0.92,0.1,0.5258847447251752,0.5
412,restarted,0,explore,0.03985157788592823,create,0.05,create,0.75,0.26249999999999996,0.03721588265603065,0.3064496785584131,0.02,0.0,0.5163139833285154,0.5
412,restarted,0,explore,0.03985157788592823,explore,0.05,explore,0.75,0.26249999999999996,0.03721588265603065,0.18109076267132168,0.02,0.0,0.39095506744142405,0.5
412,restarted,0,explore,0.03985157788592823,finish,0.05,finish,0.75,0.26249999999999996,0.03721588265603065,0.22404186029396075,0.02,0.0,0.4339061650640631,0.5
412,restarted,0,explore,0.03985157788592823,connect,0.05,connect,0.75,0.26249999999999996,0.03721588265603065,0.07239725852123158,0.02,0.1,0.382261563291334,0.5
412,restarted,1,understand,0.03985157788592823,understand,0.05,understand,0.75,0.26249999999999996,0.03721588265603065,0.22012578238667263,0.92,0.1,0.529990087156775,0.5
412,restarted,1,understand,0.03985157788592823,create,0.05,create,0.75,0.26249999999999996,0.03721588265603065,0.31059911883503244,0.02,0.0,0.5204634236051348,0.5
412,restarted,1,understand,0.08169573466615287,explore,0.05,explore,0.6,0.21,0.03525139002032331,0.1646914213389105,0.02,0.0,0.2782470766930809,0.4472135954999579
412,restarted,1,understand,0.03985157788592823,finish,0.05,finish,0.75,0.26249999999999996,0.03721588265603065,0.22815111437356733,0.02,0.0,0.4380154191436697,0.5
412,restarted,1,understand,0.03985157788592823,connect,0.05,connect,0.75,0.26249999999999996,0.03721588265603065,0.07643256306581712,0.02,0.1,0.38629686783591954,0.5
412,restarted,2,understand,0.03188126230874259,understand,0.05,understand,0.8,0.27999999999999997,0.03525139002032331,0.24058739732004283,0.92,0.1,0.5739575250316235,0.4472135954999579
412,restarted,2,understand,0.03985157788592823,create,0.05,create,0.75,0.26249999999999996,0.03721588265603065,0.30007761624674956,0.02,0.0,0.509941921016852,0.5
412,restarted,2,understand,0.08169573466615287,explore,0.05,explore,0.6,0.21,0.03525139002032331,0.16099157045005075,0.02,0.0,0.27454722580422114,0.4472135954999579
412,restarted,2,understand,0.03985157788592823,finish,0.05,finish,0.75,0.26249999999999996,0.03721588265603065,0.22148431979178665,0.02,0.0,0.43134862456188905,0.5
412,restarted,2,understand,0.03985157788592823,connect,0.05,connect,0.75,0.26249999999999996,0.03721588265603065,0.07685909619137031,0.02,0.1,0.38672340096147273,0.5
412,restarted,3,understand,0.02550500984699407,understand,0.05,understand,0.8333333333333334,0.2916666666666667,0.03380126180044357,0.26192468554614173,0.92,0.1,0.6118876041662578,0.4082482904638631
412,restarted,3,understand,0.03985157788592823,create,0.05,create,0.75,0.26249999999999996,0.03721588265603065,0.28932399692509686,0.02,0.0,0.4991883016951993,0.5
412,restarted,3,understand,0.08169573466615287,explore,0.05,explore,0.6,0.21,0.03525139002032331,0.15707625715836565,0.02,0.0,0.2706319125125361,0.4472135954999579
412,restarted,3,understand,0.03985157788592823,finish,0.05,finish,0.75,0.26249999999999996,0.03721588265603065,0.214594819332558,0.02,0.0,0.4244591241026604,0.5
412,restarted,3,understand,0.03985157788592823,connect,0.05,connect,0.75,0.26249999999999996,0.03721588265603065,0.07708024103783785,0.02,0.1,0.38694454580794024,0.5
412,restarted,4,finish,0.02040400787759526,understand,0.05,understand,0.8571428571428571,0.3,0.03267422280367519,0.28406037651783683,0.92,0.1,0.6463305914439167,0.3779644730092272
412,restarted,4,finish,0.03985157788592823,create,0.05,create,0.75,0.26249999999999996,0.03721588265603065,0.2783748849288563,0.02,0.0,0.4882391896989587,0.5
412,restarted,4,finish,0.08169573466615287,explore,0.05,explore,0.6,0.21,0.03525139002032331,0.15296026752333167,0.02,0.0,0.2665159228775021,0.4472135954999579
412,restarted,4,finish,0.03985157788592823,finish,0.05,finish,0.75,0.26249999999999996,0.03721588265603065,0.2075068970651011,0.02,0.0,0.4173712018352035,0.5
412,restarted,4,finish,0.03985157788592823,connect,0.05,connect,0.75,0.26249999999999996,0.03721588265603065,0.07709757396487409,0.02,0.1,0.38696187873497645,0.5
412,restarted,5,understand,0.02040400787759526,understand,0.05,understand,0.8571428571428571,0.3,0.03267422280367519,0.28063099228297833,0.92,0.1,0.6429012072090582,0.3779644730092272
412,restarted,5,understand,0.03985157788592823,create,0.05,create,0.75,0.26249999999999996,0.03721588265603065,0.27509420042500704,0.02,0.0,0.48495850519510936,0.5
412,restarted,5,understand,0.08169573466615287,explore,0.05,explore,0.6,0.21,0.03525139002032331,0.15295970745216586,0.02,0.0,0.2665153628063363,0.4472135954999579
412,restarted,5,understand,0.03188126230874259,finish,0.05,finish,0.8,0.27999999999999997,0.03525139002032331,0.21223395459193264,0.02,0.0,0.44560408230351334,0.4472135954999579
412,restarted,5,understand,0.03985157788592823,connect,0.05,connect,0.75,0.26249999999999996,0.03721588265603065,0.07908114524791607,0.02,0.1,0.3889454500180185,0.5
412,restarted,6,understand,0.016323206302076208,understand,0.05,understand,0.875,0.30624999999999997,0.03176574282497637,0.3033709845587923,0.92,0.1,0.6750635210816924,0.35355339059327373
412,restarted,6,understand,0.03985157788592823,create,0.05,create,0.75,0.26249999999999996,0.03721588265603065,0.26427962392079074,0.02,0.0,0.4741439286908931,0.5
412,restarted,6,understand,0.08169573466615287,explore,0.05,explore,0.6,0.21,0.03525139002032331,0.1487224080666763,0.02,0.0,0.26227806342084675,0.4472135954999579
412,restarted,6,understand,0.03188126230874259,finish,0.05,finish,0.8,0.27999999999999997,0.03525139002032331,0.20480457457506215,0.02,0.0,0.4381747022866428,0.4472135954999579
412,restarted,6,understand,0.03985157788592823,connect,0.05,connect,0.75,0.26249999999999996,0.03721588265603065,0.07882240887867856,0.02,0.1,0.38868671364878093,0.5
412,restarted,7,understand,0.013058565041660966,understand,0.05,understand,0.8888888888888888,0.31111111111111106,0.03101323554669221,0.32672615817560446,0.92,0.1,0.7057919397917468,0.3333333333333333
412,restarted,7,understand,0.03985157788592823,create,0.05,create,0.75,0.26249999999999996,0.03721588265603065,0.25334948140267977,0.02,0.0,0.46321378617278214,0.5
412,restarted,7,understand,0.08169573466615287,explore,0.05,explore,0.6,0.21,0.03525139002032331,0.1443205240503072,0.02,0.0,0.25787617940447766,0.4472135954999579
412,restarted,7,understand,0.03188126230874259,finish,0.05,finish,0.8,0.27999999999999997,0.03525139002032331,0.19723439961642356,0.02,0.0,0.43060452732800425,0.4472135954999579
412,restarted,7,understand,0.03985157788592823,connect,0.05,connect,0.75,0.26249999999999996,0.03721588265603065,0.07836943675498505,0.02,0.1,0.3882337415250874,0.5
412,restarted,8,understand,0.010446852033328773,understand,0.05,understand,0.9,0.315,0.030376636760676687,0.35057782176554464,0.92,0.1,0.7355076064928925,0.31622776601683794
412,restarted,8,understand,0.03985157788592823,create,0.05,create,0.75,0.26249999999999996,0.03721588265603065,0.24235350550647264,0.02,0.0,0.4522178102765749,0.5
412,restarted,8,understand,0.08169573466615287,explore,0.05,explore,0.6,0.21,0.03525139002032331,0.13977806685637864,0.02,0.0,0.25333372221054906,0.4472135954999579
412,restarted,8,understand,0.03188126230874259,finish,0.05,finish,0.8,0.27999999999999997,0.03525139002032331,0.18955992415993073,0.02,0.0,0.42293005187151145,0.4472135954999579
412,restarted,8,understand,0.03985157788592823,connect,0.05,connect,0.75,0.26249999999999996,0.03721588265603065,0.07773068171167334,0.02,0.1,0.3875949864817757,0.5
412,restarted,9,understand,0.008357481626663018,understand,0.05,understand,0.9090909090909091,0.3181818181818182,0.0298289521472834,0.37479619417675614,0.92,0.1,0.7644494828791946,0.30151134457776363
412,restarted,9,understand,0.03985157788592823,create,0.05,create,0.75,0.26249999999999996,0.03721588265603065,0.23134468094473587,0.02,0.0,0.44120898571483824,0.5
412,restarted,9,understand,0.08169573466615287,explore,0.05,explore,0.6,0.21,0.03525139002032331,0.13512168502009417,0.02,0.0,0.2486773403742646,0.4472135954999579
412,restarted,9,understand,0.03188126230874259,finish,0.05,finish,0.8,0.27999999999999997,0.03525139002032331,0.18182057820037106,0.02,0.0,0.41519070591195173,0.4472135954999579
412,restarted,9,understand,0.03985157788592823,connect,0.05,connect,0.75,0.26249999999999996,0.03721588265603065,0.07691686165804285,0.02,0.1,0.3867811664281452,0.5
413,updated,0,explore,0.08719406184810027,understand,0.05,understand,0.75,0.26249999999999996,0.4703151933758406,0.1175296828807019,0.02,0.1,0.8131508144084421,0.5
413,updated,0,explore,0.08719406184810027,create,0.05,create,0.75,0.26249999999999996,0.4703151933758406,0.08186685101261167,0.02,0.0,0.6774879825403518,0.5
413,updated,0,explore,0.08719406184810027,explore,0.05,explore,0.75,0.26249999999999996,0.4703151933758406,0.3324577379933585,0.92,0.1,1.0280788695210985,0.5
413,updated,0,explore,0.08719406184810027,finish,0.05,finish,0.75,0.26249999999999996,0.4703151933758406,0.32773286363585374,0.02,0.1,1.023353995163594,0.5
413,updated,0,explore,0.08719406184810027,connect,0.05,connect,0.75,0.26249999999999996,0.4703151933758406,0.14041286447747428,0.02,0.0,0.7360339960052145,0.5
413,updated,1,finish,0.08719406184810027,understand,0.05,understand,0.75,0.26249999999999996,0.4703151933758406,0.12367829612990776,0.02,0.1,0.819299427657648,0.5
413,updated,1,finish,0.08719406184810027,create,0.05,create,0.75,0.26249999999999996,0.4703151933758406,0.08736349591494674,0.02,0.0,0.682984627442687,0.5
413,updated,1,finish,0.17874782678860557,explore,0.05,explore,0.6,0.21,0.4454889453357879,0.30425409621200344,0.02,0.1,0.8309952147591858,0.4472135954999579
413,updated,1,finish,0.08719406184810027,finish,0.05,finish,0.75,0.26249999999999996,0.4703151933758406,0.33772429623184685,0.92,0.1,1.033345427759587,0.5
413,updated,1,finish,0.08719406184810027,connect,0.05,connect,0.75,0.26249999999999996,0.4703151933758406,0.1469798155112951,0.02,0.0,0.7426009470390353,0.5
413,updated,2,finish,0.08719406184810027,understand,0.05,understand,0.75,0.26249999999999996,0.4703151933758406,0.12397080218811446,0.02,0.1,0.8195919337158546,0.5
413,updated,2,finish,0.08719406184810027,create,0.05,create,0.75,0.26249999999999996,0.4703151933758406,0.08874460770275522,0.02,0.0,0.6843657392304955,0.5
413,updated,2,finish,0.17874782678860557,explore,0.05,explore,0.6,0.21,0.4454889453357879,0.29913349660989574,0.02,0.1,0.825874615157078,0.4472135954999579
413,updated,2,finish,0.06975524947848022,finish,0.05,finish,0.8,0.27999999999999997,0.4454889453357879,0.3415772796278849,0.92,0.1,1.0473109754851926,0.4472135954999579
413,updated,2,finish,0.08719406184810027,connect,0.05,connect,0.75,0.26249999999999996,0.4703151933758406,0.1465738138713497,0.02,0.0,0.7421949453990899,0.5
413,updated,3,finish,0.08719406184810027,understand,0.05,understand,0.75,0.26249999999999996,0.4703151933758406,0.12424057432819127,0.02,0.1,0.8198617058559314,0.5
413,updated,3,finish,0.08719406184810027,create,0.05,create,0.75,0.26249999999999996,0.4703151933758406,0.09007432081077843,0.02,0.0,0.6856954523385187,0.5
413,updated,3,finish,0.17874782678860557,explore,0.05,explore,0.6,0.21,0.4454889453357879,0.2941326989769395,0.02,0.1,0.8208738175241218,0.4472135954999579
413,updated,3,finish,0.05580419958278419,finish,0.05,finish,0.8333333333333334,0.2916666666666667,0.42716297036278844,0.34538893472560384,0.92,0.1,1.0584143721722747,0.4082482904638631
413,updated,3,finish,0.08719406184810027,connect,0.05,connect,0.75,0.26249999999999996,0.4703151933758406,0.14616347115848696,0.02,0.0,0.7417846026862271,0.5
413,updated,4,finish,0.08719406184810027,understand,0.05,understand,0.75,0.26249999999999996,0.4703151933758406,0.124488386584889,0.02,0.1,0.8201095181126292,0.5
413,updated,4,finish,0.08719406184810027,create,0.05,create,0.75,0.26249999999999996,0.4703151933758406,0.0913539875834087,0.02,0.0,0.686975119111149,0.5
413,updated,4,finish,0.17874782678860557,explore,0.05,explore,0.6,0.21,0.4454889453357879,0.28924960169593106,0.02,0.1,0.8159907202431133,0.4472135954999579
413,updated,4,finish,0.04464335966622735,finish,0.05,finish,0.8571428571428571,0.3,0.41292003090045265,0.34915883380273083,0.92,0.1,1.067435505036956,0.3779644730092272
413,updated,4,finish,0.08719406184810027,connect,0.05,connect,0.75,0.26249999999999996,0.4703151933758406,0.1457491903330405,0.02,0.0,0.7413703218607807,0.5
413,updated,5,finish,0.08719406184810027,understand,0.05,understand,0.75,0.26249999999999996,0.4703151933758406,0.1247149995798185,0.02,0.1,0.8203361311075588,0.5
413,updated,5,finish,0.08719406184810027,create,0.05,create,0.75,0.26249999999999996,0.4703151933758406,0.09258494254181723,0.02,0.0,0.6882060740695575,0.5
413,updated,5,finish,0.17874782678860557,explore,0.05,explore,0.6,0.21,0.4454889453357879,0.2844821116657106,0.02,0.1,0.8112232302128929,0.4472135954999579
413,updated,5,finish,0.03571468773298188,finish,0.05,finish,0.875,0.30624999999999997,0.4014391279534799,0.3528865824407055,0.92,0.1,1.0748610226612034,0.35355339059327373
413,updated,5,finish,0.08719406184810027,connect,0.05,connect,0.75,0.26249999999999996,0.4703151933758406,0.14533136377194827,0.02,0.0,0.7409524952996885,0.5
413,updated,6,finish,0.08719406184810027,understand,0.05,understand,0.75,0.26249999999999996,0.4703151933758406,0.12492116031284825,0.02,0.1,0.8205422918405885,0.5
413,updated,6,finish,0.08719406184810027,create,0.05,create,0.75,0.26249999999999996,0.4703151933758406,0.09376850192337721,0.02,0.0,0.6893896334511175,0.5
413,updated,6,finish,0.17874782678860557,explore,0.05,explore,0.6,0.21,0.4454889453357879,0.2798281453455067,0.02,0.1,0.806569263892689,0.4472135954999579
413,updated,6,finish,0.028571750186385508,finish,0.05,finish,0.8888888888888888,0.31111111111111106,0.39192932781320045,0.35657181919643766,0.92,0.1,1.0810405079343637,0.3333333333333333
413,updated,6,finish,0.08719406184810027,connect,0.05,connect,0.75,0.26249999999999996,0.4703151933758406,0.1449103732218302,0.02,0.0,0.7405315047495704,0.5
413,updated,7,finish,0.08719406184810027,understand,0.05,understand,0.75,0.26249999999999996,0.4703151933758406,0.1251076019746289,0.02,0.1,0.8207287335023691,0.5
413,updated,7,finish,0.08719406184810027,create,0.05,create,0.75,0.26249999999999996,0.4703151933758406,0.09490596325117234,0.02,0.0,0.6905270947789125,0.5
413,updated,7,finish,0.17874782678860557,explore,0.05,explore,0.6,0.21,0.4454889453357879,0.27528562977586024,0.02,0.1,0.8020267483230424,0.4472135954999579
413,updated,7,finish,0.022857400149108406,finish,0.05,finish,0.9,0.315,0.38388431961293956,0.36021421523089364,0.92,0.1,1.086241134694725,0.31622776601683794
413,updated,7,finish,0.08719406184810027,connect,0.05,connect,0.75,0.26249999999999996,0.4703151933758406,0.1444865897674449,0.02,0.0,0.7401077212951851,0.5
413,updated,8,finish,0.08719406184810027,understand,0.05,understand,0.75,0.26249999999999996,0.4703151933758406,0.1252750437801055,0.02,0.1,0.8208961753078456,0.5
413,updated,8,finish,0.08719406184810027,create,0.05,create,0.75,0.26249999999999996,0.4703151933758406,0.09599860493380025,0.02,0.0,0.6916197364615405,0.5
413,updated,8,finish,0.17874782678860557,explore,0.05,explore,0.6,0.21,0.4454889453357879,0.27085250357425694,0.02,0.1,0.7975936221214391,0.4472135954999579
413,updated,8,finish,0.018285920119286724,finish,0.05,finish,0.9090909090909091,0.3181818181818182,0.3769629630180209,0.36381347389667534,0.92,0.1,1.0906723349772276,0.30151134457776363
413,updated,8,finish,0.08719406184810027,connect,0.05,connect,0.75,0.26249999999999996,0.4703151933758406,0.14406037381516204,0.02,0.0,0.7396815053429022,0.5
413,updated,9,finish,0.08719406184810027,understand,0.05,understand,0.75,0.26249999999999996,0.4703151933758406,0.12542419082282047,0.02,0.1,0.8210453223505607,0.5
413,updated,9,finish,0.08719406184810027,create,0.05,create,0.75,0.26249999999999996,0.4703151933758406,0.09704768589558022,0.02,0.0,0.6926688174233204,0.5
413,updated,9,finish,0.17874782678860557,explore,0.05,explore,0.6,0.21,0.4454889453357879,0.26652671790374644,0.02,0.1,0.7932678364509288,0.4472135954999579
413,updated,9,finish,0.014628736095429381,finish,0.05,finish,0.9166666666666666,0.3208333333333333,0.37092589843767654,0.3673693302867963,0.92,0.1,1.0944998259623768,0.2886751345948129
413,updated,9,finish,0.08719406184810027,connect,0.05,connect,0.75,0.26249999999999996,0.4703151933758406,0.14363207509105652,0.02,0.0,0.7392532066187968,0.5
413,frozen,0,explore,0.08719406184810027,understand,0.05,understand,0.75,0.26249999999999996,0.4703151933758406,0.1175296828807019,0.02,0.1,0.8131508144084421,0.5
413,frozen,0,explore,0.08719406184810027,create,0.05,create,0.75,0.26249999999999996,0.4703151933758406,0.08186685101261167,0.02,0.0,0.6774879825403518,0.5
413,frozen,0,explore,0.08719406184810027,explore,0.05,explore,0.75,0.26249999999999996,0.4703151933758406,0.3324577379933585,0.92,0.1,1.0280788695210985,0.5
413,frozen,0,explore,0.08719406184810027,finish,0.05,finish,0.75,0.26249999999999996,0.4703151933758406,0.32773286363585374,0.02,0.1,1.023353995163594,0.5
413,frozen,0,explore,0.08719406184810027,connect,0.05,connect,0.75,0.26249999999999996,0.4703151933758406,0.14041286447747428,0.02,0.0,0.7360339960052145,0.5
413,frozen,1,explore,0.08719406184810027,understand,0.05,understand,0.75,0.26249999999999996,0.4703151933758406,0.1175296828807019,0.02,0.1,0.8131508144084421,0.5
413,frozen,1,explore,0.08719406184810027,create,0.05,create,0.75,0.26249999999999996,0.4703151933758406,0.08186685101261167,0.02,0.0,0.6774879825403518,0.5
413,frozen,1,explore,0.08719406184810027,explore,0.05,explore,0.75,0.26249999999999996,0.4703151933758406,0.3324577379933585,0.92,0.1,1.0280788695210985,0.5
413,frozen,1,explore,0.08719406184810027,finish,0.05,finish,0.75,0.26249999999999996,0.4703151933758406,0.32773286363585374,0.02,0.1,1.023353995163594,0.5
413,frozen,1,explore,0.08719406184810027,connect,0.05,connect,0.75,0.26249999999999996,0.4703151933758406,0.14041286447747428,0.02,0.0,0.7360339960052145,0.5
413,frozen,2,explore,0.08719406184810027,understand,0.05,understand,0.75,0.26249999999999996,0.4703151933758406,0.1175296828807019,0.02,0.1,0.8131508144084421,0.5
413,frozen,2,explore,0.08719406184810027,create,0.05,create,0.75,0.26249999999999996,0.4703151933758406,0.08186685101261167,0.02,0.0,0.6774879825403518,0.5
413,frozen,2,explore,0.08719406184810027,explore,0.05,explore,0.75,0.26249999999999996,0.4703151933758406,0.3324577379933585,0.92,0.1,1.0280788695210985,0.5
413,frozen,2,explore,0.08719406184810027,finish,0.05,finish,0.75,0.26249999999999996,0.4703151933758406,0.32773286363585374,0.02,0.1,1.023353995163594,0.5
413,frozen,2,explore,0.08719406184810027,connect,0.05,connect,0.75,0.26249999999999996,0.4703151933758406,0.14041286447747428,0.02,0.0,0.7360339960052145,0.5
413,frozen,3,explore,0.08719406184810027,understand,0.05,understand,0.75,0.26249999999999996,0.4703151933758406,0.1175296828807019,0.02,0.1,0.8131508144084421,0.5
413,frozen,3,explore,0.08719406184810027,create,0.05,create,0.75,0.26249999999999996,0.4703151933758406,0.08186685101261167,0.02,0.0,0.6774879825403518,0.5
413,frozen,3,explore,0.08719406184810027,explore,0.05,explore,0.75,0.26249999999999996,0.4703151933758406,0.3324577379933585,0.92,0.1,1.0280788695210985,0.5
413,frozen,3,explore,0.08719406184810027,finish,0.05,finish,0.75,0.26249999999999996,0.4703151933758406,0.32773286363585374,0.02,0.1,1.023353995163594,0.5
413,frozen,3,explore,0.08719406184810027,connect,0.05,connect,0.75,0.26249999999999996,0.4703151933758406,0.14041286447747428,0.02,0.0,0.7360339960052145,0.5
413,frozen,4,explore,0.08719406184810027,understand,0.05,understand,0.75,0.26249999999999996,0.4703151933758406,0.1175296828807019,0.02,0.1,0.8131508144084421,0.5
413,frozen,4,explore,0.08719406184810027,create,0.05,create,0.75,0.26249999999999996,0.4703151933758406,0.08186685101261167,0.02,0.0,0.6774879825403518,0.5
413,frozen,4,explore,0.08719406184810027,explore,0.05,explore,0.75,0.26249999999999996,0.4703151933758406,0.3324577379933585,0.92,0.1,1.0280788695210985,0.5
413,frozen,4,explore,0.08719406184810027,finish,0.05,finish,0.75,0.26249999999999996,0.4703151933758406,0.32773286363585374,0.02,0.1,1.023353995163594,0.5
413,frozen,4,explore,0.08719406184810027,connect,0.05,connect,0.75,0.26249999999999996,0.4703151933758406,0.14041286447747428,0.02,0.0,0.7360339960052145,0.5
413,frozen,5,explore,0.08719406184810027,understand,0.05,understand,0.75,0.26249999999999996,0.4703151933758406,0.1175296828807019,0.02,0.1,0.8131508144084421,0.5
413,frozen,5,explore,0.08719406184810027,create,0.05,create,0.75,0.26249999999999996,0.4703151933758406,0.08186685101261167,0.02,0.0,0.6774879825403518,0.5
413,frozen,5,explore,0.08719406184810027,explore,0.05,explore,0.75,0.26249999999999996,0.4703151933758406,0.3324577379933585,0.92,0.1,1.0280788695210985,0.5
413,frozen,5,explore,0.08719406184810027,finish,0.05,finish,0.75,0.26249999999999996,0.4703151933758406,0.32773286363585374,0.02,0.1,1.023353995163594,0.5
413,frozen,5,explore,0.08719406184810027,connect,0.05,connect,0.75,0.26249999999999996,0.4703151933758406,0.14041286447747428,0.02,0.0,0.7360339960052145,0.5
413,frozen,6,explore,0.08719406184810027,understand,0.05,understand,0.75,0.26249999999999996,0.4703151933758406,0.1175296828807019,0.02,0.1,0.8131508144084421,0.5
413,frozen,6,explore,0.08719406184810027,create,0.05,create,0.75,0.26249999999999996,0.4703151933758406,0.08186685101261167,0.02,0.0,0.6774879825403518,0.5
413,frozen,6,explore,0.08719406184810027,explore,0.05,explore,0.75,0.26249999999999996,0.4703151933758406,0.3324577379933585,0.92,0.1,1.0280788695210985,0.5
413,frozen,6,explore,0.08719406184810027,finish,0.05,finish,0.75,0.26249999999999996,0.4703151933758406,0.32773286363585374,0.02,0.1,1.023353995163594,0.5
413,frozen,6,explore,0.08719406184810027,connect,0.05,connect,0.75,0.26249999999999996,0.4703151933758406,0.14041286447747428,0.02,0.0,0.7360339960052145,0.5
413,frozen,7,explore,0.08719406184810027,understand,0.05,understand,0.75,0.26249999999999996,0.4703151933758406,0.1175296828807019,0.02,0.1,0.8131508144084421,0.5
413,frozen,7,explore,0.08719406184810027,create,0.05,create,0.75,0.26249999999999996,0.4703151933758406,0.08186685101261167,0.02,0.0,0.6774879825403518,0.5
413,frozen,7,explore,0.08719406184810027,explore,0.05,explore,0.75,0.26249999999999996,0.4703151933758406,0.3324577379933585,0.92,0.1,1.0280788695210985,0.5
413,frozen,7,explore,0.08719406184810027,finish,0.05,finish,0.75,0.26249999999999996,0.4703151933758406,0.32773286363585374,0.02,0.1,1.023353995163594,0.5
413,frozen,7,explore,0.08719406184810027,connect,0.05,connect,0.75,0.26249999999999996,0.4703151933758406,0.14041286447747428,0.02,0.0,0.7360339960052145,0.5
413,frozen,8,explore,0.08719406184810027,understand,0.05,understand,0.75,0.26249999999999996,0.4703151933758406,0.1175296828807019,0.02,0.1,0.8131508144084421,0.5
413,frozen,8,explore,0.08719406184810027,create,0.05,create,0.75,0.26249999999999996,0.4703151933758406,0.08186685101261167,0.02,0.0,0.6774879825403518,0.5
413,frozen,8,explore,0.08719406184810027,explore,0.05,explore,0.75,0.26249999999999996,0.4703151933758406,0.3324577379933585,0.92,0.1,1.0280788695210985,0.5
413,frozen,8,explore,0.08719406184810027,finish,0.05,finish,0.75,0.26249999999999996,0.4703151933758406,0.32773286363585374,0.02,0.1,1.023353995163594,0.5
413,frozen,8,explore,0.08719406184810027,connect,0.05,connect,0.75,0.26249999999999996,0.4703151933758406,0.14041286447747428,0.02,0.0,0.7360339960052145,0.5
413,frozen,9,explore,0.08719406184810027,understand,0.05,understand,0.75,0.26249999999999996,0.4703151933758406,0.1175296828807019,0.02,0.1,0.8131508144084421,0.5
413,frozen,9,explore,0.08719406184810027,create,0.05,create,0.75,0.26249999999999996,0.4703151933758406,0.08186685101261167,0.02,0.0,0.6774879825403518,0.5
413,frozen,9,explore,0.08719406184810027,explore,0.05,explore,0.75,0.26249999999999996,0.4703151933758406,0.3324577379933585,0.92,0.1,1.0280788695210985,0.5
413,frozen,9,explore,0.08719406184810027,finish,0.05,finish,0.75,0.26249999999999996,0.4703151933758406,0.32773286363585374,0.02,0.1,1.023353995163594,0.5
413,frozen,9,explore,0.08719406184810027,connect,0.05,connect,0.75,0.26249999999999996,0.4703151933758406,0.14041286447747428,0.02,0.0,0.7360339960052145,0.5
413,neutral,0,explore,0.08719406184810027,understand,0.05,understand,0.75,0.26249999999999996,0.4703151933758406,0.2,0.32,0.1,0.8956211315277403,0.5
413,neutral,0,explore,0.08719406184810027,create,0.05,create,0.75,0.26249999999999996,0.4703151933758406,0.2,0.02,0.0,0.7956211315277403,0.5
413,neutral,0,explore,0.08719406184810027,explore,0.05,explore,0.75,0.26249999999999996,0.4703151933758406,0.2,0.32,0.1,0.8956211315277403,0.5
413,neutral,0,explore,0.08719406184810027,finish,0.05,finish,0.75,0.26249999999999996,0.4703151933758406,0.2,0.32,0.1,0.8956211315277403,0.5
413,neutral,0,explore,0.08719406184810027,connect,0.05,connect,0.75,0.26249999999999996,0.4703151933758406,0.2,0.02,0.0,0.7956211315277403,0.5
413,neutral,1,understand,0.08719406184810027,understand,0.05,understand,0.75,0.26249999999999996,0.4703151933758406,0.2,0.47000000000000003,0.1,0.8956211315277403,0.5
413,neutral,1,understand,0.08719406184810027,create,0.05,create,0.75,0.26249999999999996,0.4703151933758406,0.2,0.02,0.0,0.7956211315277403,0.5
413,neutral,1,understand,0.17874782678860557,explore,0.05,explore,0.6,0.21,0.4454889453357879,0.2,0.02,0.1,0.7267411185471823,0.4472135954999579
413,neutral,1,understand,0.08719406184810027,finish,0.05,finish,0.75,0.26249999999999996,0.4703151933758406,0.2,0.47000000000000003,0.1,0.8956211315277403,0.5
413,neutral,1,understand,0.08719406184810027,connect,0.05,connect,0.75,0.26249999999999996,0.4703151933758406,0.2,0.02,0.0,0.7956211315277403,0.5
413,neutral,2,understand,0.06975524947848022,understand,0.05,understand,0.8,0.27999999999999997,0.4454889453357879,0.2,0.92,0.1,0.9057336958573077,0.4472135954999579
413,neutral,2,understand,0.08719406184810027,create,0.05,create,0.75,0.26249999999999996,0.4703151933758406,0.2,0.02,0.0,0.7956211315277403,0.5
413,neutral,2,understand,0.17874782678860557,explore,0.05,explore,0.6,0.21,0.4454889453357879,0.2,0.02,0.1,0.7267411185471823,0.4472135954999579
413,neutral,2,understand,0.08719406184810027,finish,0.05,finish,0.75,0.26249999999999996,0.4703151933758406,0.2,0.02,0.1,0.8956211315277403,0.5
413,neutral,2,understand,0.08719406184810027,connect,0.05,connect,0.75,0.26249999999999996,0.4703151933758406,0.2,0.02,0.0,0.7956211315277403,0.5
413,neutral,3,understand,0.05580419958278419,understand,0.05,understand,0.8333333333333334,0.2916666666666667,0.42716297036278844,0.2,0.92,0.1,0.9130254374466709,0.4082482904638631
413,neutral,3,understand,0.08719406184810027,create,0.05,create,0.75,0.26249999999999996,0.4703151933758406,0.2,0.02,0.0,0.7956211315277403,0.5
413,neutral,3,understand,0.17874782678860557,explore,0.05,explore,0.6,0.21,0.4454889453357879,0.2,0.02,0.1,0.7267411185471823,0.4472135954999579
413,neutral,3,understand,0.08719406184810027,finish,0.05,finish,0.75,0.26249999999999996,0.4703151933758406,0.2,0.02,0.1,0.8956211315277403,0.5
413,neutral,3,understand,0.08719406184810027,connect,0.05,connect,0.75,0.26249999999999996,0.4703151933758406,0.2,0.02,0.0,0.7956211315277403,0.5
413,neutral,4,understand,0.04464335966622735,understand,0.05,understand,0.8571428571428571,0.3,0.41292003090045265,0.2,0.92,0.1,0.9182766712342252,0.3779644730092272
413,neutral,4,understand,0.08719406184810027,create,0.05,create,0.75,0.26249999999999996,0.4703151933758406,0.2,0.02,0.0,0.7956211315277403,0.5
413,neutral,4,understand,0.17874782678860557,explore,0.05,explore,0.6,0.21,0.4454889453357879,0.2,0.02,0.1,0.7267411185471823,0.4472135954999579
413,neutral,4,understand,0.08719406184810027,finish,0.05,finish,0.75,0.26249999999999996,0.4703151933758406,0.2,0.02,0.1,0.8956211315277403,0.5
413,neutral,4,understand,0.08719406184810027,connect,0.05,connect,0.75,0.26249999999999996,0.4703151933758406,0.2,0.02,0.0,0.7956211315277403,0.5
413,neutral,5,understand,0.03571468773298188,understand,0.05,understand,0.875,0.30624999999999997,0.4014391279534799,0.2,0.92,0.1,0.9219744402204979,0.35355339059327373
413,neutral,5,understand,0.08719406184810027,create,0.05,create,0.75,0.26249999999999996,0.4703151933758406,0.2,0.02,0.0,0.7956211315277403,0.5
413,neutral,5,understand,0.17874782678860557,explore,0.05,explore,0.6,0.21,0.4454889453357879,0.2,0.02,0.1,0.7267411185471823,0.4472135954999579
413,neutral,5,understand,0.08719406184810027,finish,0.05,finish,0.75,0.26249999999999996,0.4703151933758406,0.2,0.02,0.1,0.8956211315277403,0.5
413,neutral,5,understand,0.08719406184810027,connect,0.05,connect,0.75,0.26249999999999996,0.4703151933758406,0.2,0.02,0.0,0.7956211315277403,0.5
413,neutral,6,understand,0.028571750186385508,understand,0.05,understand,0.8888888888888888,0.31111111111111106,0.39192932781320045,0.2,0.92,0.1,0.924468688737926,0.3333333333333333
413,neutral,6,understand,0.08719406184810027,create,0.05,create,0.75,0.26249999999999996,0.4703151933758406,0.2,0.02,0.0,0.7956211315277403,0.5
413,neutral,6,understand,0.17874782678860557,explore,0.05,explore,0.6,0.21,0.4454889453357879,0.2,0.02,0.1,0.7267411185471823,0.4472135954999579
413,neutral,6,understand,0.08719406184810027,finish,0.05,finish,0.75,0.26249999999999996,0.4703151933758406,0.2,0.02,0.1,0.8956211315277403,0.5
413,neutral,6,understand,0.08719406184810027,connect,0.05,connect,0.75,0.26249999999999996,0.4703151933758406,0.2,0.02,0.0,0.7956211315277403,0.5
413,neutral,7,understand,0.022857400149108406,understand,0.05,understand,0.9,0.315,0.38388431961293956,0.2,0.92,0.1,0.9260269194638311,0.31622776601683794
413,neutral,7,understand,0.08719406184810027,create,0.05,create,0.75,0.26249999999999996,0.4703151933758406,0.2,0.02,0.0,0.7956211315277403,0.5
413,neutral,7,understand,0.17874782678860557,explore,0.05,explore,0.6,0.21,0.4454889453357879,0.2,0.02,0.1,0.7267411185471823,0.4472135954999579
413,neutral,7,understand,0.08719406184810027,finish,0.05,finish,0.75,0.26249999999999996,0.4703151933758406,0.2,0.02,0.1,0.8956211315277403,0.5
413,neutral,7,understand,0.08719406184810027,connect,0.05,connect,0.75,0.26249999999999996,0.4703151933758406,0.2,0.02,0.0,0.7956211315277403,0.5
413,neutral,8,understand,0.018285920119286724,understand,0.05,understand,0.9090909090909091,0.3181818181818182,0.3769629630180209,0.2,0.92,0.1,0.9268588610805523,0.30151134457776363
413,neutral,8,understand,0.08719406184810027,create,0.05,create,0.75,0.26249999999999996,0.4703151933758406,0.2,0.02,0.0,0.7956211315277403,0.5
413,neutral,8,understand,0.17874782678860557,explore,0.05,explore,0.6,0.21,0.4454889453357879,0.2,0.02,0.1,0.7267411185471823,0.4472135954999579
413,neutral,8,understand,0.08719406184810027,finish,0.05,finish,0.75,0.26249999999999996,0.4703151933758406,0.2,0.02,0.1,0.8956211315277403,0.5
413,neutral,8,understand,0.08719406184810027,connect,0.05,connect,0.75,0.26249999999999996,0.4703151933758406,0.2,0.02,0.0,0.7956211315277403,0.5
413,neutral,9,understand,0.014628736095429381,understand,0.05,understand,0.9166666666666666,0.3208333333333333,0.37092589843767654,0.2,0.92,0.1,0.9271304956755804,0.2886751345948129
413,neutral,9,understand,0.08719406184810027,create,0.05,create,0.75,0.26249999999999996,0.4703151933758406,0.2,0.02,0.0,0.7956211315277403,0.5
413,neutral,9,understand,0.17874782678860557,explore,0.05,explore,0.6,0.21,0.4454889453357879,0.2,0.02,0.1,0.7267411185471823,0.4472135954999579
413,neutral,9,understand,0.08719406184810027,finish,0.05,finish,0.75,0.26249999999999996,0.4703151933758406,0.2,0.02,0.1,0.8956211315277403,0.5
413,neutral,9,understand,0.08719406184810027,connect,0.05,connect,0.75,0.26249999999999996,0.4703151933758406,0.2,0.02,0.0,0.7956211315277403,0.5
413,no-aversion,0,explore,0.0,understand,0.05,understand,0.75,0.26249999999999996,0.4703151933758406,0.1175296828807019,0.02,0.1,0.9003448762565424,0.5
413,no-aversion,0,explore,0.0,create,0.05,create,0.75,0.26249999999999996,0.4703151933758406,0.08186685101261167,0.02,0.0,0.7646820443884521,0.5
413,no-aversion,0,explore,0.0,explore,0.05,explore,0.75,0.26249999999999996,0.4703151933758406,0.3324577379933585,0.92,0.1,1.115272931369199,0.5
413,no-aversion,0,explore,0.0,finish,0.05,finish,0.75,0.26249999999999996,0.4703151933758406,0.32773286363585374,0.02,0.1,1.1105480570116943,0.5
413,no-aversion,0,explore,0.0,connect,0.05,connect,0.75,0.26249999999999996,0.4703151933758406,0.14041286447747428,0.02,0.0,0.8232280578533148,0.5
413,no-aversion,1,finish,0.0,understand,0.05,understand,0.75,0.26249999999999996,0.4703151933758406,0.12367829612990776,0.02,0.1,0.9064934895057483,0.5
413,no-aversion,1,finish,0.0,create,0.05,create,0.75,0.26249999999999996,0.4703151933758406,0.08736349591494674,0.02,0.0,0.7701786892907873,0.5
413,no-aversion,1,finish,0.0,explore,0.05,explore,0.6,0.21,0.4454889453357879,0.30425409621200344,0.02,0.1,1.0097430415477915,0.4472135954999579
413,no-aversion,1,finish,0.0,finish,0.05,finish,0.75,0.26249999999999996,0.4703151933758406,0.33772429623184685,0.92,0.1,1.1205394896076875,0.5
413,no-aversion,1,finish,0.0,connect,0.05,connect,0.75,0.26249999999999996,0.4703151933758406,0.1469798155112951,0.02,0.0,0.8297950088871356,0.5
413,no-aversion,2,finish,0.0,understand,0.05,understand,0.75,0.26249999999999996,0.4703151933758406,0.12397080218811446,0.02,0.1,0.9067859955639549,0.5
413,no-aversion,2,finish,0.0,create,0.05,create,0.75,0.26249999999999996,0.4703151933758406,0.08874460770275522,0.02,0.0,0.7715598010785958,0.5
413,no-aversion,2,finish,0.0,explore,0.05,explore,0.6,0.21,0.4454889453357879,0.29913349660989574,0.02,0.1,1.0046224419456837,0.4472135954999579
413,no-aversion,2,finish,0.0,finish,0.05,finish,0.8,0.27999999999999997,0.4454889453357879,0.3415772796278849,0.92,0.1,1.117066224963673,0.4472135954999579
413,no-aversion,2,finish,0.0,connect,0.05,connect,0.75,0.26249999999999996,0.4703151933758406,0.1465738138713497,0.02,0.0,0.8293890072471902,0.5
413,no-aversion,3,finish,0.0,understand,0.05,understand,0.75,0.26249999999999996,0.4703151933758406,0.12424057432819127,0.02,0.1,0.9070557677040317,0.5
413,no-aversion,3,finish,0.0,create,0.05,create,0.75,0.26249999999999996,0.4703151933758406,0.09007432081077843,0.02,0.0,0.772889514186619,0.5
413,no-aversion,3,finish,0.0,explore,0.05,explore,0.6,0.21,0.4454889453357879,0.2941326989769395,0.02,0.1,0.9996216443127274,0.4472135954999579
413,no-aversion,3,finish,0.0,finish,0.05,finish,0.8333333333333334,0.2916666666666667,0.42716297036278844,0.34538893472560384,0.92,0.1,1.114218571755059,0.4082482904638631
413,no-aversion,3,finish,0.0,connect,0.05,connect,0.75,0.26249999999999996,0.4703151933758406,0.14616347115848696,0.02,0.0,0.8289786645343274,0.5
413,no-aversion,4,finish,0.0,understand,0.05,understand,0.75,0.26249999999999996,0.4703151933758406,0.124488386584889,0.02,0.1,0.9073035799607295,0.5
413,no-aversion,4,finish,0.0,create,0.05,create,0.75,0.26249999999999996,0.4703151933758406,0.0913539875834087,0.02,0.0,0.7741691809592492,0.5
413,no-aversion,4,finish,0.0,explore,0.05,explore,0.6,0.21,0.4454889453357879,0.28924960169593106,0.02,0.1,0.9947385470317188,0.4472135954999579
413,no-aversion,4,finish,0.0,finish,0.05,finish,0.8571428571428571,0.3,0.41292003090045265,0.34915883380273083,0.92,0.1,1.1120788647031834,0.3779644730092272
413,no-aversion,4,finish,0.0,connect,0.05,connect,0.75,0.26249999999999996,0.4703151933758406,0.1457491903330405,0.02,0.0,0.828564383708881,0.5
413,no-aversion,5,finish,0.0,understand,0.05,understand,0.75,0.26249999999999996,0.4703151933758406,0.1247149995798185,0.02,0.1,0.9075301929556591,0.5
413,no-aversion,5,finish,0.0,create,0.05,create,0.75,0.26249999999999996,0.4703151933758406,0.09258494254181723,0.02,0.0,0.7754001359176578,0.5
413,no-aversion,5,finish,0.0,explore,0.05,explore,0.6,0.21,0.4454889453357879,0.2844821116657106,0.02,0.1,0.9899710570014985,0.4472135954999579
413,no-aversion,5,finish,0.0,finish,0.05,finish,0.875,0.30624999999999997,0.4014391279534799,0.3528865824407055,0.92,0.1,1.1105757103941853,0.35355339059327373
413,no-aversion,5,finish,0.0,connect,0.05,connect,0.75,0.26249999999999996,0.4703151933758406,0.14533136377194827,0.02,0.0,0.8281465571477888,0.5
413,no-aversion,6,finish,0.0,understand,0.05,understand,0.75,0.26249999999999996,0.4703151933758406,0.12492116031284825,0.02,0.1,0.9077363536886888,0.5
413,no-aversion,6,finish,0.0,create,0.05,create,0.75,0.26249999999999996,0.4703151933758406,0.09376850192337721,0.02,0.0,0.7765836952992178,0.5
413,no-aversion,6,finish,0.0,explore,0.05,explore,0.6,0.21,0.4454889453357879,0.2798281453455067,0.02,0.1,0.9853170906812946,0.4472135954999579
413,no-aversion,6,finish,0.0,finish,0.05,finish,0.8888888888888888,0.31111111111111106,0.39192932781320045,0.35657181919643766,0.92,0.1,1.1096122581207493,0.3333333333333333
413,no-aversion,6,finish,0.0,connect,0.05,connect,0.75,0.26249999999999996,0.4703151933758406,0.1449103732218302,0.02,0.0,0.8277255665976707,0.5
413,no-aversion,7,finish,0.0,understand,0.05,understand,0.75,0.26249999999999996,0.4703151933758406,0.1251076019746289,0.02,0.1,0.9079227953504694,0.5
413,no-aversion,7,finish,0.0,create,0.05,create,0.75,0.26249999999999996,0.4703151933758406,0.09490596325117234,0.02,0.0,0.7777211566270128,0.5
413,no-aversion,7,finish,0.0,explore,0.05,explore,0.6,0.21,0.4454889453357879,0.27528562977586024,0.02,0.1,0.980774575111648,0.4472135954999579
413,no-aversion,7,finish,0.0,finish,0.05,finish,0.9,0.315,0.38388431961293956,0.36021421523089364,0.92,0.1,1.1090985348438334,0.31622776601683794
413,no-aversion,7,finish,0.0,connect,0.05,connect,0.75,0.26249999999999996,0.4703151933758406,0.1444865897674449,0.02,0.0,0.8273017831432854,0.5
413,no-aversion,8,finish,0.0,understand,0.05,understand,0.75,0.26249999999999996,0.4703151933758406,0.1252750437801055,0.02,0.1,0.908090237155946,0.5
413,no-aversion,8,finish,0.0,create,0.05,create,0.75,0.26249999999999996,0.4703151933758406,0.09599860493380025,0.02,0.0,0.7788137983096408,0.5
413,no-aversion,8,finish,0.0,explore,0.05,explore,0.6,0.21,0.4454889453357879,0.27085250357425694,0.02,0.1,0.9763414489100447,0.4472135954999579
413,no-aversion,8,finish,0.0,finish,0.05,finish,0.9090909090909091,0.3181818181818182,0.3769629630180209,0.36381347389667534,0.92,0.1,1.1089582550965145,0.30151134457776363
413,no-aversion,8,finish,0.0,connect,0.05,connect,0.75,0.26249999999999996,0.4703151933758406,0.14406037381516204,0.02,0.0,0.8268755671910025,0.5
413,no-aversion,9,finish,0.0,understand,0.05,understand,0.75,0.26249999999999996,0.4703151933758406,0.12542419082282047,0.02,0.1,0.908239384198661,0.5
413,no-aversion,9,finish,0.0,create,0.05,create,0.75,0.26249999999999996,0.4703151933758406,0.09704768589558022,0.02,0.0,0.7798628792714207,0.5
413,no-aversion,9,finish,0.0,explore,0.05,explore,0.6,0.21,0.4454889453357879,0.26652671790374644,0.02,0.1,0.9720156632395344,0.4472135954999579
413,no-aversion,9,finish,0.0,finish,0.05,finish,0.9166666666666666,0.3208333333333333,0.37092589843767654,0.3673693302867963,0.92,0.1,1.1091285620578062,0.2886751345948129
413,no-aversion,9,finish,0.0,connect,0.05,connect,0.75,0.26249999999999996,0.4703151933758406,0.14363207509105652,0.02,0.0,0.8264472684668971,0.5
413,no-dream,0,explore,0.08719406184810027,understand,0.05,understand,0.75,0.26249999999999996,0.4703151933758406,0.1175296828807019,0.02,0.1,0.8131508144084421,0.5
413,no-dream,0,explore,0.08719406184810027,create,0.05,create,0.75,0.26249999999999996,0.4703151933758406,0.08186685101261167,0.02,0.0,0.6774879825403518,0.5
413,no-dream,0,explore,0.08719406184810027,explore,0.05,explore,0.75,0.26249999999999996,0.4703151933758406,0.3324577379933585,0.92,0.1,1.0280788695210985,0.5
413,no-dream,0,explore,0.08719406184810027,finish,0.05,finish,0.75,0.26249999999999996,0.4703151933758406,0.32773286363585374,0.02,0.1,1.023353995163594,0.5
413,no-dream,0,explore,0.08719406184810027,connect,0.05,connect,0.75,0.26249999999999996,0.4703151933758406,0.14041286447747428,0.02,0.0,0.7360339960052145,0.5
413,no-dream,1,finish,0.08719406184810027,understand,0.05,understand,0.75,0.26249999999999996,0.4703151933758406,0.12367829612990776,0.02,0.1,0.819299427657648,0.5
413,no-dream,1,finish,0.08719406184810027,create,0.05,create,0.75,0.26249999999999996,0.4703151933758406,0.08736349591494674,0.02,0.0,0.682984627442687,0.5
413,no-dream,1,finish,0.17874782678860557,explore,0.05,explore,0.6,0.21,0.4454889453357879,0.30425409621200344,0.02,0.1,0.8309952147591858,0.4472135954999579
413,no-dream,1,finish,0.08719406184810027,finish,0.05,finish,0.75,0.26249999999999996,0.4703151933758406,0.33772429623184685,0.92,0.1,1.033345427759587,0.5
413,no-dream,1,finish,0.08719406184810027,connect,0.05,connect,0.75,0.26249999999999996,0.4703151933758406,0.1469798155112951,0.02,0.0,0.7426009470390353,0.5
413,no-dream,2,finish,0.08719406184810027,understand,0.05,understand,0.75,0.26249999999999996,0.4703151933758406,0.12397080218811446,0.02,0.1,0.8195919337158546,0.5
413,no-dream,2,finish,0.08719406184810027,create,0.05,create,0.75,0.26249999999999996,0.4703151933758406,0.08874460770275522,0.02,0.0,0.6843657392304955,0.5
413,no-dream,2,finish,0.17874782678860557,explore,0.05,explore,0.6,0.21,0.4454889453357879,0.29913349660989574,0.02,0.1,0.825874615157078,0.4472135954999579
413,no-dream,2,finish,0.06975524947848022,finish,0.05,finish,0.8,0.27999999999999997,0.4454889453357879,0.3415772796278849,0.92,0.1,1.0473109754851926,0.4472135954999579
413,no-dream,2,finish,0.08719406184810027,connect,0.05,connect,0.75,0.26249999999999996,0.4703151933758406,0.1465738138713497,0.02,0.0,0.7421949453990899,0.5
413,no-dream,3,finish,0.08719406184810027,understand,0.05,understand,0.75,0.26249999999999996,0.4703151933758406,0.12424057432819127,0.02,0.1,0.8198617058559314,0.5
413,no-dream,3,finish,0.08719406184810027,create,0.05,create,0.75,0.26249999999999996,0.4703151933758406,0.09007432081077843,0.02,0.0,0.6856954523385187,0.5
413,no-dream,3,finish,0.17874782678860557,explore,0.05,explore,0.6,0.21,0.4454889453357879,0.2941326989769395,0.02,0.1,0.8208738175241218,0.4472135954999579
413,no-dream,3,finish,0.05580419958278419,finish,0.05,finish,0.8333333333333334,0.2916666666666667,0.42716297036278844,0.34538893472560384,0.92,0.1,1.0584143721722747,0.4082482904638631
413,no-dream,3,finish,0.08719406184810027,connect,0.05,connect,0.75,0.26249999999999996,0.4703151933758406,0.14616347115848696,0.02,0.0,0.7417846026862271,0.5
413,no-dream,4,finish,0.08719406184810027,understand,0.05,understand,0.75,0.26249999999999996,0.4703151933758406,0.124488386584889,0.02,0.1,0.8201095181126292,0.5
413,no-dream,4,finish,0.08719406184810027,create,0.05,create,0.75,0.26249999999999996,0.4703151933758406,0.0913539875834087,0.02,0.0,0.686975119111149,0.5
413,no-dream,4,finish,0.17874782678860557,explore,0.05,explore,0.6,0.21,0.4454889453357879,0.28924960169593106,0.02,0.1,0.8159907202431133,0.4472135954999579
413,no-dream,4,finish,0.04464335966622735,finish,0.05,finish,0.8571428571428571,0.3,0.41292003090045265,0.34915883380273083,0.92,0.1,1.067435505036956,0.3779644730092272
413,no-dream,4,finish,0.08719406184810027,connect,0.05,connect,0.75,0.26249999999999996,0.4703151933758406,0.1457491903330405,0.02,0.0,0.7413703218607807,0.5
413,no-dream,5,finish,0.08719406184810027,understand,0.05,understand,0.75,0.26249999999999996,0.4703151933758406,0.1247149995798185,0.02,0.1,0.8203361311075588,0.5
413,no-dream,5,finish,0.08719406184810027,create,0.05,create,0.75,0.26249999999999996,0.4703151933758406,0.09258494254181723,0.02,0.0,0.6882060740695575,0.5
413,no-dream,5,finish,0.17874782678860557,explore,0.05,explore,0.6,0.21,0.4454889453357879,0.2844821116657106,0.02,0.1,0.8112232302128929,0.4472135954999579
413,no-dream,5,finish,0.03571468773298188,finish,0.05,finish,0.875,0.30624999999999997,0.4014391279534799,0.3528865824407055,0.92,0.1,1.0748610226612034,0.35355339059327373
413,no-dream,5,finish,0.08719406184810027,connect,0.05,connect,0.75,0.26249999999999996,0.4703151933758406,0.14533136377194827,0.02,0.0,0.7409524952996885,0.5
413,no-dream,6,finish,0.08719406184810027,understand,0.05,understand,0.75,0.26249999999999996,0.4703151933758406,0.12492116031284825,0.02,0.1,0.8205422918405885,0.5
413,no-dream,6,finish,0.08719406184810027,create,0.05,create,0.75,0.26249999999999996,0.4703151933758406,0.09376850192337721,0.02,0.0,0.6893896334511175,0.5
413,no-dream,6,finish,0.17874782678860557,explore,0.05,explore,0.6,0.21,0.4454889453357879,0.2798281453455067,0.02,0.1,0.806569263892689,0.4472135954999579
413,no-dream,6,finish,0.028571750186385508,finish,0.05,finish,0.8888888888888888,0.31111111111111106,0.39192932781320045,0.35657181919643766,0.92,0.1,1.0810405079343637,0.3333333333333333
413,no-dream,6,finish,0.08719406184810027,connect,0.05,connect,0.75,0.26249999999999996,0.4703151933758406,0.1449103732218302,0.02,0.0,0.7405315047495704,0.5
413,no-dream,7,finish,0.08719406184810027,understand,0.05,understand,0.75,0.26249999999999996,0.4703151933758406,0.1251076019746289,0.02,0.1,0.8207287335023691,0.5
413,no-dream,7,finish,0.08719406184810027,create,0.05,create,0.75,0.26249999999999996,0.4703151933758406,0.09490596325117234,0.02,0.0,0.6905270947789125,0.5
413,no-dream,7,finish,0.17874782678860557,explore,0.05,explore,0.6,0.21,0.4454889453357879,0.27528562977586024,0.02,0.1,0.8020267483230424,0.4472135954999579
413,no-dream,7,finish,0.022857400149108406,finish,0.05,finish,0.9,0.315,0.38388431961293956,0.36021421523089364,0.92,0.1,1.086241134694725,0.31622776601683794
413,no-dream,7,finish,0.08719406184810027,connect,0.05,connect,0.75,0.26249999999999996,0.4703151933758406,0.1444865897674449,0.02,0.0,0.7401077212951851,0.5
413,no-dream,8,finish,0.08719406184810027,understand,0.05,understand,0.75,0.26249999999999996,0.4703151933758406,0.1252750437801055,0.02,0.1,0.8208961753078456,0.5
413,no-dream,8,finish,0.08719406184810027,create,0.05,create,0.75,0.26249999999999996,0.4703151933758406,0.09599860493380025,0.02,0.0,0.6916197364615405,0.5
413,no-dream,8,finish,0.17874782678860557,explore,0.05,explore,0.6,0.21,0.4454889453357879,0.27085250357425694,0.02,0.1,0.7975936221214391,0.4472135954999579
413,no-dream,8,finish,0.018285920119286724,finish,0.05,finish,0.9090909090909091,0.3181818181818182,0.3769629630180209,0.36381347389667534,0.92,0.1,1.0906723349772276,0.30151134457776363
413,no-dream,8,finish,0.08719406184810027,connect,0.05,connect,0.75,0.26249999999999996,0.4703151933758406,0.14406037381516204,0.02,0.0,0.7396815053429022,0.5
413,no-dream,9,finish,0.08719406184810027,understand,0.05,understand,0.75,0.26249999999999996,0.4703151933758406,0.12542419082282047,0.02,0.1,0.8210453223505607,0.5
413,no-dream,9,finish,0.08719406184810027,create,0.05,create,0.75,0.26249999999999996,0.4703151933758406,0.09704768589558022,0.02,0.0,0.6926688174233204,0.5
413,no-dream,9,finish,0.17874782678860557,explore,0.05,explore,0.6,0.21,0.4454889453357879,0.26652671790374644,0.02,0.1,0.7932678364509288,0.4472135954999579
413,no-dream,9,finish,0.014628736095429381,finish,0.05,finish,0.9166666666666666,0.3208333333333333,0.37092589843767654,0.3673693302867963,0.92,0.1,1.0944998259623768,0.2886751345948129
413,no-dream,9,finish,0.08719406184810027,connect,0.05,connect,0.75,0.26249999999999996,0.4703151933758406,0.14363207509105652,0.02,0.0,0.7392532066187968,0.5
413,restarted,0,explore,0.08719406184810027,understand,0.05,understand,0.75,0.26249999999999996,0.4703151933758406,0.1175296828807019,0.02,0.1,0.8131508144084421,0.5
413,restarted,0,explore,0.08719406184810027,create,0.05,create,0.75,0.26249999999999996,0.4703151933758406,0.08186685101261167,0.02,0.0,0.6774879825403518,0.5
413,restarted,0,explore,0.08719406184810027,explore,0.05,explore,0.75,0.26249999999999996,0.4703151933758406,0.3324577379933585,0.92,0.1,1.0280788695210985,0.5
413,restarted,0,explore,0.08719406184810027,finish,0.05,finish,0.75,0.26249999999999996,0.4703151933758406,0.32773286363585374,0.02,0.1,1.023353995163594,0.5
413,restarted,0,explore,0.08719406184810027,connect,0.05,connect,0.75,0.26249999999999996,0.4703151933758406,0.14041286447747428,0.02,0.0,0.7360339960052145,0.5
413,restarted,1,finish,0.08719406184810027,understand,0.05,understand,0.75,0.26249999999999996,0.4703151933758406,0.12367829612990776,0.02,0.1,0.819299427657648,0.5
413,restarted,1,finish,0.08719406184810027,create,0.05,create,0.75,0.26249999999999996,0.4703151933758406,0.08736349591494674,0.02,0.0,0.682984627442687,0.5
413,restarted,1,finish,0.17874782678860557,explore,0.05,explore,0.6,0.21,0.4454889453357879,0.30425409621200344,0.02,0.1,0.8309952147591858,0.4472135954999579
413,restarted,1,finish,0.08719406184810027,finish,0.05,finish,0.75,0.26249999999999996,0.4703151933758406,0.33772429623184685,0.92,0.1,1.033345427759587,0.5
413,restarted,1,finish,0.08719406184810027,connect,0.05,connect,0.75,0.26249999999999996,0.4703151933758406,0.1469798155112951,0.02,0.0,0.7426009470390353,0.5
413,restarted,2,finish,0.08719406184810027,understand,0.05,understand,0.75,0.26249999999999996,0.4703151933758406,0.12397080218811446,0.02,0.1,0.8195919337158546,0.5
413,restarted,2,finish,0.08719406184810027,create,0.05,create,0.75,0.26249999999999996,0.4703151933758406,0.08874460770275522,0.02,0.0,0.6843657392304955,0.5
413,restarted,2,finish,0.17874782678860557,explore,0.05,explore,0.6,0.21,0.4454889453357879,0.29913349660989574,0.02,0.1,0.825874615157078,0.4472135954999579
413,restarted,2,finish,0.06975524947848022,finish,0.05,finish,0.8,0.27999999999999997,0.4454889453357879,0.3415772796278849,0.92,0.1,1.0473109754851926,0.4472135954999579
413,restarted,2,finish,0.08719406184810027,connect,0.05,connect,0.75,0.26249999999999996,0.4703151933758406,0.1465738138713497,0.02,0.0,0.7421949453990899,0.5
413,restarted,3,finish,0.08719406184810027,understand,0.05,understand,0.75,0.26249999999999996,0.4703151933758406,0.12424057432819127,0.02,0.1,0.8198617058559314,0.5
413,restarted,3,finish,0.08719406184810027,create,0.05,create,0.75,0.26249999999999996,0.4703151933758406,0.09007432081077843,0.02,0.0,0.6856954523385187,0.5
413,restarted,3,finish,0.17874782678860557,explore,0.05,explore,0.6,0.21,0.4454889453357879,0.2941326989769395,0.02,0.1,0.8208738175241218,0.4472135954999579
413,restarted,3,finish,0.05580419958278419,finish,0.05,finish,0.8333333333333334,0.2916666666666667,0.42716297036278844,0.34538893472560384,0.92,0.1,1.0584143721722747,0.4082482904638631
413,restarted,3,finish,0.08719406184810027,connect,0.05,connect,0.75,0.26249999999999996,0.4703151933758406,0.14616347115848696,0.02,0.0,0.7417846026862271,0.5
413,restarted,4,finish,0.08719406184810027,understand,0.05,understand,0.75,0.26249999999999996,0.4703151933758406,0.124488386584889,0.02,0.1,0.8201095181126292,0.5
413,restarted,4,finish,0.08719406184810027,create,0.05,create,0.75,0.26249999999999996,0.4703151933758406,0.0913539875834087,0.02,0.0,0.686975119111149,0.5
413,restarted,4,finish,0.17874782678860557,explore,0.05,explore,0.6,0.21,0.4454889453357879,0.28924960169593106,0.02,0.1,0.8159907202431133,0.4472135954999579
413,restarted,4,finish,0.04464335966622735,finish,0.05,finish,0.8571428571428571,0.3,0.41292003090045265,0.34915883380273083,0.92,0.1,1.067435505036956,0.3779644730092272
413,restarted,4,finish,0.08719406184810027,connect,0.05,connect,0.75,0.26249999999999996,0.4703151933758406,0.1457491903330405,0.02,0.0,0.7413703218607807,0.5
413,restarted,5,finish,0.08719406184810027,understand,0.05,understand,0.75,0.26249999999999996,0.4703151933758406,0.1247149995798185,0.02,0.1,0.8203361311075588,0.5
413,restarted,5,finish,0.08719406184810027,create,0.05,create,0.75,0.26249999999999996,0.4703151933758406,0.09258494254181723,0.02,0.0,0.6882060740695575,0.5
413,restarted,5,finish,0.17874782678860557,explore,0.05,explore,0.6,0.21,0.4454889453357879,0.2844821116657106,0.02,0.1,0.8112232302128929,0.4472135954999579
413,restarted,5,finish,0.03571468773298188,finish,0.05,finish,0.875,0.30624999999999997,0.4014391279534799,0.3528865824407055,0.92,0.1,1.0748610226612034,0.35355339059327373
413,restarted,5,finish,0.08719406184810027,connect,0.05,connect,0.75,0.26249999999999996,0.4703151933758406,0.14533136377194827,0.02,0.0,0.7409524952996885,0.5
413,restarted,6,finish,0.08719406184810027,understand,0.05,understand,0.75,0.26249999999999996,0.4703151933758406,0.12492116031284825,0.02,0.1,0.8205422918405885,0.5
413,restarted,6,finish,0.08719406184810027,create,0.05,create,0.75,0.26249999999999996,0.4703151933758406,0.09376850192337721,0.02,0.0,0.6893896334511175,0.5
413,restarted,6,finish,0.17874782678860557,explore,0.05,explore,0.6,0.21,0.4454889453357879,0.2798281453455067,0.02,0.1,0.806569263892689,0.4472135954999579
413,restarted,6,finish,0.028571750186385508,finish,0.05,finish,0.8888888888888888,0.31111111111111106,0.39192932781320045,0.35657181919643766,0.92,0.1,1.0810405079343637,0.3333333333333333
413,restarted,6,finish,0.08719406184810027,connect,0.05,connect,0.75,0.26249999999999996,0.4703151933758406,0.1449103732218302,0.02,0.0,0.7405315047495704,0.5
413,restarted,7,finish,0.08719406184810027,understand,0.05,understand,0.75,0.26249999999999996,0.4703151933758406,0.1251076019746289,0.02,0.1,0.8207287335023691,0.5
413,restarted,7,finish,0.08719406184810027,create,0.05,create,0.75,0.26249999999999996,0.4703151933758406,0.09490596325117234,0.02,0.0,0.6905270947789125,0.5
413,restarted,7,finish,0.17874782678860557,explore,0.05,explore,0.6,0.21,0.4454889453357879,0.27528562977586024,0.02,0.1,0.8020267483230424,0.4472135954999579
413,restarted,7,finish,0.022857400149108406,finish,0.05,finish,0.9,0.315,0.38388431961293956,0.36021421523089364,0.92,0.1,1.086241134694725,0.31622776601683794
413,restarted,7,finish,0.08719406184810027,connect,0.05,connect,0.75,0.26249999999999996,0.4703151933758406,0.1444865897674449,0.02,0.0,0.7401077212951851,0.5
413,restarted,8,finish,0.08719406184810027,understand,0.05,understand,0.75,0.26249999999999996,0.4703151933758406,0.1252750437801055,0.02,0.1,0.8208961753078456,0.5
413,restarted,8,finish,0.08719406184810027,create,0.05,create,0.75,0.26249999999999996,0.4703151933758406,0.09599860493380025,0.02,0.0,0.6916197364615405,0.5
413,restarted,8,finish,0.17874782678860557,explore,0.05,explore,0.6,0.21,0.4454889453357879,0.27085250357425694,0.02,0.1,0.7975936221214391,0.4472135954999579
413,restarted,8,finish,0.018285920119286724,finish,0.05,finish,0.9090909090909091,0.3181818181818182,0.3769629630180209,0.36381347389667534,0.92,0.1,1.0906723349772276,0.30151134457776363
413,restarted,8,finish,0.08719406184810027,connect,0.05,connect,0.75,0.26249999999999996,0.4703151933758406,0.14406037381516204,0.02,0.0,0.7396815053429022,0.5
413,restarted,9,finish,0.08719406184810027,understand,0.05,understand,0.75,0.26249999999999996,0.4703151933758406,0.12542419082282047,0.02,0.1,0.8210453223505607,0.5
413,restarted,9,finish,0.08719406184810027,create,0.05,create,0.75,0.26249999999999996,0.4703151933758406,0.09704768589558022,0.02,0.0,0.6926688174233204,0.5
413,restarted,9,finish,0.17874782678860557,explore,0.05,explore,0.6,0.21,0.4454889453357879,0.26652671790374644,0.02,0.1,0.7932678364509288,0.4472135954999579
413,restarted,9,finish,0.014628736095429381,finish,0.05,finish,0.9166666666666666,0.3208333333333333,0.37092589843767654,0.3673693302867963,0.92,0.1,1.0944998259623768,0.2886751345948129
413,restarted,9,finish,0.08719406184810027,connect,0.05,connect,0.75,0.26249999999999996,0.4703151933758406,0.14363207509105652,0.02,0.0,0.7392532066187968,0.5
414,updated,0,explore,0.14411771832846515,understand,0.05,understand,0.75,0.26249999999999996,0.10998009526209318,0.06000625360987007,0.02,0.1,0.3383686305434981,0.5
414,updated,0,explore,0.14411771832846515,create,0.05,create,0.75,0.26249999999999996,0.10998009526209318,0.2139476656919925,0.02,0.1,0.4923100426256205,0.5
414,updated,0,explore,0.14411771832846515,explore,0.05,explore,0.75,0.26249999999999996,0.10998009526209318,0.4065558257775542,0.92,0.1,0.6849182027111821,0.5
414,updated,0,explore,0.14411771832846515,finish,0.05,finish,0.75,0.26249999999999996,0.10998009526209318,0.05728133994016486,0.02,0.0,0.23564371687379287,0.5
414,updated,0,explore,0.14411771832846515,connect,0.05,connect,0.75,0.26249999999999996,0.10998009526209318,0.26220891498041843,0.02,0.0,0.44057129191404637,0.5
414,updated,1,create,0.14411771832846515,understand,0.05,understand,0.75,0.26249999999999996,0.10998009526209318,0.06563990967339027,0.02,0.1,0.34400228660701826,0.5
414,updated,1,create,0.14411771832846515,create,0.05,create,0.75,0.26249999999999996,0.10998009526209318,0.2237723402935115,0.92,0.1,0.5021347172271395,0.5
414,updated,1,create,0.29544132257335354,explore,0.05,explore,0.6,0.21,0.10417464146663516,0.37439944847924234,0.02,0.1,0.44313276737252383,0.4472135954999579
414,updated,1,create,0.14411771832846515,finish,0.05,finish,0.75,0.26249999999999996,0.10998009526209318,0.06284081087344806,0.02,0.0,0.24120318780707606,0.5
414,updated,1,create,0.14411771832846515,connect,0.05,connect,0.75,0.26249999999999996,0.10998009526209318,0.27334749068040776,0.02,0.0,0.4517098676140357,0.5
414,updated,2,create,0.14411771832846515,understand,0.05,understand,0.75,0.26249999999999996,0.10998009526209318,0.06744914605688988,0.02,0.1,0.3458115229905179,0.5
414,updated,2,create,0.15132360424488842,create,0.05,create,0.8,0.27999999999999997,0.10417464146663516,0.23367931249179302,0.92,0.1,0.5165303497135396,0.4472135954999579
414,updated,2,create,0.29544132257335354,explore,0.05,explore,0.6,0.21,0.10417464146663516,0.36590368646726856,0.02,0.1,0.43463700536055005,0.4472135954999579
414,updated,2,create,0.14411771832846515,finish,0.05,finish,0.75,0.26249999999999996,0.10998009526209318,0.06474346852825069,0.02,0.0,0.2431058454618787,0.5
414,updated,2,create,0.14411771832846515,connect,0.05,connect,0.75,0.26249999999999996,0.10998009526209318,0.2682243864557979,0.02,0.0,0.44658676338942577,0.5
414,updated,3,create,0.14411771832846515,understand,0.05,understand,0.75,0.26249999999999996,0.10998009526209318,0.06915862609171668,0.02,0.1,0.3475210030253447,0.5
414,updated,3,create,0.15708831297802703,create,0.05,create,0.8333333333333334,0.2916666666666667,0.09988923350684895,0.24370296048553206,0.92,0.1,0.5281705476810206,0.4082482904638631
414,updated,3,create,0.29544132257335354,explore,0.05,explore,0.6,0.21,0.10417464146663516,0.35747788498303845,0.02,0.1,0.42621120387631994,0.4472135954999579
414,updated,3,create,0.14411771832846515,finish,0.05,finish,0.75,0.26249999999999996,0.10998009526209318,0.06654483124448968,0.02,0.0,0.24490720817811767,0.5
414,updated,3,create,0.14411771832846515,connect,0.05,connect,0.75,0.26249999999999996,0.10998009526209318,0.26311569719522304,0.02,0.0,0.44147807412885104,0.5
414,updated,4,connect,0.14411771832846515,understand,0.05,understand,0.75,0.26249999999999996,0.10998009526209318,0.0707692575864704,0.02,0.1,0.34913163452009843,0.5
414,updated,4,connect,0.16170007996453792,create,0.05,create,0.8571428571428571,0.3,0.09655861637828825,0.25383234490144524,0.92,0.1,0.5386908813151955,0.3779644730092272
414,updated,4,connect,0.29544132257335354,explore,0.05,explore,0.6,0.21,0.10417464146663516,0.3491273446676803,0.02,0.1,0.41786066356096185,0.4472135954999579
414,updated,4,connect,0.14411771832846515,finish,0.05,finish,0.75,0.26249999999999996,0.10998009526209318,0.06824576700698373,0.02,0.0,0.2466081439406117,0.5
414,updated,4,connect,0.14411771832846515,connect,0.05,connect,0.75,0.26249999999999996,0.10998009526209318,0.2580252858374202,0.02,0.0,0.43638766277104807,0.5
414,updated,5,create,0.14411771832846515,understand,0.05,understand,0.75,0.26249999999999996,0.10998009526209318,0.07441189729605617,0.02,0.1,0.3527742742296842,0.5
414,updated,5,create,0.16170007996453792,create,0.05,create,0.8571428571428571,0.3,0.09655861637828825,0.25655057929326897,0.92,0.1,0.5414091157070192,0.3779644730092272
414,updated,5,create,0.29544132257335354,explore,0.05,explore,0.6,0.21,0.10417464146663516,0.35136437224805944,0.02,0.1,0.420097691141341,0.4472135954999579
414,updated,5,create,0.14411771832846515,finish,0.05,finish,0.75,0.26249999999999996,0.10998009526209318,0.07190114947178693,0.02,0.0,0.25026352640541494,0.5
414,updated,5,create,0.22338246340912096,connect,0.05,connect,0.6,0.21,0.10417464146663516,0.24577200169082855,0.02,0.0,0.2865641797483427,0.4472135954999579
414,updated,6,create,0.14411771832846515,understand,0.05,understand,0.75,0.26249999999999996,0.10998009526209318,0.07578485000083231,0.02,0.1,0.3541472269344603,0.5
414,updated,6,create,0.16538949355374663,create,0.05,create,0.875,0.30624999999999997,0.09387388320873087,0.26679741428570075,0.92,0.1,0.5515318039406849,0.35355339059327373
414,updated,6,create,0.29544132257335354,explore,0.05,explore,0.6,0.21,0.10417464146663516,0.3429597587750306,0.02,0.1,0.4116930776683121,0.4472135954999579
414,updated,6,create,0.14411771832846515,finish,0.05,finish,0.75,0.26249999999999996,0.10998009526209318,0.07336274194413267,0.02,0.0,0.25172511887776067,0.5
414,updated,6,create,0.22338246340912096,connect,0.05,connect,0.6,0.21,0.10417464146663516,0.2410952349943037,0.02,0.0,0.28188741305181786,0.4472135954999579
414,updated,7,create,0.14411771832846515,understand,0.05,understand,0.75,0.26249999999999996,0.10998009526209318,0.07706375946491022,0.02,0.1,0.35542613639853826,0.5
414,updated,7,create,0.1683410244251136,create,0.05,create,0.8888888888888888,0.31111111111111106,0.09165007938507765,0.27712339654836765,0.92,0.1,0.5615435626194427,0.3333333333333333
414,updated,7,create,0.29544132257335354,explore,0.05,explore,0.6,0.21,0.10417464146663516,0.334645627998304,0.02,0.1,0.4033789468915855,0.4472135954999579
414,updated,7,create,0.14411771832846515,finish,0.05,finish,0.75,0.26249999999999996,0.10998009526209318,0.07472861833247041,0.02,0.0,0.2530909952660984,0.5
414,updated,7,create,0.22338246340912096,connect,0.05,connect,0.6,0.21,0.10417464146663516,0.23643859765594769,0.02,0.0,0.2772307757134619,0.4472135954999579
414,updated,8,create,0.14411771832846515,understand,0.05,understand,0.75,0.26249999999999996,0.10998009526209318,0.07825010815192904,0.02,0.1,0.356612485085557,0.5
414,updated,8,create,0.17070224912220716,create,0.05,create,0.9,0.315,0.08976880746209735,0.287516122760371,0.92,0.1,0.5715826811002612,0.31622776601683794
414,updated,8,create,0.29544132257335354,explore,0.05,explore,0.6,0.21,0.10417464146663516,0.326427483994707,0.02,0.1,0.3951608028879885,0.4472135954999579
414,updated,8,create,0.14411771832846515,finish,0.05,finish,0.75,0.26249999999999996,0.10998009526209318,0.07600022464199438,0.02,0.0,0.2543626015756224,0.5
414,updated,8,create,0.22338246340912096,connect,0.05,connect,0.6,0.21,0.10417464146663516,0.2318060604509986,0.02,0.0,0.2725982385085127,0.4472135954999579
414,updated,9,create,0.14411771832846515,understand,0.05,understand,0.75,0.26249999999999996,0.10998009526209318,0.07934553737049022,0.02,0.1,0.3577079143041182,0.5
414,updated,9,create,0.17259122887988204,create,0.05,create,0.9090909090909091,0.3181818181818182,0.08815029403031084,0.29796285748000173,0.92,0.1,0.5817037408122486,0.30151134457776363
414,updated,9,create,0.29544132257335354,explore,0.05,explore,0.6,0.21,0.10417464146663516,0.3183108012876526,0.02,0.1,0.38704412018093415,0.4472135954999579
414,updated,9,create,0.14411771832846515,finish,0.05,finish,0.75,0.26249999999999996,0.10998009526209318,0.07717916743081042,0.02,0.0,0.25554154436443843,0.5
414,updated,9,create,0.22338246340912096,connect,0.05,connect,0.6,0.21,0.10417464146663516,0.22720163643104516,0.02,0.0,0.2679938144885593,0.4472135954999579
414,frozen,0,explore,0.14411771832846515,understand,0.05,understand,0.75,0.26249999999999996,0.10998009526209318,0.06000625360987007,0.02,0.1,0.3383686305434981,0.5
414,frozen,0,explore,0.14411771832846515,create,0.05,create,0.75,0.26249999999999996,0.10998009526209318,0.2139476656919925,0.02,0.1,0.4923100426256205,0.5
414,frozen,0,explore,0.14411771832846515,explore,0.05,explore,0.75,0.26249999999999996,0.10998009526209318,0.4065558257775542,0.92,0.1,0.6849182027111821,0.5
414,frozen,0,explore,0.14411771832846515,finish,0.05,finish,0.75,0.26249999999999996,0.10998009526209318,0.05728133994016486,0.02,0.0,0.23564371687379287,0.5
414,frozen,0,explore,0.14411771832846515,connect,0.05,connect,0.75,0.26249999999999996,0.10998009526209318,0.26220891498041843,0.02,0.0,0.44057129191404637,0.5
414,frozen,1,explore,0.14411771832846515,understand,0.05,understand,0.75,0.26249999999999996,0.10998009526209318,0.06000625360987007,0.02,0.1,0.3383686305434981,0.5
414,frozen,1,explore,0.14411771832846515,create,0.05,create,0.75,0.26249999999999996,0.10998009526209318,0.2139476656919925,0.02,0.1,0.4923100426256205,0.5
414,frozen,1,explore,0.14411771832846515,explore,0.05,explore,0.75,0.26249999999999996,0.10998009526209318,0.4065558257775542,0.92,0.1,0.6849182027111821,0.5
414,frozen,1,explore,0.14411771832846515,finish,0.05,finish,0.75,0.26249999999999996,0.10998009526209318,0.05728133994016486,0.02,0.0,0.23564371687379287,0.5
414,frozen,1,explore,0.14411771832846515,connect,0.05,connect,0.75,0.26249999999999996,0.10998009526209318,0.26220891498041843,0.02,0.0,0.44057129191404637,0.5
414,frozen,2,explore,0.14411771832846515,understand,0.05,understand,0.75,0.26249999999999996,0.10998009526209318,0.06000625360987007,0.02,0.1,0.3383686305434981,0.5
414,frozen,2,explore,0.14411771832846515,create,0.05,create,0.75,0.26249999999999996,0.10998009526209318,0.2139476656919925,0.02,0.1,0.4923100426256205,0.5
414,frozen,2,explore,0.14411771832846515,explore,0.05,explore,0.75,0.26249999999999996,0.10998009526209318,0.4065558257775542,0.92,0.1,0.6849182027111821,0.5
414,frozen,2,explore,0.14411771832846515,finish,0.05,finish,0.75,0.26249999999999996,0.10998009526209318,0.05728133994016486,0.02,0.0,0.23564371687379287,0.5
414,frozen,2,explore,0.14411771832846515,connect,0.05,connect,0.75,0.26249999999999996,0.10998009526209318,0.26220891498041843,0.02,0.0,0.44057129191404637,0.5
414,frozen,3,explore,0.14411771832846515,understand,0.05,understand,0.75,0.26249999999999996,0.10998009526209318,0.06000625360987007,0.02,0.1,0.3383686305434981,0.5
414,frozen,3,explore,0.14411771832846515,create,0.05,create,0.75,0.26249999999999996,0.10998009526209318,0.2139476656919925,0.02,0.1,0.4923100426256205,0.5
414,frozen,3,explore,0.14411771832846515,explore,0.05,explore,0.75,0.26249999999999996,0.10998009526209318,0.4065558257775542,0.92,0.1,0.6849182027111821,0.5
414,frozen,3,explore,0.14411771832846515,finish,0.05,finish,0.75,0.26249999999999996,0.10998009526209318,0.05728133994016486,0.02,0.0,0.23564371687379287,0.5
414,frozen,3,explore,0.14411771832846515,connect,0.05,connect,0.75,0.26249999999999996,0.10998009526209318,0.26220891498041843,0.02,0.0,0.44057129191404637,0.5
414,frozen,4,connect,0.14411771832846515,understand,0.05,understand,0.75,0.26249999999999996,0.10998009526209318,0.06000625360987007,0.02,0.1,0.3383686305434981,0.5
414,frozen,4,connect,0.14411771832846515,create,0.05,create,0.75,0.26249999999999996,0.10998009526209318,0.2139476656919925,0.02,0.1,0.4923100426256205,0.5
414,frozen,4,connect,0.14411771832846515,explore,0.05,explore,0.75,0.26249999999999996,0.10998009526209318,0.4065558257775542,0.92,0.1,0.6849182027111821,0.5
414,frozen,4,connect,0.14411771832846515,finish,0.05,finish,0.75,0.26249999999999996,0.10998009526209318,0.05728133994016486,0.02,0.0,0.23564371687379287,0.5
414,frozen,4,connect,0.14411771832846515,connect,0.05,connect,0.75,0.26249999999999996,0.10998009526209318,0.26220891498041843,0.02,0.0,0.44057129191404637,0.5
414,frozen,5,explore,0.14411771832846515,understand,0.05,understand,0.75,0.26249999999999996,0.10998009526209318,0.06000625360987007,0.02,0.1,0.3383686305434981,0.5
414,frozen,5,explore,0.14411771832846515,create,0.05,create,0.75,0.26249999999999996,0.10998009526209318,0.2139476656919925,0.02,0.1,0.4923100426256205,0.5
414,frozen,5,explore,0.14411771832846515,explore,0.05,explore,0.75,0.26249999999999996,0.10998009526209318,0.4065558257775542,0.92,0.1,0.6849182027111821,0.5
414,frozen,5,explore,0.14411771832846515,finish,0.05,finish,0.75,0.26249999999999996,0.10998009526209318,0.05728133994016486,0.02,0.0,0.23564371687379287,0.5
414,frozen,5,explore,0.14411771832846515,connect,0.05,connect,0.75,0.26249999999999996,0.10998009526209318,0.26220891498041843,0.02,0.0,0.44057129191404637,0.5
414,frozen,6,explore,0.14411771832846515,understand,0.05,understand,0.75,0.26249999999999996,0.10998009526209318,0.06000625360987007,0.02,0.1,0.3383686305434981,0.5
414,frozen,6,explore,0.14411771832846515,create,0.05,create,0.75,0.26249999999999996,0.10998009526209318,0.2139476656919925,0.02,0.1,0.4923100426256205,0.5
414,frozen,6,explore,0.14411771832846515,explore,0.05,explore,0.75,0.26249999999999996,0.10998009526209318,0.4065558257775542,0.92,0.1,0.6849182027111821,0.5
414,frozen,6,explore,0.14411771832846515,finish,0.05,finish,0.75,0.26249999999999996,0.10998009526209318,0.05728133994016486,0.02,0.0,0.23564371687379287,0.5
414,frozen,6,explore,0.14411771832846515,connect,0.05,connect,0.75,0.26249999999999996,0.10998009526209318,0.26220891498041843,0.02,0.0,0.44057129191404637,0.5
414,frozen,7,explore,0.14411771832846515,understand,0.05,understand,0.75,0.26249999999999996,0.10998009526209318,0.06000625360987007,0.02,0.1,0.3383686305434981,0.5
414,frozen,7,explore,0.14411771832846515,create,0.05,create,0.75,0.26249999999999996,0.10998009526209318,0.2139476656919925,0.02,0.1,0.4923100426256205,0.5
414,frozen,7,explore,0.14411771832846515,explore,0.05,explore,0.75,0.26249999999999996,0.10998009526209318,0.4065558257775542,0.92,0.1,0.6849182027111821,0.5
414,frozen,7,explore,0.14411771832846515,finish,0.05,finish,0.75,0.26249999999999996,0.10998009526209318,0.05728133994016486,0.02,0.0,0.23564371687379287,0.5
414,frozen,7,explore,0.14411771832846515,connect,0.05,connect,0.75,0.26249999999999996,0.10998009526209318,0.26220891498041843,0.02,0.0,0.44057129191404637,0.5
414,frozen,8,explore,0.14411771832846515,understand,0.05,understand,0.75,0.26249999999999996,0.10998009526209318,0.06000625360987007,0.02,0.1,0.3383686305434981,0.5
414,frozen,8,explore,0.14411771832846515,create,0.05,create,0.75,0.26249999999999996,0.10998009526209318,0.2139476656919925,0.02,0.1,0.4923100426256205,0.5
414,frozen,8,explore,0.14411771832846515,explore,0.05,explore,0.75,0.26249999999999996,0.10998009526209318,0.4065558257775542,0.92,0.1,0.6849182027111821,0.5
414,frozen,8,explore,0.14411771832846515,finish,0.05,finish,0.75,0.26249999999999996,0.10998009526209318,0.05728133994016486,0.02,0.0,0.23564371687379287,0.5
414,frozen,8,explore,0.14411771832846515,connect,0.05,connect,0.75,0.26249999999999996,0.10998009526209318,0.26220891498041843,0.02,0.0,0.44057129191404637,0.5
414,frozen,9,explore,0.14411771832846515,understand,0.05,understand,0.75,0.26249999999999996,0.10998009526209318,0.06000625360987007,0.02,0.1,0.3383686305434981,0.5
414,frozen,9,explore,0.14411771832846515,create,0.05,create,0.75,0.26249999999999996,0.10998009526209318,0.2139476656919925,0.02,0.1,0.4923100426256205,0.5
414,frozen,9,explore,0.14411771832846515,explore,0.05,explore,0.75,0.26249999999999996,0.10998009526209318,0.4065558257775542,0.92,0.1,0.6849182027111821,0.5
414,frozen,9,explore,0.14411771832846515,finish,0.05,finish,0.75,0.26249999999999996,0.10998009526209318,0.05728133994016486,0.02,0.0,0.23564371687379287,0.5
414,frozen,9,explore,0.14411771832846515,connect,0.05,connect,0.75,0.26249999999999996,0.10998009526209318,0.26220891498041843,0.02,0.0,0.44057129191404637,0.5
414,neutral,0,create,0.14411771832846515,understand,0.05,understand,0.75,0.26249999999999996,0.10998009526209318,0.2,0.32,0.1,0.47836237693362804,0.5
414,neutral,0,create,0.14411771832846515,create,0.05,create,0.75,0.26249999999999996,0.10998009526209318,0.2,0.32,0.1,0.47836237693362804,0.5
414,neutral,0,create,0.14411771832846515,explore,0.05,explore,0.75,0.26249999999999996,0.10998009526209318,0.2,0.32,0.1,0.47836237693362804,0.5
414,neutral,0,create,0.14411771832846515,finish,0.05,finish,0.75,0.26249999999999996,0.10998009526209318,0.2,0.02,0.0,0.378362376933628,0.5
414,neutral,0,create,0.14411771832846515,connect,0.05,connect,0.75,0.26249999999999996,0.10998009526209318,0.2,0.02,0.0,0.378362376933628,0.5
414,neutral,1,create,0.14411771832846515,understand,0.05,understand,0.75,0.26249999999999996,0.10998009526209318,0.2,0.02,0.1,0.47836237693362804,0.5
414,neutral,1,create,0.15132360424488842,create,0.05,create,0.8,0.27999999999999997,0.10417464146663516,0.2,0.92,0.1,0.4828510372217466,0.4472135954999579
414,neutral,1,create,0.14411771832846515,explore,0.05,explore,0.75,0.26249999999999996,0.10998009526209318,0.2,0.02,0.1,0.47836237693362804,0.5
414,neutral,1,create,0.14411771832846515,finish,0.05,finish,0.75,0.26249999999999996,0.10998009526209318,0.2,0.02,0.0,0.378362376933628,0.5
414,neutral,1,create,0.14411771832846515,connect,0.05,connect,0.75,0.26249999999999996,0.10998009526209318,0.2,0.02,0.0,0.378362376933628,0.5
414,neutral,2,create,0.14411771832846515,understand,0.05,understand,0.75,0.26249999999999996,0.10998009526209318,0.2,0.02,0.1,0.47836237693362804,0.5
414,neutral,2,create,0.15708831297802703,create,0.05,create,0.8333333333333334,0.2916666666666667,0.09988923350684895,0.2,0.92,0.1,0.48446758719548855,0.4082482904638631
414,neutral,2,create,0.14411771832846515,explore,0.05,explore,0.75,0.26249999999999996,0.10998009526209318,0.2,0.02,0.1,0.47836237693362804,0.5
414,neutral,2,create,0.14411771832846515,finish,0.05,finish,0.75,0.26249999999999996,0.10998009526209318,0.2,0.02,0.0,0.378362376933628,0.5
414,neutral,2,create,0.14411771832846515,connect,0.05,connect,0.75,0.26249999999999996,0.10998009526209318,0.2,0.02,0.0,0.378362376933628,0.5
414,neutral,3,create,0.14411771832846515,understand,0.05,understand,0.75,0.26249999999999996,0.10998009526209318,0.2,0.02,0.1,0.47836237693362804,0.5
414,neutral,3,create,0.16170007996453792,create,0.05,create,0.8571428571428571,0.3,0.09655861637828825,0.2,0.92,0.1,0.4848585364137502,0.3779644730092272
414,neutral,3,create,0.14411771832846515,explore,0.05,explore,0.75,0.26249999999999996,0.10998009526209318,0.2,0.02,0.1,0.47836237693362804,0.5
414,neutral,3,create,0.14411771832846515,finish,0.05,finish,0.75,0.26249999999999996,0.10998009526209318,0.2,0.02,0.0,0.378362376933628,0.5
414,neutral,3,create,0.14411771832846515,connect,0.05,connect,0.75,0.26249999999999996,0.10998009526209318,0.2,0.02,0.0,0.378362376933628,0.5
414,neutral,4,connect,0.14411771832846515,understand,0.05,understand,0.75,0.26249999999999996,0.10998009526209318,0.2,0.02,0.1,0.47836237693362804,0.5
414,neutral,4,connect,0.16538949355374663,create,0.05,create,0.875,0.30624999999999997,0.09387388320873087,0.2,0.92,0.1,0.48473438965498417,0.35355339059327373
414,neutral,4,connect,0.14411771832846515,explore,0.05,explore,0.75,0.26249999999999996,0.10998009526209318,0.2,0.02,0.1,0.47836237693362804,0.5
414,neutral,4,connect,0.14411771832846515,finish,0.05,finish,0.75,0.26249999999999996,0.10998009526209318,0.2,0.02,0.0,0.378362376933628,0.5
414,neutral,4,connect,0.14411771832846515,connect,0.05,connect,0.75,0.26249999999999996,0.10998009526209318,0.2,0.02,0.0,0.378362376933628,0.5
414,neutral,5,create,0.14411771832846515,understand,0.05,understand,0.75,0.26249999999999996,0.10998009526209318,0.2,0.02,0.1,0.47836237693362804,0.5
414,neutral,5,create,0.16538949355374663,create,0.05,create,0.875,0.30624999999999997,0.09387388320873087,0.2,0.92,0.1,0.48473438965498417,0.35355339059327373
414,neutral,5,create,0.14411771832846515,explore,0.05,explore,0.75,0.26249999999999996,0.10998009526209318,0.2,0.02,0.1,0.47836237693362804,0.5
414,neutral,5,create,0.14411771832846515,finish,0.05,finish,0.75,0.26249999999999996,0.10998009526209318,0.2,0.02,0.0,0.378362376933628,0.5
414,neutral,5,create,0.22338246340912096,connect,0.05,connect,0.6,0.21,0.10417464146663516,0.2,0.02,0.0,0.2407921780575142,0.4472135954999579
414,neutral,6,create,0.14411771832846515,understand,0.05,understand,0.75,0.26249999999999996,0.10998009526209318,0.2,0.02,0.1,0.47836237693362804,0.5
414,neutral,6,create,0.1683410244251136,create,0.05,create,0.8888888888888888,0.31111111111111106,0.09165007938507765,0.2,0.92,0.1,0.4844201660710751,0.3333333333333333
414,neutral,6,create,0.14411771832846515,explore,0.05,explore,0.75,0.26249999999999996,0.10998009526209318,0.2,0.02,0.1,0.47836237693362804,0.5
414,neutral,6,create,0.14411771832846515,finish,0.05,finish,0.75,0.26249999999999996,0.10998009526209318,0.2,0.02,0.0,0.378362376933628,0.5
414,neutral,6,create,0.22338246340912096,connect,0.05,connect,0.6,0.21,0.10417464146663516,0.2,0.02,0.0,0.2407921780575142,0.4472135954999579
414,neutral,7,create,0.14411771832846515,understand,0.05,understand,0.75,0.26249999999999996,0.10998009526209318,0.2,0.02,0.1,0.47836237693362804,0.5
414,neutral,7,create,0.17070224912220716,create,0.05,create,0.9,0.315,0.08976880746209735,0.2,0.92,0.1,0.4840665583398902,0.31622776601683794
414,neutral,7,create,0.14411771832846515,explore,0.05,explore,0.75,0.26249999999999996,0.10998009526209318,0.2,0.02,0.1,0.47836237693362804,0.5
414,neutral,7,create,0.14411771832846515,finish,0.05,finish,0.75,0.26249999999999996,0.10998009526209318,0.2,0.02,0.0,0.378362376933628,0.5
414,neutral,7,create,0.22338246340912096,connect,0.05,connect,0.6,0.21,0.10417464146663516,0.2,0.02,0.0,0.2407921780575142,0.4472135954999579
414,neutral,8,create,0.14411771832846515,understand,0.05,understand,0.75,0.26249999999999996,0.10998009526209318,0.2,0.02,0.1,0.47836237693362804,0.5
414,neutral,8,create,0.17259122887988204,create,0.05,create,0.9090909090909091,0.3181818181818182,0.08815029403031084,0.2,0.92,0.1,0.48374088333224696,0.30151134457776363
414,neutral,8,create,0.14411771832846515,explore,0.05,explore,0.75,0.26249999999999996,0.10998009526209318,0.2,0.02,0.1,0.47836237693362804,0.5
414,neutral,8,create,0.14411771832846515,finish,0.05,finish,0.75,0.26249999999999996,0.10998009526209318,0.2,0.02,0.0,0.378362376933628,0.5
414,neutral,8,create,0.22338246340912096,connect,0.05,connect,0.6,0.21,0.10417464146663516,0.2,0.02,0.0,0.2407921780575142,0.4472135954999579
414,neutral,9,create,0.14411771832846515,understand,0.05,understand,0.75,0.26249999999999996,0.10998009526209318,0.2,0.02,0.1,0.47836237693362804,0.5
414,neutral,9,create,0.17410241268602192,create,0.05,create,0.9166666666666666,0.3208333333333333,0.08673856643358167,0.2,0.92,0.1,0.483469487080893,0.2886751345948129
414,neutral,9,create,0.14411771832846515,explore,0.05,explore,0.75,0.26249999999999996,0.10998009526209318,0.2,0.02,0.1,0.47836237693362804,0.5
414,neutral,9,create,0.14411771832846515,finish,0.05,finish,0.75,0.26249999999999996,0.10998009526209318,0.2,0.02,0.0,0.378362376933628,0.5
414,neutral,9,create,0.22338246340912096,connect,0.05,connect,0.6,0.21,0.10417464146663516,0.2,0.02,0.0,0.2407921780575142,0.4472135954999579
414,no-aversion,0,explore,0.0,understand,0.05,understand,0.75,0.26249999999999996,0.10998009526209318,0.06000625360987007,0.02,0.1,0.4824863488719632,0.5
414,no-aversion,0,explore,0.0,create,0.05,create,0.75,0.26249999999999996,0.10998009526209318,0.2139476656919925,0.02,0.1,0.6364277609540856,0.5
414,no-aversion,0,explore,0.0,explore,0.05,explore,0.75,0.26249999999999996,0.10998009526209318,0.4065558257775542,0.92,0.1,0.8290359210396473,0.5
414,no-aversion,0,explore,0.0,finish,0.05,finish,0.75,0.26249999999999996,0.10998009526209318,0.05728133994016486,0.02,0.0,0.379761435202258,0.5
414,no-aversion,0,explore,0.0,connect,0.05,connect,0.75,0.26249999999999996,0.10998009526209318,0.26220891498041843,0.02,0.0,0.5846890102425115,0.5
414,no-aversion,1,explore,0.0,understand,0.05,understand,0.75,0.26249999999999996,0.10998009526209318,0.06563990967339027,0.02,0.1,0.48812000493548346,0.5
414,no-aversion,1,explore,0.0,create,0.05,create,0.75,0.26249999999999996,0.10998009526209318,0.2237723402935115,0.02,0.1,0.6462524355556046,0.5
414,no-aversion,1,explore,0.0,explore,0.05,explore,0.6,0.21,0.10417464146663516,0.37439944847924234,0.92,0.1,0.7385740899458774,0.4472135954999579
414,no-aversion,1,explore,0.0,finish,0.05,finish,0.75,0.26249999999999996,0.10998009526209318,0.06284081087344806,0.02,0.0,0.3853209061355412,0.5
414,no-aversion,1,explore,0.0,connect,0.05,connect,0.75,0.26249999999999996,0.10998009526209318,0.27334749068040776,0.02,0.0,0.5958275859425008,0.5
414,no-aversion,2,explore,0.0,understand,0.05,understand,0.75,0.26249999999999996,0.10998009526209318,0.07117092183558289,0.02,0.1,0.493651017097676,0.5
414,no-aversion,2,explore,0.0,create,0.05,create,0.75,0.26249999999999996,0.10998009526209318,0.2329916980936115,0.02,0.1,0.6554717933557046,0.5
414,no-aversion,2,explore,0.0,explore,0.05,explore,0.5,0.175,0.09988923350684895,0.3438076847516795,0.92,0.1,0.6686969182585284,0.4082482904638631
414,no-aversion,2,explore,0.0,finish,0.05,finish,0.75,0.26249999999999996,0.10998009526209318,0.06830653570774498,0.02,0.0,0.3907866309698381,0.5
414,no-aversion,2,explore,0.0,connect,0.05,connect,0.75,0.26249999999999996,0.10998009526209318,0.2837231596113811,0.02,0.0,0.6062032548734743,0.5
414,no-aversion,3,create,0.0,understand,0.05,understand,0.75,0.26249999999999996,0.10998009526209318,0.07656880607163664,0.02,0.1,0.4990489013337298,0.5
414,no-aversion,3,create,0.0,create,0.05,create,0.75,0.26249999999999996,0.10998009526209318,0.2415679409396557,0.92,0.1,0.6640480362017488,0.5
414,no-aversion,3,create,0.0,explore,0.05,explore,0.42857142857142855,0.15,0.09655861637828825,0.3149192624909096,0.02,0.1,0.6114778788691978,0.3779644730092272
414,no-aversion,3,create,0.0,finish,0.05,finish,0.75,0.26249999999999996,0.10998009526209318,0.07364815988546584,0.02,0.0,0.396128255147559,0.5
414,no-aversion,3,create,0.0,connect,0.05,connect,0.75,0.26249999999999996,0.10998009526209318,0.2932958306123322,0.02,0.0,0.6157759258744253,0.5
414,no-aversion,4,connect,0.0,understand,0.05,understand,0.75,0.26249999999999996,0.10998009526209318,0.07793303838991004,0.02,0.1,0.5004131336520032,0.5
414,no-aversion,4,connect,0.0,create,0.05,create,0.8,0.27999999999999997,0.10417464146663516,0.25167584065257953,0.92,0.1,0.6858504821192145,0.4472135954999579
414,no-aversion,4,connect,0.0,explore,0.05,explore,0.42857142857142855,0.15,0.09655861637828825,0.3080786335584155,0.02,0.1,0.6046372499367036,0.3779644730092272
414,no-aversion,4,connect,0.0,finish,0.05,finish,0.75,0.26249999999999996,0.10998009526209318,0.07511293112059352,0.02,0.0,0.3975930263826867,0.5
414,no-aversion,4,connect,0.0,connect,0.05,connect,0.75,0.26249999999999996,0.10998009526209318,0.28719955627850124,0.02,0.0,0.6096796515405943,0.5
414,no-aversion,5,create,0.0,understand,0.05,understand,0.75,0.26249999999999996,0.10998009526209318,0.08167348215472219,0.02,0.1,0.5041535774168153,0.5
414,no-aversion,5,create,0.0,create,0.05,create,0.8,0.27999999999999997,0.10417464146663516,0.25483763345525845,0.92,0.1,0.6890122749218935,0.4472135954999579
414,no-aversion,5,create,0.0,explore,0.05,explore,0.42857142857142855,0.15,0.09655861637828825,0.31105257667778713,0.02,0.1,0.6076111930560752,0.3779644730092272
414,no-aversion,5,create,0.0,finish,0.05,finish,0.75,0.26249999999999996,0.10998009526209318,0.07886276726174271,0.02,0.0,0.40134286252383583,0.5
414,no-aversion,5,create,0.0,connect,0.05,connect,0.6,0.21,0.10417464146663516,0.2735735404504896,0.02,0.0,0.5377481819171247,0.4472135954999579
414,no-aversion,6,create,0.0,understand,0.05,understand,0.75,0.26249999999999996,0.10998009526209318,0.08279828710432201,0.02,0.1,0.5052783823664152,0.5
414,no-aversion,6,create,0.0,create,0.05,create,0.8333333333333334,0.2916666666666667,0.09988923350684895,0.2650699807424133,0.92,0.1,0.7066258809159289,0.4082482904638631
414,no-aversion,6,create,0.0,explore,0.05,explore,0.42857142857142855,0.15,0.09655861637828825,0.30410242731126497,0.02,0.1,0.6006610436895531,0.3779644730092272
414,no-aversion,6,create,0.0,finish,0.05,finish,0.75,0.26249999999999996,0.10998009526209318,0.08008651930328937,0.02,0.0,0.4025666145653825,0.5
414,no-aversion,6,create,0.0,connect,0.05,connect,0.6,0.21,0.10417464146663516,0.2679427855387104,0.02,0.0,0.5321174270053455,0.4472135954999579
414,no-aversion,7,create,0.0,understand,0.05,understand,0.75,0.26249999999999996,0.10998009526209318,0.0838337651436381,0.02,0.1,0.5063138604057312,0.5
414,no-aversion,7,create,0.0,create,0.05,create,0.8571428571428571,0.3,0.09655861637828825,0.27538352245747155,0.92,0.1,0.7219421388357596,0.3779644730092272
414,no-aversion,7,create,0.0,explore,0.05,explore,0.42857142857142855,0.15,0.09655861637828825,0.29721429960246765,0.02,0.1,0.5937729159807559,0.3779644730092272
414,no-aversion,7,create,0.0,finish,0.05,finish,0.75,0.26249999999999996,0.10998009526209318,0.08121908987289307,0.02,0.0,0.4036991851349862,0.5
414,no-aversion,7,create,0.0,connect,0.05,connect,0.6,0.21,0.10417464146663516,0.2623493229235296,0.02,0.0,0.5265239643901647,0.4472135954999579
414,no-aversion,8,create,0.0,understand,0.05,understand,0.75,0.26249999999999996,0.10998009526209318,0.08478148090495673,0.02,0.1,0.5072615761670499,0.5
414,no-aversion,8,create,0.0,create,0.05,create,0.875,0.30624999999999997,0.09387388320873087,0.28576591682688074,0.92,0.1,0.7358898000356116,0.35355339059327373
414,no-aversion,8,create,0.0,explore,0.05,explore,0.42857142857142855,0.15,0.09655861637828825,0.2903930926504358,0.02,0.1,0.5869517090287241,0.3779644730092272
414,no-aversion,8,create,0.0,finish,0.05,finish,0.75,0.26249999999999996,0.10998009526209318,0.0822620027436877,0.02,0.0,0.4047420980057808,0.5
414,no-aversion,8,create,0.0,connect,0.05,connect,0.6,0.21,0.10417464146663516,0.256797506874039,0.02,0.0,0.5209721483406741,0.4472135954999579
414,no-aversion,9,create,0.0,understand,0.05,understand,0.75,0.26249999999999996,0.10998009526209318,0.08564315329732328,0.02,0.1,0.5081232485594165,0.5
414,no-aversion,9,create,0.0,create,0.05,create,0.8888888888888888,0.31111111111111106,0.09165007938507765,0.2962044800320669,0.92,0.1,0.7489656705282556,0.3333333333333333
414,no-aversion,9,create,0.0,explore,0.05,explore,0.42857142857142855,0.15,0.09655861637828825,0.28364370905860414,0.02,0.1,0.5802023254368924,0.3779644730092272
414,no-aversion,9,create,0.0,finish,0.05,finish,0.75,0.26249999999999996,0.10998009526209318,0.08321693781306744,0.02,0.0,0.4056970330751606,0.5
414,no-aversion,9,create,0.0,connect,0.05,connect,0.6,0.21,0.10417464146663516,0.2512917197989382,0.02,0.0,0.5154663612655733,0.4472135954999579
414,no-dream,0,explore,0.14411771832846515,understand,0.05,understand,0.75,0.26249999999999996,0.10998009526209318,0.06000625360987007,0.02,0.1,0.3383686305434981,0.5
414,no-dream,0,explore,0.14411771832846515,create,0.05,create,0.75,0.26249999999999996,0.10998009526209318,0.2139476656919925,0.02,0.1,0.4923100426256205,0.5
414,no-dream,0,explore,0.14411771832846515,explore,0.05,explore,0.75,0.26249999999999996,0.10998009526209318,0.4065558257775542,0.92,0.1,0.6849182027111821,0.5
414,no-dream,0,explore,0.14411771832846515,finish,0.05,finish,0.75,0.26249999999999996,0.10998009526209318,0.05728133994016486,0.02,0.0,0.23564371687379287,0.5
414,no-dream,0,explore,0.14411771832846515,connect,0.05,connect,0.75,0.26249999999999996,0.10998009526209318,0.26220891498041843,0.02,0.0,0.44057129191404637,0.5
414,no-dream,1,create,0.14411771832846515,understand,0.05,understand,0.75,0.26249999999999996,0.10998009526209318,0.06563990967339027,0.02,0.1,0.34400228660701826,0.5
414,no-dream,1,create,0.14411771832846515,create,0.05,create,0.75,0.26249999999999996,0.10998009526209318,0.2237723402935115,0.92,0.1,0.5021347172271395,0.5
414,no-dream,1,create,0.29544132257335354,explore,0.05,explore,0.6,0.21,0.10417464146663516,0.37439944847924234,0.02,0.1,0.44313276737252383,0.4472135954999579
414,no-dream,1,create,0.14411771832846515,finish,0.05,finish,0.75,0.26249999999999996,0.10998009526209318,0.06284081087344806,0.02,0.0,0.24120318780707606,0.5
414,no-dream,1,create,0.14411771832846515,connect,0.05,connect,0.75,0.26249999999999996,0.10998009526209318,0.27334749068040776,0.02,0.0,0.4517098676140357,0.5
414,no-dream,2,create,0.14411771832846515,understand,0.05,understand,0.75,0.26249999999999996,0.10998009526209318,0.06744914605688988,0.02,0.1,0.3458115229905179,0.5
414,no-dream,2,create,0.15132360424488842,create,0.05,create,0.8,0.27999999999999997,0.10417464146663516,0.23367931249179302,0.92,0.1,0.5165303497135396,0.4472135954999579
414,no-dream,2,create,0.29544132257335354,explore,0.05,explore,0.6,0.21,0.10417464146663516,0.36590368646726856,0.02,0.1,0.43463700536055005,0.4472135954999579
414,no-dream,2,create,0.14411771832846515,finish,0.05,finish,0.75,0.26249999999999996,0.10998009526209318,0.06474346852825069,0.02,0.0,0.2431058454618787,0.5
414,no-dream,2,create,0.14411771832846515,connect,0.05,connect,0.75,0.26249999999999996,0.10998009526209318,0.2682243864557979,0.02,0.0,0.44658676338942577,0.5
414,no-dream,3,create,0.14411771832846515,understand,0.05,understand,0.75,0.26249999999999996,0.10998009526209318,0.06915862609171668,0.02,0.1,0.3475210030253447,0.5
414,no-dream,3,create,0.15708831297802703,create,0.05,create,0.8333333333333334,0.2916666666666667,0.09988923350684895,0.24370296048553206,0.92,0.1,0.5281705476810206,0.4082482904638631
414,no-dream,3,create,0.29544132257335354,explore,0.05,explore,0.6,0.21,0.10417464146663516,0.35747788498303845,0.02,0.1,0.42621120387631994,0.4472135954999579
414,no-dream,3,create,0.14411771832846515,finish,0.05,finish,0.75,0.26249999999999996,0.10998009526209318,0.06654483124448968,0.02,0.0,0.24490720817811767,0.5
414,no-dream,3,create,0.14411771832846515,connect,0.05,connect,0.75,0.26249999999999996,0.10998009526209318,0.26311569719522304,0.02,0.0,0.44147807412885104,0.5
414,no-dream,4,connect,0.14411771832846515,understand,0.05,understand,0.75,0.26249999999999996,0.10998009526209318,0.0707692575864704,0.02,0.1,0.34913163452009843,0.5
414,no-dream,4,connect,0.16170007996453792,create,0.05,create,0.8571428571428571,0.3,0.09655861637828825,0.25383234490144524,0.92,0.1,0.5386908813151955,0.3779644730092272
414,no-dream,4,connect,0.29544132257335354,explore,0.05,explore,0.6,0.21,0.10417464146663516,0.3491273446676803,0.02,0.1,0.41786066356096185,0.4472135954999579
414,no-dream,4,connect,0.14411771832846515,finish,0.05,finish,0.75,0.26249999999999996,0.10998009526209318,0.06824576700698373,0.02,0.0,0.2466081439406117,0.5
414,no-dream,4,connect,0.14411771832846515,connect,0.05,connect,0.75,0.26249999999999996,0.10998009526209318,0.2580252858374202,0.02,0.0,0.43638766277104807,0.5
414,no-dream,5,create,0.14411771832846515,understand,0.05,understand,0.75,0.26249999999999996,0.10998009526209318,0.07441189729605617,0.02,0.1,0.3527742742296842,0.5
414,no-dream,5,create,0.16170007996453792,create,0.05,create,0.8571428571428571,0.3,0.09655861637828825,0.25655057929326897,0.92,0.1,0.5414091157070192,0.3779644730092272
414,no-dream,5,create,0.29544132257335354,explore,0.05,explore,0.6,0.21,0.10417464146663516,0.35136437224805944,0.02,0.1,0.420097691141341,0.4472135954999579
414,no-dream,5,create,0.14411771832846515,finish,0.05,finish,0.75,0.26249999999999996,0.10998009526209318,0.07190114947178693,0.02,0.0,0.25026352640541494,0.5
414,no-dream,5,create,0.22338246340912096,connect,0.05,connect,0.6,0.21,0.10417464146663516,0.24577200169082855,0.02,0.0,0.2865641797483427,0.4472135954999579
414,no-dream,6,create,0.14411771832846515,understand,0.05,understand,0.75,0.26249999999999996,0.10998009526209318,0.07578485000083231,0.02,0.1,0.3541472269344603,0.5
414,no-dream,6,create,0.16538949355374663,create,0.05,create,0.875,0.30624999999999997,0.09387388320873087,0.26679741428570075,0.92,0.1,0.5515318039406849,0.35355339059327373
414,no-dream,6,create,0.29544132257335354,explore,0.05,explore,0.6,0.21,0.10417464146663516,0.3429597587750306,0.02,0.1,0.4116930776683121,0.4472135954999579
414,no-dream,6,create,0.14411771832846515,finish,0.05,finish,0.75,0.26249999999999996,0.10998009526209318,0.07336274194413267,0.02,0.0,0.25172511887776067,0.5
414,no-dream,6,create,0.22338246340912096,connect,0.05,connect,0.6,0.21,0.10417464146663516,0.2410952349943037,0.02,0.0,0.28188741305181786,0.4472135954999579
414,no-dream,7,create,0.14411771832846515,understand,0.05,understand,0.75,0.26249999999999996,0.10998009526209318,0.07706375946491022,0.02,0.1,0.35542613639853826,0.5
414,no-dream,7,create,0.1683410244251136,create,0.05,create,0.8888888888888888,0.31111111111111106,0.09165007938507765,0.27712339654836765,0.92,0.1,0.5615435626194427,0.3333333333333333
414,no-dream,7,create,0.29544132257335354,explore,0.05,explore,0.6,0.21,0.10417464146663516,0.334645627998304,0.02,0.1,0.4033789468915855,0.4472135954999579
414,no-dream,7,create,0.14411771832846515,finish,0.05,finish,0.75,0.26249999999999996,0.10998009526209318,0.07472861833247041,0.02,0.0,0.2530909952660984,0.5
414,no-dream,7,create,0.22338246340912096,connect,0.05,connect,0.6,0.21,0.10417464146663516,0.23643859765594769,0.02,0.0,0.2772307757134619,0.4472135954999579
414,no-dream,8,create,0.14411771832846515,understand,0.05,understand,0.75,0.26249999999999996,0.10998009526209318,0.07825010815192904,0.02,0.1,0.356612485085557,0.5
414,no-dream,8,create,0.17070224912220716,create,0.05,create,0.9,0.315,0.08976880746209735,0.287516122760371,0.92,0.1,0.5715826811002612,0.31622776601683794
414,no-dream,8,create,0.29544132257335354,explore,0.05,explore,0.6,0.21,0.10417464146663516,0.326427483994707,0.02,0.1,0.3951608028879885,0.4472135954999579
414,no-dream,8,create,0.14411771832846515,finish,0.05,finish,0.75,0.26249999999999996,0.10998009526209318,0.07600022464199438,0.02,0.0,0.2543626015756224,0.5
414,no-dream,8,create,0.22338246340912096,connect,0.05,connect,0.6,0.21,0.10417464146663516,0.2318060604509986,0.02,0.0,0.2725982385085127,0.4472135954999579
414,no-dream,9,create,0.14411771832846515,understand,0.05,understand,0.75,0.26249999999999996,0.10998009526209318,0.07934553737049022,0.02,0.1,0.3577079143041182,0.5
414,no-dream,9,create,0.17259122887988204,create,0.05,create,0.9090909090909091,0.3181818181818182,0.08815029403031084,0.29796285748000173,0.92,0.1,0.5817037408122486,0.30151134457776363
414,no-dream,9,create,0.29544132257335354,explore,0.05,explore,0.6,0.21,0.10417464146663516,0.3183108012876526,0.02,0.1,0.38704412018093415,0.4472135954999579
414,no-dream,9,create,0.14411771832846515,finish,0.05,finish,0.75,0.26249999999999996,0.10998009526209318,0.07717916743081042,0.02,0.0,0.25554154436443843,0.5
414,no-dream,9,create,0.22338246340912096,connect,0.05,connect,0.6,0.21,0.10417464146663516,0.22720163643104516,0.02,0.0,0.2679938144885593,0.4472135954999579
414,restarted,0,explore,0.14411771832846515,understand,0.05,understand,0.75,0.26249999999999996,0.10998009526209318,0.06000625360987007,0.02,0.1,0.3383686305434981,0.5
414,restarted,0,explore,0.14411771832846515,create,0.05,create,0.75,0.26249999999999996,0.10998009526209318,0.2139476656919925,0.02,0.1,0.4923100426256205,0.5
414,restarted,0,explore,0.14411771832846515,explore,0.05,explore,0.75,0.26249999999999996,0.10998009526209318,0.4065558257775542,0.92,0.1,0.6849182027111821,0.5
414,restarted,0,explore,0.14411771832846515,finish,0.05,finish,0.75,0.26249999999999996,0.10998009526209318,0.05728133994016486,0.02,0.0,0.23564371687379287,0.5
414,restarted,0,explore,0.14411771832846515,connect,0.05,connect,0.75,0.26249999999999996,0.10998009526209318,0.26220891498041843,0.02,0.0,0.44057129191404637,0.5
414,restarted,1,create,0.14411771832846515,understand,0.05,understand,0.75,0.26249999999999996,0.10998009526209318,0.06563990967339027,0.02,0.1,0.34400228660701826,0.5
414,restarted,1,create,0.14411771832846515,create,0.05,create,0.75,0.26249999999999996,0.10998009526209318,0.2237723402935115,0.92,0.1,0.5021347172271395,0.5
414,restarted,1,create,0.29544132257335354,explore,0.05,explore,0.6,0.21,0.10417464146663516,0.37439944847924234,0.02,0.1,0.44313276737252383,0.4472135954999579
414,restarted,1,create,0.14411771832846515,finish,0.05,finish,0.75,0.26249999999999996,0.10998009526209318,0.06284081087344806,0.02,0.0,0.24120318780707606,0.5
414,restarted,1,create,0.14411771832846515,connect,0.05,connect,0.75,0.26249999999999996,0.10998009526209318,0.27334749068040776,0.02,0.0,0.4517098676140357,0.5
414,restarted,2,create,0.14411771832846515,understand,0.05,understand,0.75,0.26249999999999996,0.10998009526209318,0.06744914605688988,0.02,0.1,0.3458115229905179,0.5
414,restarted,2,create,0.15132360424488842,create,0.05,create,0.8,0.27999999999999997,0.10417464146663516,0.23367931249179302,0.92,0.1,0.5165303497135396,0.4472135954999579
414,restarted,2,create,0.29544132257335354,explore,0.05,explore,0.6,0.21,0.10417464146663516,0.36590368646726856,0.02,0.1,0.43463700536055005,0.4472135954999579
414,restarted,2,create,0.14411771832846515,finish,0.05,finish,0.75,0.26249999999999996,0.10998009526209318,0.06474346852825069,0.02,0.0,0.2431058454618787,0.5
414,restarted,2,create,0.14411771832846515,connect,0.05,connect,0.75,0.26249999999999996,0.10998009526209318,0.2682243864557979,0.02,0.0,0.44658676338942577,0.5
414,restarted,3,create,0.14411771832846515,understand,0.05,understand,0.75,0.26249999999999996,0.10998009526209318,0.06915862609171668,0.02,0.1,0.3475210030253447,0.5
414,restarted,3,create,0.15708831297802703,create,0.05,create,0.8333333333333334,0.2916666666666667,0.09988923350684895,0.24370296048553206,0.92,0.1,0.5281705476810206,0.4082482904638631
414,restarted,3,create,0.29544132257335354,explore,0.05,explore,0.6,0.21,0.10417464146663516,0.35747788498303845,0.02,0.1,0.42621120387631994,0.4472135954999579
414,restarted,3,create,0.14411771832846515,finish,0.05,finish,0.75,0.26249999999999996,0.10998009526209318,0.06654483124448968,0.02,0.0,0.24490720817811767,0.5
414,restarted,3,create,0.14411771832846515,connect,0.05,connect,0.75,0.26249999999999996,0.10998009526209318,0.26311569719522304,0.02,0.0,0.44147807412885104,0.5
414,restarted,4,connect,0.14411771832846515,understand,0.05,understand,0.75,0.26249999999999996,0.10998009526209318,0.0707692575864704,0.02,0.1,0.34913163452009843,0.5
414,restarted,4,connect,0.16170007996453792,create,0.05,create,0.8571428571428571,0.3,0.09655861637828825,0.25383234490144524,0.92,0.1,0.5386908813151955,0.3779644730092272
414,restarted,4,connect,0.29544132257335354,explore,0.05,explore,0.6,0.21,0.10417464146663516,0.3491273446676803,0.02,0.1,0.41786066356096185,0.4472135954999579
414,restarted,4,connect,0.14411771832846515,finish,0.05,finish,0.75,0.26249999999999996,0.10998009526209318,0.06824576700698373,0.02,0.0,0.2466081439406117,0.5
414,restarted,4,connect,0.14411771832846515,connect,0.05,connect,0.75,0.26249999999999996,0.10998009526209318,0.2580252858374202,0.02,0.0,0.43638766277104807,0.5
414,restarted,5,create,0.14411771832846515,understand,0.05,understand,0.75,0.26249999999999996,0.10998009526209318,0.07441189729605617,0.02,0.1,0.3527742742296842,0.5
414,restarted,5,create,0.16170007996453792,create,0.05,create,0.8571428571428571,0.3,0.09655861637828825,0.25655057929326897,0.92,0.1,0.5414091157070192,0.3779644730092272
414,restarted,5,create,0.29544132257335354,explore,0.05,explore,0.6,0.21,0.10417464146663516,0.35136437224805944,0.02,0.1,0.420097691141341,0.4472135954999579
414,restarted,5,create,0.14411771832846515,finish,0.05,finish,0.75,0.26249999999999996,0.10998009526209318,0.07190114947178693,0.02,0.0,0.25026352640541494,0.5
414,restarted,5,create,0.22338246340912096,connect,0.05,connect,0.6,0.21,0.10417464146663516,0.24577200169082855,0.02,0.0,0.2865641797483427,0.4472135954999579
414,restarted,6,create,0.14411771832846515,understand,0.05,understand,0.75,0.26249999999999996,0.10998009526209318,0.07578485000083231,0.02,0.1,0.3541472269344603,0.5
414,restarted,6,create,0.16538949355374663,create,0.05,create,0.875,0.30624999999999997,0.09387388320873087,0.26679741428570075,0.92,0.1,0.5515318039406849,0.35355339059327373
414,restarted,6,create,0.29544132257335354,explore,0.05,explore,0.6,0.21,0.10417464146663516,0.3429597587750306,0.02,0.1,0.4116930776683121,0.4472135954999579
414,restarted,6,create,0.14411771832846515,finish,0.05,finish,0.75,0.26249999999999996,0.10998009526209318,0.07336274194413267,0.02,0.0,0.25172511887776067,0.5
414,restarted,6,create,0.22338246340912096,connect,0.05,connect,0.6,0.21,0.10417464146663516,0.2410952349943037,0.02,0.0,0.28188741305181786,0.4472135954999579
414,restarted,7,create,0.14411771832846515,understand,0.05,understand,0.75,0.26249999999999996,0.10998009526209318,0.07706375946491022,0.02,0.1,0.35542613639853826,0.5
414,restarted,7,create,0.1683410244251136,create,0.05,create,0.8888888888888888,0.31111111111111106,0.09165007938507765,0.27712339654836765,0.92,0.1,0.5615435626194427,0.3333333333333333
414,restarted,7,create,0.29544132257335354,explore,0.05,explore,0.6,0.21,0.10417464146663516,0.334645627998304,0.02,0.1,0.4033789468915855,0.4472135954999579
414,restarted,7,create,0.14411771832846515,finish,0.05,finish,0.75,0.26249999999999996,0.10998009526209318,0.07472861833247041,0.02,0.0,0.2530909952660984,0.5
414,restarted,7,create,0.22338246340912096,connect,0.05,connect,0.6,0.21,0.10417464146663516,0.23643859765594769,0.02,0.0,0.2772307757134619,0.4472135954999579
414,restarted,8,create,0.14411771832846515,understand,0.05,understand,0.75,0.26249999999999996,0.10998009526209318,0.07825010815192904,0.02,0.1,0.356612485085557,0.5
414,restarted,8,create,0.17070224912220716,create,0.05,create,0.9,0.315,0.08976880746209735,0.287516122760371,0.92,0.1,0.5715826811002612,0.31622776601683794
414,restarted,8,create,0.29544132257335354,explore,0.05,explore,0.6,0.21,0.10417464146663516,0.326427483994707,0.02,0.1,0.3951608028879885,0.4472135954999579
414,restarted,8,create,0.14411771832846515,finish,0.05,finish,0.75,0.26249999999999996,0.10998009526209318,0.07600022464199438,0.02,0.0,0.2543626015756224,0.5
414,restarted,8,create,0.22338246340912096,connect,0.05,connect,0.6,0.21,0.10417464146663516,0.2318060604509986,0.02,0.0,0.2725982385085127,0.4472135954999579
414,restarted,9,create,0.14411771832846515,understand,0.05,understand,0.75,0.26249999999999996,0.10998009526209318,0.07934553737049022,0.02,0.1,0.3577079143041182,0.5
414,restarted,9,create,0.17259122887988204,create,0.05,create,0.9090909090909091,0.3181818181818182,0.08815029403031084,0.29796285748000173,0.92,0.1,0.5817037408122486,0.30151134457776363
414,restarted,9,create,0.29544132257335354,explore,0.05,explore,0.6,0.21,0.10417464146663516,0.3183108012876526,0.02,0.1,0.38704412018093415,0.4472135954999579
414,restarted,9,create,0.14411771832846515,finish,0.05,finish,0.75,0.26249999999999996,0.10998009526209318,0.07717916743081042,0.02,0.0,0.25554154436443843,0.5
414,restarted,9,create,0.22338246340912096,connect,0.05,connect,0.6,0.21,0.10417464146663516,0.22720163643104516,0.02,0.0,0.2679938144885593,0.4472135954999579
415,updated,0,understand,0.023572755889441646,understand,0.05,understand,0.75,0.26249999999999996,0.25524177524859926,0.25270934184389376,0.92,0.1,0.7968783612030512,0.5
415,updated,0,understand,0.023572755889441646,create,0.05,create,0.75,0.26249999999999996,0.25524177524859926,0.0756160317204877,0.02,0.0,0.5197850510796452,0.5
415,updated,0,understand,0.023572755889441646,explore,0.05,explore,0.75,0.26249999999999996,0.25524177524859926,0.20269543553970382,0.02,0.0,0.6468644548988614,0.5
415,updated,0,understand,0.023572755889441646,finish,0.05,finish,0.75,0.26249999999999996,0.25524177524859926,0.2309590774042694,0.02,0.0,0.675128096763427,0.5
415,updated,0,understand,0.023572755889441646,connect,0.05,connect,0.75,0.26249999999999996,0.25524177524859926,0.2380201134916452,0.02,0.1,0.7821891328508027,0.5
415,updated,1,connect,0.018858204711553316,understand,0.05,understand,0.8,0.27999999999999997,0.24176847965501785,0.2745145254488324,0.92,0.1,0.8274248003922969,0.4472135954999579
415,updated,1,connect,0.023572755889441646,create,0.05,create,0.75,0.26249999999999996,0.25524177524859926,0.07579064205253239,0.02,0.0,0.5199596614116899,0.5
415,updated,1,connect,0.023572755889441646,explore,0.05,explore,0.75,0.26249999999999996,0.25524177524859926,0.19644114148045608,0.02,0.0,0.6406101608396136,0.5
415,updated,1,connect,0.023572755889441646,finish,0.05,finish,0.75,0.26249999999999996,0.25524177524859926,0.22327493518838795,0.02,0.0,0.6674439545475455,0.5
415,updated,1,connect,0.023572755889441646,connect,0.05,connect,0.75,0.26249999999999996,0.25524177524859926,0.2299787558297912,0.02,0.1,0.7741477751889487,0.5
415,updated,2,understand,0.018858204711553316,understand,0.05,understand,0.8,0.27999999999999997,0.24176847965501785,0.27667616503446213,0.92,0.1,0.8295864399779266,0.4472135954999579
415,updated,2,understand,0.023572755889441646,create,0.05,create,0.75,0.26249999999999996,0.25524177524859926,0.07928308961645901,0.02,0.0,0.5234521089756166,0.5
415,updated,2,understand,0.023572755889441646,explore,0.05,explore,0.75,0.26249999999999996,0.25524177524859926,0.19912562049787444,0.02,0.0,0.643294639857032,0.5
415,updated,2,understand,0.023572755889441646,finish,0.05,finish,0.75,0.26249999999999996,0.25524177524859926,0.22577971448303433,0.02,0.0,0.6699487338421919,0.5
415,updated,2,understand,0.03653777162863455,connect,0.05,connect,0.6,0.21,0.24176847965501785,0.21913541036817002,0.02,0.1,0.6843661183945532,0.4472135954999579
415,updated,3,understand,0.015086563769242655,understand,0.05,understand,0.8333333333333334,0.2916666666666667,0.23182290602450184,0.29929581463692406,0.92,0.1,0.8576988235588499,0.4082482904638631
415,updated,3,understand,0.023572755889441646,create,0.05,create,0.75,0.26249999999999996,0.25524177524859926,0.07905001309889326,0.02,0.0,0.5232190324580508,0.5
415,updated,3,understand,0.023572755889441646,explore,0.05,explore,0.75,0.26249999999999996,0.25524177524859926,0.19249392094816015,0.02,0.0,0.6366629403073176,0.5
415,updated,3,understand,0.023572755889441646,finish,0.05,finish,0.75,0.26249999999999996,0.25524177524859926,0.2177249016327235,0.02,0.0,0.661893920991881,0.5
415,updated,3,understand,0.03653777162863455,connect,0.05,connect,0.6,0.21,0.24176847965501785,0.211435349683299,0.02,0.1,0.6766660577096822,0.4472135954999579
415,updated,4,understand,0.012069251015394125,understand,0.05,understand,0.8571428571428571,0.3,0.22409321069607605,0.322550337298195,0.92,0.1,0.8845742969788768,0.3779644730092272
415,updated,4,understand,0.023572755889441646,create,0.05,create,0.75,0.26249999999999996,0.25524177524859926,0.07862151017942463,0.02,0.0,0.5227905295385822,0.5
415,updated,4,understand,0.023572755889441646,explore,0.05,explore,0.75,0.26249999999999996,0.25524177524859926,0.18571011639859678,0.02,0.0,0.6298791357577543,0.5
415,updated,4,understand,0.023572755889441646,finish,0.05,finish,0.75,0.26249999999999996,0.25524177524859926,0.2095276188654796,0.02,0.0,0.6536966382246372,0.5
415,updated,4,understand,0.03653777162863455,connect,0.05,connect,0.6,0.21,0.24176847965501785,0.203590417258304,0.02,0.1,0.6688211252846873,0.4472135954999579
415,updated,5,understand,0.0096554008123153,understand,0.05,understand,0.875,0.30624999999999997,0.21786248268448824,0.3463232465931685,0.92,0.1,0.9107803284653413,0.35355339059327373
415,updated,5,understand,0.023572755889441646,create,0.05,create,0.75,0.26249999999999996,0.25524177524859926,0.07800565993229487,0.02,0.0,0.5221746792914523,0.5
415,updated,5,understand,0.023572755889441646,explore,0.05,explore,0.75,0.26249999999999996,0.25524177524859926,0.17880711943610275,0.02,0.0,0.6229761387952603,0.5
415,updated,5,understand,0.023572755889441646,finish,0.05,finish,0.75,0.26249999999999996,0.25524177524859926,0.2012263019725126,0.02,0.0,0.6453953213316701,0.5
415,updated,5,understand,0.03653777162863455,connect,0.05,connect,0.6,0.21,0.24176847965501785,0.19563767206592123,0.02,0.1,0.6608683800923044,0.4472135954999579
415,updated,6,understand,0.00772432064985224,understand,0.05,understand,0.8888888888888888,0.31111111111111106,0.21270147937383269,0.37048654411728194,0.92,0.1,0.9365748139523733,0.3333333333333333
415,updated,6,understand,0.023572755889441646,create,0.05,create,0.75,0.26249999999999996,0.25524177524859926,0.07721282538204173,0.02,0.0,0.5213818447411993,0.5
415,updated,6,understand,0.023572755889441646,explore,0.05,explore,0.75,0.26249999999999996,0.25524177524859926,0.17182082766434642,0.02,0.0,0.6159898470235039,0.5
415,updated,6,understand,0.023572755889441646,finish,0.05,finish,0.75,0.26249999999999996,0.25524177524859926,0.19286252768548492,0.02,0.0,0.6370315470446425,0.5
415,updated,6,understand,0.03653777162863455,connect,0.05,connect,0.6,0.21,0.24176847965501785,0.187617275150845,0.02,0.1,0.6528479831772281,0.4472135954999579
415,updated,7,understand,0.006179456519881793,understand,0.05,understand,0.9,0.315,0.20833542400533603,0.39490330683002656,0.92,0.1,0.9620592743154807,0.31622776601683794
415,updated,7,understand,0.023572755889441646,create,0.05,create,0.75,0.26249999999999996,0.25524177524859926,0.07625551682464059,0.02,0.0,0.5204245361837981,0.5
415,updated,7,understand,0.023572755889441646,explore,0.05,explore,0.75,0.26249999999999996,0.25524177524859926,0.1647893849589961,0.02,0.0,0.6089584043181536,0.5
415,updated,7,understand,0.023572755889441646,finish,0.05,finish,0.75,0.26249999999999996,0.25524177524859926,0.18448014102670537,0.02,0.0,0.6286491603858629,0.5
415,updated,7,understand,0.03653777162863455,connect,0.05,connect,0.6,0.21,0.24176847965501785,0.1795716503596314,0.02,0.1,0.6448023583860146,0.4472135954999579
415,updated,8,understand,0.004943565215905434,understand,0.05,understand,0.9090909090909091,0.3181818181818182,0.20457917847192014,0.4194306999038474,0.92,0.1,0.9872481313416803,0.30151134457776363
415,updated,8,understand,0.023572755889441646,create,0.05,create,0.75,0.26249999999999996,0.25524177524859926,0.07514817226420444,0.02,0.0,0.519317191623362,0.5
415,updated,8,understand,0.023572755889441646,explore,0.05,explore,0.75,0.26249999999999996,0.25524177524859926,0.15775233211436848,0.02,0.0,0.601921351473526,0.5
415,updated,8,understand,0.023572755889441646,finish,0.05,finish,0.75,0.26249999999999996,0.25524177524859926,0.1761242658846097,0.02,0.0,0.6202932852437673,0.5
415,updated,8,understand,0.03653777162863455,connect,0.05,connect,0.6,0.21,0.24176847965501785,0.17154452983297006,0.02,0.1,0.6367752378593533,0.4472135954999579
415,updated,9,understand,0.003954852172724348,understand,0.05,understand,0.9166666666666666,0.3208333333333333,0.201302841448408,0.4439232792274669,0.92,0.1,1.0121046018364839,0.2886751345948129
415,updated,9,understand,0.023572755889441646,create,0.05,create,0.75,0.26249999999999996,0.25524177524859926,0.07390686287025379,0.02,0.0,0.5180758822294114,0.5
415,updated,9,understand,0.023572755889441646,explore,0.05,explore,0.75,0.26249999999999996,0.25524177524859926,0.15074968553872434,0.02,0.0,0.5949187048978819,0.5
415,updated,9,understand,0.023572755889441646,finish,0.05,finish,0.75,0.26249999999999996,0.25524177524859926,0.16784024431136138,0.02,0.0,0.6120092636705189,0.5
415,updated,9,understand,0.03653777162863455,connect,0.05,connect,0.6,0.21,0.24176847965501785,0.1635799280521936,0.02,0.1,0.6288106360785768,0.4472135954999579
415,frozen,0,understand,0.023572755889441646,understand,0.05,understand,0.75,0.26249999999999996,0.25524177524859926,0.25270934184389376,0.92,0.1,0.7968783612030512,0.5
415,frozen,0,understand,0.023572755889441646,create,0.05,create,0.75,0.26249999999999996,0.25524177524859926,0.0756160317204877,0.02,0.0,0.5197850510796452,0.5
415,frozen,0,understand,0.023572755889441646,explore,0.05,explore,0.75,0.26249999999999996,0.25524177524859926,0.20269543553970382,0.02,0.0,0.6468644548988614,0.5
415,frozen,0,understand,0.023572755889441646,finish,0.05,finish,0.75,0.26249999999999996,0.25524177524859926,0.2309590774042694,0.02,0.0,0.675128096763427,0.5
415,frozen,0,understand,0.023572755889441646,connect,0.05,connect,0.75,0.26249999999999996,0.25524177524859926,0.2380201134916452,0.02,0.1,0.7821891328508027,0.5
415,frozen,1,connect,0.023572755889441646,understand,0.05,understand,0.75,0.26249999999999996,0.25524177524859926,0.25270934184389376,0.92,0.1,0.7968783612030512,0.5
415,frozen,1,connect,0.023572755889441646,create,0.05,create,0.75,0.26249999999999996,0.25524177524859926,0.0756160317204877,0.02,0.0,0.5197850510796452,0.5
415,frozen,1,connect,0.023572755889441646,explore,0.05,explore,0.75,0.26249999999999996,0.25524177524859926,0.20269543553970382,0.02,0.0,0.6468644548988614,0.5
415,frozen,1,connect,0.023572755889441646,finish,0.05,finish,0.75,0.26249999999999996,0.25524177524859926,0.2309590774042694,0.02,0.0,0.675128096763427,0.5
415,frozen,1,connect,0.023572755889441646,connect,0.05,connect,0.75,0.26249999999999996,0.25524177524859926,0.2380201134916452,0.02,0.1,0.7821891328508027,0.5
415,frozen,2,understand,0.023572755889441646,understand,0.05,understand,0.75,0.26249999999999996,0.25524177524859926,0.25270934184389376,0.92,0.1,0.7968783612030512,0.5
415,frozen,2,understand,0.023572755889441646,create,0.05,create,0.75,0.26249999999999996,0.25524177524859926,0.0756160317204877,0.02,0.0,0.5197850510796452,0.5
415,frozen,2,understand,0.023572755889441646,explore,0.05,explore,0.75,0.26249999999999996,0.25524177524859926,0.20269543553970382,0.02,0.0,0.6468644548988614,0.5
415,frozen,2,understand,0.023572755889441646,finish,0.05,finish,0.75,0.26249999999999996,0.25524177524859926,0.2309590774042694,0.02,0.0,0.675128096763427,0.5
415,frozen,2,understand,0.023572755889441646,connect,0.05,connect,0.75,0.26249999999999996,0.25524177524859926,0.2380201134916452,0.02,0.1,0.7821891328508027,0.5
415,frozen,3,understand,0.023572755889441646,understand,0.05,understand,0.75,0.26249999999999996,0.25524177524859926,0.25270934184389376,0.92,0.1,0.7968783612030512,0.5
415,frozen,3,understand,0.023572755889441646,create,0.05,create,0.75,0.26249999999999996,0.25524177524859926,0.0756160317204877,0.02,0.0,0.5197850510796452,0.5
415,frozen,3,understand,0.023572755889441646,explore,0.05,explore,0.75,0.26249999999999996,0.25524177524859926,0.20269543553970382,0.02,0.0,0.6468644548988614,0.5
415,frozen,3,understand,0.023572755889441646,finish,0.05,finish,0.75,0.26249999999999996,0.25524177524859926,0.2309590774042694,0.02,0.0,0.675128096763427,0.5
415,frozen,3,understand,0.023572755889441646,connect,0.05,connect,0.75,0.26249999999999996,0.25524177524859926,0.2380201134916452,0.02,0.1,0.7821891328508027,0.5
415,frozen,4,understand,0.023572755889441646,understand,0.05,understand,0.75,0.26249999999999996,0.25524177524859926,0.25270934184389376,0.92,0.1,0.7968783612030512,0.5
415,frozen,4,understand,0.023572755889441646,create,0.05,create,0.75,0.26249999999999996,0.25524177524859926,0.0756160317204877,0.02,0.0,0.5197850510796452,0.5
415,frozen,4,understand,0.023572755889441646,explore,0.05,explore,0.75,0.26249999999999996,0.25524177524859926,0.20269543553970382,0.02,0.0,0.6468644548988614,0.5
415,frozen,4,understand,0.023572755889441646,finish,0.05,finish,0.75,0.26249999999999996,0.25524177524859926,0.2309590774042694,0.02,0.0,0.675128096763427,0.5
415,frozen,4,understand,0.023572755889441646,connect,0.05,connect,0.75,0.26249999999999996,0.25524177524859926,0.2380201134916452,0.02,0.1,0.7821891328508027,0.5
415,frozen,5,understand,0.023572755889441646,understand,0.05,understand,0.75,0.26249999999999996,0.25524177524859926,0.25270934184389376,0.92,0.1,0.7968783612030512,0.5
415,frozen,5,understand,0.023572755889441646,create,0.05,create,0.75,0.26249999999999996,0.25524177524859926,0.0756160317204877,0.02,0.0,0.5197850510796452,0.5
415,frozen,5,understand,0.023572755889441646,explore,0.05,explore,0.75,0.26249999999999996,0.25524177524859926,0.20269543553970382,0.02,0.0,0.6468644548988614,0.5
415,frozen,5,understand,0.023572755889441646,finish,0.05,finish,0.75,0.26249999999999996,0.25524177524859926,0.2309590774042694,0.02,0.0,0.675128096763427,0.5
415,frozen,5,understand,0.023572755889441646,connect,0.05,connect,0.75,0.26249999999999996,0.25524177524859926,0.2380201134916452,0.02,0.1,0.7821891328508027,0.5
415,frozen,6,understand,0.023572755889441646,understand,0.05,understand,0.75,0.26249999999999996,0.25524177524859926,0.25270934184389376,0.92,0.1,0.7968783612030512,0.5
415,frozen,6,understand,0.023572755889441646,create,0.05,create,0.75,0.26249999999999996,0.25524177524859926,0.0756160317204877,0.02,0.0,0.5197850510796452,0.5
415,frozen,6,understand,0.023572755889441646,explore,0.05,explore,0.75,0.26249999999999996,0.25524177524859926,0.20269543553970382,0.02,0.0,0.6468644548988614,0.5
415,frozen,6,understand,0.023572755889441646,finish,0.05,finish,0.75,0.26249999999999996,0.25524177524859926,0.2309590774042694,0.02,0.0,0.675128096763427,0.5
415,frozen,6,understand,0.023572755889441646,connect,0.05,connect,0.75,0.26249999999999996,0.25524177524859926,0.2380201134916452,0.02,0.1,0.7821891328508027,0.5
415,frozen,7,understand,0.023572755889441646,understand,0.05,understand,0.75,0.26249999999999996,0.25524177524859926,0.25270934184389376,0.92,0.1,0.7968783612030512,0.5
415,frozen,7,understand,0.023572755889441646,create,0.05,create,0.75,0.26249999999999996,0.25524177524859926,0.0756160317204877,0.02,0.0,0.5197850510796452,0.5
415,frozen,7,understand,0.023572755889441646,explore,0.05,explore,0.75,0.26249999999999996,0.25524177524859926,0.20269543553970382,0.02,0.0,0.6468644548988614,0.5
415,frozen,7,understand,0.023572755889441646,finish,0.05,finish,0.75,0.26249999999999996,0.25524177524859926,0.2309590774042694,0.02,0.0,0.675128096763427,0.5
415,frozen,7,understand,0.023572755889441646,connect,0.05,connect,0.75,0.26249999999999996,0.25524177524859926,0.2380201134916452,0.02,0.1,0.7821891328508027,0.5
415,frozen,8,understand,0.023572755889441646,understand,0.05,understand,0.75,0.26249999999999996,0.25524177524859926,0.25270934184389376,0.92,0.1,0.7968783612030512,0.5
415,frozen,8,understand,0.023572755889441646,create,0.05,create,0.75,0.26249999999999996,0.25524177524859926,0.0756160317204877,0.02,0.0,0.5197850510796452,0.5
415,frozen,8,understand,0.023572755889441646,explore,0.05,explore,0.75,0.26249999999999996,0.25524177524859926,0.20269543553970382,0.02,0.0,0.6468644548988614,0.5
415,frozen,8,understand,0.023572755889441646,finish,0.05,finish,0.75,0.26249999999999996,0.25524177524859926,0.2309590774042694,0.02,0.0,0.675128096763427,0.5
415,frozen,8,understand,0.023572755889441646,connect,0.05,connect,0.75,0.26249999999999996,0.25524177524859926,0.2380201134916452,0.02,0.1,0.7821891328508027,0.5
415,frozen,9,understand,0.023572755889441646,understand,0.05,understand,0.75,0.26249999999999996,0.25524177524859926,0.25270934184389376,0.92,0.1,0.7968783612030512,0.5
415,frozen,9,understand,0.023572755889441646,create,0.05,create,0.75,0.26249999999999996,0.25524177524859926,0.0756160317204877,0.02,0.0,0.5197850510796452,0.5
415,frozen,9,understand,0.023572755889441646,explore,0.05,explore,0.75,0.26249999999999996,0.25524177524859926,0.20269543553970382,0.02,0.0,0.6468644548988614,0.5
415,frozen,9,understand,0.023572755889441646,finish,0.05,finish,0.75,0.26249999999999996,0.25524177524859926,0.2309590774042694,0.02,0.0,0.675128096763427,0.5
415,frozen,9,understand,0.023572755889441646,connect,0.05,connect,0.75,0.26249999999999996,0.25524177524859926,0.2380201134916452,0.02,0.1,0.7821891328508027,0.5
415,neutral,0,understand,0.023572755889441646,understand,0.05,understand,0.75,0.26249999999999996,0.25524177524859926,0.2,0.47000000000000003,0.1,0.7441690193591576,0.5
415,neutral,0,understand,0.023572755889441646,create,0.05,create,0.75,0.26249999999999996,0.25524177524859926,0.2,0.02,0.0,0.6441690193591576,0.5
415,neutral,0,understand,0.023572755889441646,explore,0.05,explore,0.75,0.26249999999999996,0.25524177524859926,0.2,0.02,0.0,0.6441690193591576,0.5
415,neutral,0,understand,0.023572755889441646,finish,0.05,finish,0.75,0.26249999999999996,0.25524177524859926,0.2,0.02,0.0,0.6441690193591576,0.5
415,neutral,0,understand,0.023572755889441646,connect,0.05,connect,0.75,0.26249999999999996,0.25524177524859926,0.2,0.47000000000000003,0.1,0.7441690193591576,0.5
415,neutral,1,connect,0.018858204711553316,understand,0.05,understand,0.8,0.27999999999999997,0.24176847965501785,0.2,0.92,0.1,0.7529102749434645,0.4472135954999579
415,neutral,1,connect,0.023572755889441646,create,0.05,create,0.75,0.26249999999999996,0.25524177524859926,0.2,0.02,0.0,0.6441690193591576,0.5
415,neutral,1,connect,0.023572755889441646,explore,0.05,explore,0.75,0.26249999999999996,0.25524177524859926,0.2,0.02,0.0,0.6441690193591576,0.5
415,neutral,1,connect,0.023572755889441646,finish,0.05,finish,0.75,0.26249999999999996,0.25524177524859926,0.2,0.02,0.0,0.6441690193591576,0.5
415,neutral,1,connect,0.023572755889441646,connect,0.05,connect,0.75,0.26249999999999996,0.25524177524859926,0.2,0.02,0.1,0.7441690193591576,0.5
415,neutral,2,understand,0.018858204711553316,understand,0.05,understand,0.8,0.27999999999999997,0.24176847965501785,0.2,0.92,0.1,0.7529102749434645,0.4472135954999579
415,neutral,2,understand,0.023572755889441646,create,0.05,create,0.75,0.26249999999999996,0.25524177524859926,0.2,0.02,0.0,0.6441690193591576,0.5
415,neutral,2,understand,0.023572755889441646,explore,0.05,explore,0.75,0.26249999999999996,0.25524177524859926,0.2,0.02,0.0,0.6441690193591576,0.5
415,neutral,2,understand,0.023572755889441646,finish,0.05,finish,0.75,0.26249999999999996,0.25524177524859926,0.2,0.02,0.0,0.6441690193591576,0.5
415,neutral,2,understand,0.03653777162863455,connect,0.05,connect,0.6,0.21,0.24176847965501785,0.2,0.02,0.1,0.6652307080263832,0.4472135954999579
415,neutral,3,understand,0.015086563769242655,understand,0.05,understand,0.8333333333333334,0.2916666666666667,0.23182290602450184,0.2,0.92,0.1,0.7584030089219258,0.4082482904638631
415,neutral,3,understand,0.023572755889441646,create,0.05,create,0.75,0.26249999999999996,0.25524177524859926,0.2,0.02,0.0,0.6441690193591576,0.5
415,neutral,3,understand,0.023572755889441646,explore,0.05,explore,0.75,0.26249999999999996,0.25524177524859926,0.2,0.02,0.0,0.6441690193591576,0.5
415,neutral,3,understand,0.023572755889441646,finish,0.05,finish,0.75,0.26249999999999996,0.25524177524859926,0.2,0.02,0.0,0.6441690193591576,0.5
415,neutral,3,understand,0.03653777162863455,connect,0.05,connect,0.6,0.21,0.24176847965501785,0.2,0.02,0.1,0.6652307080263832,0.4472135954999579
415,neutral,4,understand,0.012069251015394125,understand,0.05,understand,0.8571428571428571,0.3,0.22409321069607605,0.2,0.92,0.1,0.7620239596806818,0.3779644730092272
415,neutral,4,understand,0.023572755889441646,create,0.05,create,0.75,0.26249999999999996,0.25524177524859926,0.2,0.02,0.0,0.6441690193591576,0.5
415,neutral,4,understand,0.023572755889441646,explore,0.05,explore,0.75,0.26249999999999996,0.25524177524859926,0.2,0.02,0.0,0.6441690193591576,0.5
415,neutral,4,understand,0.023572755889441646,finish,0.05,finish,0.75,0.26249999999999996,0.25524177524859926,0.2,0.02,0.0,0.6441690193591576,0.5
415,neutral,4,understand,0.03653777162863455,connect,0.05,connect,0.6,0.21,0.24176847965501785,0.2,0.02,0.1,0.6652307080263832,0.4472135954999579
415,neutral,5,understand,0.0096554008123153,understand,0.05,understand,0.875,0.30624999999999997,0.21786248268448824,0.2,0.92,0.1,0.7644570818721729,0.35355339059327373
415,neutral,5,understand,0.023572755889441646,create,0.05,create,0.75,0.26249999999999996,0.25524177524859926,0.2,0.02,0.0,0.6441690193591576,0.5
415,neutral,5,understand,0.023572755889441646,explore,0.05,explore,0.75,0.26249999999999996,0.25524177524859926,0.2,0.02,0.0,0.6441690193591576,0.5
415,neutral,5,understand,0.023572755889441646,finish,0.05,finish,0.75,0.26249999999999996,0.25524177524859926,0.2,0.02,0.0,0.6441690193591576,0.5
415,neutral,5,understand,0.03653777162863455,connect,0.05,connect,0.6,0.21,0.24176847965501785,0.2,0.02,0.1,0.6652307080263832,0.4472135954999579
415,neutral,6,understand,0.00772432064985224,understand,0.05,understand,0.8888888888888888,0.31111111111111106,0.21270147937383269,0.2,0.92,0.1,0.7660882698350914,0.3333333333333333
415,neutral,6,understand,0.023572755889441646,create,0.05,create,0.75,0.26249999999999996,0.25524177524859926,0.2,0.02,0.0,0.6441690193591576,0.5
415,neutral,6,understand,0.023572755889441646,explore,0.05,explore,0.75,0.26249999999999996,0.25524177524859926,0.2,0.02,0.0,0.6441690193591576,0.5
415,neutral,6,understand,0.023572755889441646,finish,0.05,finish,0.75,0.26249999999999996,0.25524177524859926,0.2,0.02,0.0,0.6441690193591576,0.5
415,neutral,6,understand,0.03653777162863455,connect,0.05,connect,0.6,0.21,0.24176847965501785,0.2,0.02,0.1,0.6652307080263832,0.4472135954999579
415,neutral,7,understand,0.006179456519881793,understand,0.05,understand,0.9,0.315,0.20833542400533603,0.2,0.92,0.1,0.7671559674854541,0.31622776601683794
415,neutral,7,understand,0.023572755889441646,create,0.05,create,0.75,0.26249999999999996,0.25524177524859926,0.2,0.02,0.0,0.6441690193591576,0.5
415,neutral,7,understand,0.023572755889441646,explore,0.05,explore,0.75,0.26249999999999996,0.25524177524859926,0.2,0.02,0.0,0.6441690193591576,0.5
415,neutral,7,understand,0.023572755889441646,finish,0.05,finish,0.75,0.26249999999999996,0.25524177524859926,0.2,0.02,0.0,0.6441690193591576,0.5
415,neutral,7,understand,0.03653777162863455,connect,0.05,connect,0.6,0.21,0.24176847965501785,0.2,0.02,0.1,0.6652307080263832,0.4472135954999579
415,neutral,8,understand,0.004943565215905434,understand,0.05,understand,0.9090909090909091,0.3181818181818182,0.20457917847192014,0.2,0.92,0.1,0.7678174314378328,0.30151134457776363
415,neutral,8,understand,0.023572755889441646,create,0.05,create,0.75,0.26249999999999996,0.25524177524859926,0.2,0.02,0.0,0.6441690193591576,0.5
415,neutral,8,understand,0.023572755889441646,explore,0.05,explore,0.75,0.26249999999999996,0.25524177524859926,0.2,0.02,0.0,0.6441690193591576,0.5
415,neutral,8,understand,0.023572755889441646,finish,0.05,finish,0.75,0.26249999999999996,0.25524177524859926,0.2,0.02,0.0,0.6441690193591576,0.5
415,neutral,8,understand,0.03653777162863455,connect,0.05,connect,0.6,0.21,0.24176847965501785,0.2,0.02,0.1,0.6652307080263832,0.4472135954999579
415,neutral,9,understand,0.003954852172724348,understand,0.05,understand,0.9166666666666666,0.3208333333333333,0.201302841448408,0.2,0.92,0.1,0.7681813226090167,0.2886751345948129
415,neutral,9,understand,0.023572755889441646,create,0.05,create,0.75,0.26249999999999996,0.25524177524859926,0.2,0.02,0.0,0.6441690193591576,0.5
415,neutral,9,understand,0.023572755889441646,explore,0.05,explore,0.75,0.26249999999999996,0.25524177524859926,0.2,0.02,0.0,0.6441690193591576,0.5
415,neutral,9,understand,0.023572755889441646,finish,0.05,finish,0.75,0.26249999999999996,0.25524177524859926,0.2,0.02,0.0,0.6441690193591576,0.5
415,neutral,9,understand,0.03653777162863455,connect,0.05,connect,0.6,0.21,0.24176847965501785,0.2,0.02,0.1,0.6652307080263832,0.4472135954999579
415,no-aversion,0,understand,0.0,understand,0.05,understand,0.75,0.26249999999999996,0.25524177524859926,0.25270934184389376,0.92,0.1,0.8204511170924929,0.5
415,no-aversion,0,understand,0.0,create,0.05,create,0.75,0.26249999999999996,0.25524177524859926,0.0756160317204877,0.02,0.0,0.5433578069690869,0.5
415,no-aversion,0,understand,0.0,explore,0.05,explore,0.75,0.26249999999999996,0.25524177524859926,0.20269543553970382,0.02,0.0,0.670437210788303,0.5
415,no-aversion,0,understand,0.0,finish,0.05,finish,0.75,0.26249999999999996,0.25524177524859926,0.2309590774042694,0.02,0.0,0.6987008526528686,0.5
415,no-aversion,0,understand,0.0,connect,0.05,connect,0.75,0.26249999999999996,0.25524177524859926,0.2380201134916452,0.02,0.1,0.8057618887402443,0.5
415,no-aversion,1,connect,0.0,understand,0.05,understand,0.8,0.27999999999999997,0.24176847965501785,0.2745145254488324,0.92,0.1,0.8462830051038502,0.4472135954999579
415,no-aversion,1,connect,0.0,create,0.05,create,0.75,0.26249999999999996,0.25524177524859926,0.07579064205253239,0.02,0.0,0.5435324173011316,0.5
415,no-aversion,1,connect,0.0,explore,0.05,explore,0.75,0.26249999999999996,0.25524177524859926,0.19644114148045608,0.02,0.0,0.6641829167290553,0.5
415,no-aversion,1,connect,0.0,finish,0.05,finish,0.75,0.26249999999999996,0.25524177524859926,0.22327493518838795,0.02,0.0,0.6910167104369871,0.5
415,no-aversion,1,connect,0.0,connect,0.05,connect,0.75,0.26249999999999996,0.25524177524859926,0.2299787558297912,0.02,0.1,0.7977205310783904,0.5
415,no-aversion,2,understand,0.0,understand,0.05,understand,0.8,0.27999999999999997,0.24176847965501785,0.27667616503446213,0.92,0.1,0.8484446446894799,0.4472135954999579
415,no-aversion,2,understand,0.0,create,0.05,create,0.75,0.26249999999999996,0.25524177524859926,0.07928308961645901,0.02,0.0,0.5470248648650582,0.5
415,no-aversion,2,understand,0.0,explore,0.05,explore,0.75,0.26249999999999996,0.25524177524859926,0.19912562049787444,0.02,0.0,0.6668673957464736,0.5
415,no-aversion,2,understand,0.0,finish,0.05,finish,0.75,0.26249999999999996,0.25524177524859926,0.22577971448303433,0.02,0.0,0.6935214897316335,0.5
415,no-aversion,2,understand,0.0,connect,0.05,connect,0.6,0.21,0.24176847965501785,0.21913541036817002,0.02,0.1,0.7209038900231878,0.4472135954999579
415,no-aversion,3,understand,0.0,understand,0.05,understand,0.8333333333333334,0.2916666666666667,0.23182290602450184,0.29929581463692406,0.92,0.1,0.8727853873280925,0.4082482904638631
415,no-aversion,3,understand,0.0,create,0.05,create,0.75,0.26249999999999996,0.25524177524859926,0.07905001309889326,0.02,0.0,0.5467917883474924,0.5
415,no-aversion,3,understand,0.0,explore,0.05,explore,0.75,0.26249999999999996,0.25524177524859926,0.19249392094816015,0.02,0.0,0.6602356961967593,0.5
415,no-aversion,3,understand,0.0,finish,0.05,finish,0.75,0.26249999999999996,0.25524177524859926,0.2177249016327235,0.02,0.0,0.6854666768813227,0.5
415,no-aversion,3,understand,0.0,connect,0.05,connect,0.6,0.21,0.24176847965501785,0.211435349683299,0.02,0.1,0.7132038293383168,0.4472135954999579
415,no-aversion,4,understand,0.0,understand,0.05,understand,0.8571428571428571,0.3,0.22409321069607605,0.322550337298195,0.92,0.1,0.8966435479942709,0.3779644730092272
415,no-aversion,4,understand,0.0,create,0.05,create,0.75,0.26249999999999996,0.25524177524859926,0.07862151017942463,0.02,0.0,0.5463632854280238,0.5
415,no-aversion,4,understand,0.0,explore,0.05,explore,0.75,0.26249999999999996,0.25524177524859926,0.18571011639859678,0.02,0.0,0.653451891647196,0.5
415,no-aversion,4,understand,0.0,finish,0.05,finish,0.75,0.26249999999999996,0.25524177524859926,0.2095276188654796,0.02,0.0,0.6772693941140788,0.5
415,no-aversion,4,understand,0.0,connect,0.05,connect,0.6,0.21,0.24176847965501785,0.203590417258304,0.02,0.1,0.7053588969133219,0.4472135954999579
415,no-aversion,5,understand,0.0,understand,0.05,understand,0.875,0.30624999999999997,0.21786248268448824,0.3463232465931685,0.92,0.1,0.9204357292776566,0.35355339059327373
415,no-aversion,5,understand,0.0,create,0.05,create,0.75,0.26249999999999996,0.25524177524859926,0.07800565993229487,0.02,0.0,0.545747435180894,0.5
415,no-aversion,5,understand,0.0,explore,0.05,explore,0.75,0.26249999999999996,0.25524177524859926,0.17880711943610275,0.02,0.0,0.6465488946847019,0.5
415,no-aversion,5,understand,0.0,finish,0.05,finish,0.75,0.26249999999999996,0.25524177524859926,0.2012263019725126,0.02,0.0,0.6689680772211117,0.5
415,no-aversion,5,understand,0.0,connect,0.05,connect,0.6,0.21,0.24176847965501785,0.19563767206592123,0.02,0.1,0.697406151720939,0.4472135954999579
415,no-aversion,6,understand,0.0,understand,0.05,understand,0.8888888888888888,0.31111111111111106,0.21270147937383269,0.37048654411728194,0.92,0.1,0.9442991346022256,0.3333333333333333
415,no-aversion,6,understand,0.0,create,0.05,create,0.75,0.26249999999999996,0.25524177524859926,0.07721282538204173,0.02,0.0,0.5449546006306409,0.5
415,no-aversion,6,understand,0.0,explore,0.05,explore,0.75,0.26249999999999996,0.25524177524859926,0.17182082766434642,0.02,0.0,0.6395626029129455,0.5
415,no-aversion,6,understand,0.0,finish,0.05,finish,0.75,0.26249999999999996,0.25524177524859926,0.19286252768548492,0.02,0.0,0.6606043029340841,0.5
415,no-aversion,6,understand,0.0,connect,0.05,connect,0.6,0.21,0.24176847965501785,0.187617275150845,0.02,0.1,0.6893857548058627,0.4472135954999579
415,no-aversion,7,understand,0.0,understand,0.05,understand,0.9,0.315,0.20833542400533603,0.39490330683002656,0.92,0.1,0.9682387308353625,0.31622776601683794
415,no-aversion,7,understand,0.0,create,0.05,create,0.75,0.26249999999999996,0.25524177524859926,0.07625551682464059,0.02,0.0,0.5439972920732398,0.5
415,no-aversion,7,understand,0.0,explore,0.05,explore,0.75,0.26249999999999996,0.25524177524859926,0.1647893849589961,0.02,0.0,0.6325311602075953,0.5
415,no-aversion,7,understand,0.0,finish,0.05,finish,0.75,0.26249999999999996,0.25524177524859926,0.18448014102670537,0.02,0.0,0.6522219162753046,0.5
415,no-aversion,7,understand,0.0,connect,0.05,connect,0.6,0.21,0.24176847965501785,0.1795716503596314,0.02,0.1,0.6813401300146492,0.4472135954999579
415,no-aversion,8,understand,0.0,understand,0.05,understand,0.9090909090909091,0.3181818181818182,0.20457917847192014,0.4194306999038474,0.92,0.1,0.9921916965575858,0.30151134457776363
415,no-aversion,8,understand,0.0,create,0.05,create,0.75,0.26249999999999996,0.25524177524859926,0.07514817226420444,0.02,0.0,0.5428899475128036,0.5
415,no-aversion,8,understand,0.0,explore,0.05,explore,0.75,0.26249999999999996,0.25524177524859926,0.15775233211436848,0.02,0.0,0.6254941073629676,0.5
415,no-aversion,8,understand,0.0,finish,0.05,finish,0.75,0.26249999999999996,0.25524177524859926,0.1761242658846097,0.02,0.0,0.6438660411332089,0.5
415,no-aversion,8,understand,0.0,connect,0.05,connect,0.6,0.21,0.24176847965501785,0.17154452983297006,0.02,0.1,0.6733130094879879,0.4472135954999579
415,no-aversion,9,understand,0.0,understand,0.05,understand,0.9166666666666666,0.3208333333333333,0.201302841448408,0.4439232792274669,0.92,0.1,1.0160594540092083,0.2886751345948129
415,no-aversion,9,understand,0.0,create,0.05,create,0.75,0.26249999999999996,0.25524177524859926,0.07390686287025379,0.02,0.0,0.541648638118853,0.5
415,no-aversion,9,understand,0.0,explore,0.05,explore,0.75,0.26249999999999996,0.25524177524859926,0.15074968553872434,0.02,0.0,0.6184914607873235,0.5
415,no-aversion,9,understand,0.0,finish,0.05,finish,0.75,0.26249999999999996,0.25524177524859926,0.16784024431136138,0.02,0.0,0.6355820195599605,0.5
415,no-aversion,9,understand,0.0,connect,0.05,connect,0.6,0.21,0.24176847965501785,0.1635799280521936,0.02,0.1,0.6653484077072114,0.4472135954999579
415,no-dream,0,understand,0.023572755889441646,understand,0.05,understand,0.75,0.26249999999999996,0.25524177524859926,0.25270934184389376,0.92,0.1,0.7968783612030512,0.5
415,no-dream,0,understand,0.023572755889441646,create,0.05,create,0.75,0.26249999999999996,0.25524177524859926,0.0756160317204877,0.02,0.0,0.5197850510796452,0.5
415,no-dream,0,understand,0.023572755889441646,explore,0.05,explore,0.75,0.26249999999999996,0.25524177524859926,0.20269543553970382,0.02,0.0,0.6468644548988614,0.5
415,no-dream,0,understand,0.023572755889441646,finish,0.05,finish,0.75,0.26249999999999996,0.25524177524859926,0.2309590774042694,0.02,0.0,0.675128096763427,0.5
415,no-dream,0,understand,0.023572755889441646,connect,0.05,connect,0.75,0.26249999999999996,0.25524177524859926,0.2380201134916452,0.02,0.1,0.7821891328508027,0.5
415,no-dream,1,connect,0.018858204711553316,understand,0.05,understand,0.8,0.27999999999999997,0.24176847965501785,0.2745145254488324,0.92,0.1,0.8274248003922969,0.4472135954999579
415,no-dream,1,connect,0.023572755889441646,create,0.05,create,0.75,0.26249999999999996,0.25524177524859926,0.07579064205253239,0.02,0.0,0.5199596614116899,0.5
415,no-dream,1,connect,0.023572755889441646,explore,0.05,explore,0.75,0.26249999999999996,0.25524177524859926,0.19644114148045608,0.02,0.0,0.6406101608396136,0.5
415,no-dream,1,connect,0.023572755889441646,finish,0.05,finish,0.75,0.26249999999999996,0.25524177524859926,0.22327493518838795,0.02,0.0,0.6674439545475455,0.5
415,no-dream,1,connect,0.023572755889441646,connect,0.05,connect,0.75,0.26249999999999996,0.25524177524859926,0.2299787558297912,0.02,0.1,0.7741477751889487,0.5
415,no-dream,2,understand,0.018858204711553316,understand,0.05,understand,0.8,0.27999999999999997,0.24176847965501785,0.27667616503446213,0.92,0.1,0.8295864399779266,0.4472135954999579
415,no-dream,2,understand,0.023572755889441646,create,0.05,create,0.75,0.26249999999999996,0.25524177524859926,0.07928308961645901,0.02,0.0,0.5234521089756166,0.5
415,no-dream,2,understand,0.023572755889441646,explore,0.05,explore,0.75,0.26249999999999996,0.25524177524859926,0.19912562049787444,0.02,0.0,0.643294639857032,0.5
415,no-dream,2,understand,0.023572755889441646,finish,0.05,finish,0.75,0.26249999999999996,0.25524177524859926,0.22577971448303433,0.02,0.0,0.6699487338421919,0.5
415,no-dream,2,understand,0.03653777162863455,connect,0.05,connect,0.6,0.21,0.24176847965501785,0.21913541036817002,0.02,0.1,0.6843661183945532,0.4472135954999579
415,no-dream,3,understand,0.015086563769242655,understand,0.05,understand,0.8333333333333334,0.2916666666666667,0.23182290602450184,0.29929581463692406,0.92,0.1,0.8576988235588499,0.4082482904638631
415,no-dream,3,understand,0.023572755889441646,create,0.05,create,0.75,0.26249999999999996,0.25524177524859926,0.07905001309889326,0.02,0.0,0.5232190324580508,0.5
415,no-dream,3,understand,0.023572755889441646,explore,0.05,explore,0.75,0.26249999999999996,0.25524177524859926,0.19249392094816015,0.02,0.0,0.6366629403073176,0.5
415,no-dream,3,understand,0.023572755889441646,finish,0.05,finish,0.75,0.26249999999999996,0.25524177524859926,0.2177249016327235,0.02,0.0,0.661893920991881,0.5
415,no-dream,3,understand,0.03653777162863455,connect,0.05,connect,0.6,0.21,0.24176847965501785,0.211435349683299,0.02,0.1,0.6766660577096822,0.4472135954999579
415,no-dream,4,understand,0.012069251015394125,understand,0.05,understand,0.8571428571428571,0.3,0.22409321069607605,0.322550337298195,0.92,0.1,0.8845742969788768,0.3779644730092272
415,no-dream,4,understand,0.023572755889441646,create,0.05,create,0.75,0.26249999999999996,0.25524177524859926,0.07862151017942463,0.02,0.0,0.5227905295385822,0.5
415,no-dream,4,understand,0.023572755889441646,explore,0.05,explore,0.75,0.26249999999999996,0.25524177524859926,0.18571011639859678,0.02,0.0,0.6298791357577543,0.5
415,no-dream,4,understand,0.023572755889441646,finish,0.05,finish,0.75,0.26249999999999996,0.25524177524859926,0.2095276188654796,0.02,0.0,0.6536966382246372,0.5
415,no-dream,4,understand,0.03653777162863455,connect,0.05,connect,0.6,0.21,0.24176847965501785,0.203590417258304,0.02,0.1,0.6688211252846873,0.4472135954999579
415,no-dream,5,understand,0.0096554008123153,understand,0.05,understand,0.875,0.30624999999999997,0.21786248268448824,0.3463232465931685,0.92,0.1,0.9107803284653413,0.35355339059327373
415,no-dream,5,understand,0.023572755889441646,create,0.05,create,0.75,0.26249999999999996,0.25524177524859926,0.07800565993229487,0.02,0.0,0.5221746792914523,0.5
415,no-dream,5,understand,0.023572755889441646,explore,0.05,explore,0.75,0.26249999999999996,0.25524177524859926,0.17880711943610275,0.02,0.0,0.6229761387952603,0.5
415,no-dream,5,understand,0.023572755889441646,finish,0.05,finish,0.75,0.26249999999999996,0.25524177524859926,0.2012263019725126,0.02,0.0,0.6453953213316701,0.5
415,no-dream,5,understand,0.03653777162863455,connect,0.05,connect,0.6,0.21,0.24176847965501785,0.19563767206592123,0.02,0.1,0.6608683800923044,0.4472135954999579
415,no-dream,6,understand,0.00772432064985224,understand,0.05,understand,0.8888888888888888,0.31111111111111106,0.21270147937383269,0.37048654411728194,0.92,0.1,0.9365748139523733,0.3333333333333333
415,no-dream,6,understand,0.023572755889441646,create,0.05,create,0.75,0.26249999999999996,0.25524177524859926,0.07721282538204173,0.02,0.0,0.5213818447411993,0.5
415,no-dream,6,understand,0.023572755889441646,explore,0.05,explore,0.75,0.26249999999999996,0.25524177524859926,0.17182082766434642,0.02,0.0,0.6159898470235039,0.5
415,no-dream,6,understand,0.023572755889441646,finish,0.05,finish,0.75,0.26249999999999996,0.25524177524859926,0.19286252768548492,0.02,0.0,0.6370315470446425,0.5
415,no-dream,6,understand,0.03653777162863455,connect,0.05,connect,0.6,0.21,0.24176847965501785,0.187617275150845,0.02,0.1,0.6528479831772281,0.4472135954999579
415,no-dream,7,understand,0.006179456519881793,understand,0.05,understand,0.9,0.315,0.20833542400533603,0.39490330683002656,0.92,0.1,0.9620592743154807,0.31622776601683794
415,no-dream,7,understand,0.023572755889441646,create,0.05,create,0.75,0.26249999999999996,0.25524177524859926,0.07625551682464059,0.02,0.0,0.5204245361837981,0.5
415,no-dream,7,understand,0.023572755889441646,explore,0.05,explore,0.75,0.26249999999999996,0.25524177524859926,0.1647893849589961,0.02,0.0,0.6089584043181536,0.5
415,no-dream,7,understand,0.023572755889441646,finish,0.05,finish,0.75,0.26249999999999996,0.25524177524859926,0.18448014102670537,0.02,0.0,0.6286491603858629,0.5
415,no-dream,7,understand,0.03653777162863455,connect,0.05,connect,0.6,0.21,0.24176847965501785,0.1795716503596314,0.02,0.1,0.6448023583860146,0.4472135954999579
415,no-dream,8,understand,0.004943565215905434,understand,0.05,understand,0.9090909090909091,0.3181818181818182,0.20457917847192014,0.4194306999038474,0.92,0.1,0.9872481313416803,0.30151134457776363
415,no-dream,8,understand,0.023572755889441646,create,0.05,create,0.75,0.26249999999999996,0.25524177524859926,0.07514817226420444,0.02,0.0,0.519317191623362,0.5
415,no-dream,8,understand,0.023572755889441646,explore,0.05,explore,0.75,0.26249999999999996,0.25524177524859926,0.15775233211436848,0.02,0.0,0.601921351473526,0.5
415,no-dream,8,understand,0.023572755889441646,finish,0.05,finish,0.75,0.26249999999999996,0.25524177524859926,0.1761242658846097,0.02,0.0,0.6202932852437673,0.5
415,no-dream,8,understand,0.03653777162863455,connect,0.05,connect,0.6,0.21,0.24176847965501785,0.17154452983297006,0.02,0.1,0.6367752378593533,0.4472135954999579
415,no-dream,9,understand,0.003954852172724348,understand,0.05,understand,0.9166666666666666,0.3208333333333333,0.201302841448408,0.4439232792274669,0.92,0.1,1.0121046018364839,0.2886751345948129
415,no-dream,9,understand,0.023572755889441646,create,0.05,create,0.75,0.26249999999999996,0.25524177524859926,0.07390686287025379,0.02,0.0,0.5180758822294114,0.5
415,no-dream,9,understand,0.023572755889441646,explore,0.05,explore,0.75,0.26249999999999996,0.25524177524859926,0.15074968553872434,0.02,0.0,0.5949187048978819,0.5
415,no-dream,9,understand,0.023572755889441646,finish,0.05,finish,0.75,0.26249999999999996,0.25524177524859926,0.16784024431136138,0.02,0.0,0.6120092636705189,0.5
415,no-dream,9,understand,0.03653777162863455,connect,0.05,connect,0.6,0.21,0.24176847965501785,0.1635799280521936,0.02,0.1,0.6288106360785768,0.4472135954999579
415,restarted,0,understand,0.023572755889441646,understand,0.05,understand,0.75,0.26249999999999996,0.25524177524859926,0.25270934184389376,0.92,0.1,0.7968783612030512,0.5
415,restarted,0,understand,0.023572755889441646,create,0.05,create,0.75,0.26249999999999996,0.25524177524859926,0.0756160317204877,0.02,0.0,0.5197850510796452,0.5
415,restarted,0,understand,0.023572755889441646,explore,0.05,explore,0.75,0.26249999999999996,0.25524177524859926,0.20269543553970382,0.02,0.0,0.6468644548988614,0.5
415,restarted,0,understand,0.023572755889441646,finish,0.05,finish,0.75,0.26249999999999996,0.25524177524859926,0.2309590774042694,0.02,0.0,0.675128096763427,0.5
415,restarted,0,understand,0.023572755889441646,connect,0.05,connect,0.75,0.26249999999999996,0.25524177524859926,0.2380201134916452,0.02,0.1,0.7821891328508027,0.5
415,restarted,1,connect,0.018858204711553316,understand,0.05,understand,0.8,0.27999999999999997,0.24176847965501785,0.2745145254488324,0.92,0.1,0.8274248003922969,0.4472135954999579
415,restarted,1,connect,0.023572755889441646,create,0.05,create,0.75,0.26249999999999996,0.25524177524859926,0.07579064205253239,0.02,0.0,0.5199596614116899,0.5
415,restarted,1,connect,0.023572755889441646,explore,0.05,explore,0.75,0.26249999999999996,0.25524177524859926,0.19644114148045608,0.02,0.0,0.6406101608396136,0.5
415,restarted,1,connect,0.023572755889441646,finish,0.05,finish,0.75,0.26249999999999996,0.25524177524859926,0.22327493518838795,0.02,0.0,0.6674439545475455,0.5
415,restarted,1,connect,0.023572755889441646,connect,0.05,connect,0.75,0.26249999999999996,0.25524177524859926,0.2299787558297912,0.02,0.1,0.7741477751889487,0.5
415,restarted,2,understand,0.018858204711553316,understand,0.05,understand,0.8,0.27999999999999997,0.24176847965501785,0.27667616503446213,0.92,0.1,0.8295864399779266,0.4472135954999579
415,restarted,2,understand,0.023572755889441646,create,0.05,create,0.75,0.26249999999999996,0.25524177524859926,0.07928308961645901,0.02,0.0,0.5234521089756166,0.5
415,restarted,2,understand,0.023572755889441646,explore,0.05,explore,0.75,0.26249999999999996,0.25524177524859926,0.19912562049787444,0.02,0.0,0.643294639857032,0.5
415,restarted,2,understand,0.023572755889441646,finish,0.05,finish,0.75,0.26249999999999996,0.25524177524859926,0.22577971448303433,0.02,0.0,0.6699487338421919,0.5
415,restarted,2,understand,0.03653777162863455,connect,0.05,connect,0.6,0.21,0.24176847965501785,0.21913541036817002,0.02,0.1,0.6843661183945532,0.4472135954999579
415,restarted,3,understand,0.015086563769242655,understand,0.05,understand,0.8333333333333334,0.2916666666666667,0.23182290602450184,0.29929581463692406,0.92,0.1,0.8576988235588499,0.4082482904638631
415,restarted,3,understand,0.023572755889441646,create,0.05,create,0.75,0.26249999999999996,0.25524177524859926,0.07905001309889326,0.02,0.0,0.5232190324580508,0.5
415,restarted,3,understand,0.023572755889441646,explore,0.05,explore,0.75,0.26249999999999996,0.25524177524859926,0.19249392094816015,0.02,0.0,0.6366629403073176,0.5
415,restarted,3,understand,0.023572755889441646,finish,0.05,finish,0.75,0.26249999999999996,0.25524177524859926,0.2177249016327235,0.02,0.0,0.661893920991881,0.5
415,restarted,3,understand,0.03653777162863455,connect,0.05,connect,0.6,0.21,0.24176847965501785,0.211435349683299,0.02,0.1,0.6766660577096822,0.4472135954999579
415,restarted,4,understand,0.012069251015394125,understand,0.05,understand,0.8571428571428571,0.3,0.22409321069607605,0.322550337298195,0.92,0.1,0.8845742969788768,0.3779644730092272
415,restarted,4,understand,0.023572755889441646,create,0.05,create,0.75,0.26249999999999996,0.25524177524859926,0.07862151017942463,0.02,0.0,0.5227905295385822,0.5
415,restarted,4,understand,0.023572755889441646,explore,0.05,explore,0.75,0.26249999999999996,0.25524177524859926,0.18571011639859678,0.02,0.0,0.6298791357577543,0.5
415,restarted,4,understand,0.023572755889441646,finish,0.05,finish,0.75,0.26249999999999996,0.25524177524859926,0.2095276188654796,0.02,0.0,0.6536966382246372,0.5
415,restarted,4,understand,0.03653777162863455,connect,0.05,connect,0.6,0.21,0.24176847965501785,0.203590417258304,0.02,0.1,0.6688211252846873,0.4472135954999579
415,restarted,5,understand,0.0096554008123153,understand,0.05,understand,0.875,0.30624999999999997,0.21786248268448824,0.3463232465931685,0.92,0.1,0.9107803284653413,0.35355339059327373
415,restarted,5,understand,0.023572755889441646,create,0.05,create,0.75,0.26249999999999996,0.25524177524859926,0.07800565993229487,0.02,0.0,0.5221746792914523,0.5
415,restarted,5,understand,0.023572755889441646,explore,0.05,explore,0.75,0.26249999999999996,0.25524177524859926,0.17880711943610275,0.02,0.0,0.6229761387952603,0.5
415,restarted,5,understand,0.023572755889441646,finish,0.05,finish,0.75,0.26249999999999996,0.25524177524859926,0.2012263019725126,0.02,0.0,0.6453953213316701,0.5
415,restarted,5,understand,0.03653777162863455,connect,0.05,connect,0.6,0.21,0.24176847965501785,0.19563767206592123,0.02,0.1,0.6608683800923044,0.4472135954999579
415,restarted,6,understand,0.00772432064985224,understand,0.05,understand,0.8888888888888888,0.31111111111111106,0.21270147937383269,0.37048654411728194,0.92,0.1,0.9365748139523733,0.3333333333333333
415,restarted,6,understand,0.023572755889441646,create,0.05,create,0.75,0.26249999999999996,0.25524177524859926,0.07721282538204173,0.02,0.0,0.5213818447411993,0.5
415,restarted,6,understand,0.023572755889441646,explore,0.05,explore,0.75,0.26249999999999996,0.25524177524859926,0.17182082766434642,0.02,0.0,0.6159898470235039,0.5
415,restarted,6,understand,0.023572755889441646,finish,0.05,finish,0.75,0.26249999999999996,0.25524177524859926,0.19286252768548492,0.02,0.0,0.6370315470446425,0.5
415,restarted,6,understand,0.03653777162863455,connect,0.05,connect,0.6,0.21,0.24176847965501785,0.187617275150845,0.02,0.1,0.6528479831772281,0.4472135954999579
415,restarted,7,understand,0.006179456519881793,understand,0.05,understand,0.9,0.315,0.20833542400533603,0.39490330683002656,0.92,0.1,0.9620592743154807,0.31622776601683794
415,restarted,7,understand,0.023572755889441646,create,0.05,create,0.75,0.26249999999999996,0.25524177524859926,0.07625551682464059,0.02,0.0,0.5204245361837981,0.5
415,restarted,7,understand,0.023572755889441646,explore,0.05,explore,0.75,0.26249999999999996,0.25524177524859926,0.1647893849589961,0.02,0.0,0.6089584043181536,0.5
415,restarted,7,understand,0.023572755889441646,finish,0.05,finish,0.75,0.26249999999999996,0.25524177524859926,0.18448014102670537,0.02,0.0,0.6286491603858629,0.5
415,restarted,7,understand,0.03653777162863455,connect,0.05,connect,0.6,0.21,0.24176847965501785,0.1795716503596314,0.02,0.1,0.6448023583860146,0.4472135954999579
415,restarted,8,understand,0.004943565215905434,understand,0.05,understand,0.9090909090909091,0.3181818181818182,0.20457917847192014,0.4194306999038474,0.92,0.1,0.9872481313416803,0.30151134457776363
415,restarted,8,understand,0.023572755889441646,create,0.05,create,0.75,0.26249999999999996,0.25524177524859926,0.07514817226420444,0.02,0.0,0.519317191623362,0.5
415,restarted,8,understand,0.023572755889441646,explore,0.05,explore,0.75,0.26249999999999996,0.25524177524859926,0.15775233211436848,0.02,0.0,0.601921351473526,0.5
415,restarted,8,understand,0.023572755889441646,finish,0.05,finish,0.75,0.26249999999999996,0.25524177524859926,0.1761242658846097,0.02,0.0,0.6202932852437673,0.5
415,restarted,8,understand,0.03653777162863455,connect,0.05,connect,0.6,0.21,0.24176847965501785,0.17154452983297006,0.02,0.1,0.6367752378593533,0.4472135954999579
415,restarted,9,understand,0.003954852172724348,understand,0.05,understand,0.9166666666666666,0.3208333333333333,0.201302841448408,0.4439232792274669,0.92,0.1,1.0121046018364839,0.2886751345948129
415,restarted,9,understand,0.023572755889441646,create,0.05,create,0.75,0.26249999999999996,0.25524177524859926,0.07390686287025379,0.02,0.0,0.5180758822294114,0.5
415,restarted,9,understand,0.023572755889441646,explore,0.05,explore,0.75,0.26249999999999996,0.25524177524859926,0.15074968553872434,0.02,0.0,0.5949187048978819,0.5
415,restarted,9,understand,0.023572755889441646,finish,0.05,finish,0.75,0.26249999999999996,0.25524177524859926,0.16784024431136138,0.02,0.0,0.6120092636705189,0.5
415,restarted,9,understand,0.03653777162863455,connect,0.05,connect,0.6,0.21,0.24176847965501785,0.1635799280521936,0.02,0.1,0.6288106360785768,0.4472135954999579
416,updated,0,create,0.014973815272002916,understand,0.05,understand,0.75,0.26249999999999996,0.275557385882178,0.24870146210628424,0.02,0.1,0.8217850327164592,0.5
416,updated,0,create,0.014973815272002916,create,0.05,create,0.75,0.26249999999999996,0.275557385882178,0.40371961941422346,0.92,0.0,0.8768031900243984,0.5
416,updated,0,create,0.014973815272002916,explore,0.05,explore,0.75,0.26249999999999996,0.275557385882178,0.16613650217775439,0.02,0.0,0.6392200727879294,0.5
416,updated,0,create,0.014973815272002916,finish,0.05,finish,0.75,0.26249999999999996,0.275557385882178,0.06737742100974706,0.02,0.1,0.6404609916199221,0.5
416,updated,0,create,0.014973815272002916,connect,0.05,connect,0.75,0.26249999999999996,0.275557385882178,0.11406499529199078,0.02,0.0,0.5871485659021658,0.5
416,updated,1,create,0.014973815272002916,understand,0.05,understand,0.75,0.26249999999999996,0.275557385882178,0.24179106754999938,0.02,0.1,0.8148746381601742,0.5
416,updated,1,create,0.015722506035603063,create,0.05,create,0.8,0.27999999999999997,0.26101170224802717,0.4138781074394459,0.92,0.0,0.8891673036518699,0.4472135954999579
416,updated,1,create,0.014973815272002916,explore,0.05,explore,0.75,0.26249999999999996,0.275557385882178,0.16284818640506404,0.02,0.0,0.635931757015239,0.5
416,updated,1,create,0.014973815272002916,finish,0.05,finish,0.75,0.26249999999999996,0.275557385882178,0.06842161109542054,0.02,0.1,0.6415051817055956,0.5
416,updated,1,create,0.014973815272002916,connect,0.05,connect,0.75,0.26249999999999996,0.275557385882178,0.11306102751007018,0.02,0.0,0.5861445981202451,0.5
416,updated,2,create,0.014973815272002916,understand,0.05,understand,0.75,0.26249999999999996,0.275557385882178,0.2350422302592665,0.02,0.1,0.8081258008694415,0.5
416,updated,2,create,0.01632145864648318,create,0.05,create,0.8333333333333334,0.2916666666666667,0.2502745246521792,0.4239341934624211,0.92,0.0,0.8995539261347837,0.4082482904638631
416,updated,2,create,0.014973815272002916,explore,0.05,explore,0.75,0.26249999999999996,0.275557385882178,0.15960875991799167,0.02,0.0,0.6326923305281666,0.5
416,updated,2,create,0.014973815272002916,finish,0.05,finish,0.75,0.26249999999999996,0.275557385882178,0.0693799240211766,0.02,0.1,0.6424634946313516,0.5
416,updated,2,create,0.014973815272002916,connect,0.05,connect,0.75,0.26249999999999996,0.275557385882178,0.11203489233914408,0.02,0.0,0.5851184629493191,0.5
416,updated,3,create,0.014973815272002916,understand,0.05,understand,0.75,0.26249999999999996,0.275557385882178,0.22845732082651893,0.02,0.1,0.8015408914366938,0.5
416,updated,3,create,0.016800620735187274,create,0.05,create,0.8571428571428571,0.3,0.24192959507984665,0.4338767842163334,0.92,0.0,0.9090057585609927,0.3779644730092272
416,updated,3,create,0.014973815272002916,explore,0.05,explore,0.75,0.26249999999999996,0.275557385882178,0.156420927048377,0.02,0.0,0.629504497658552,0.5
416,updated,3,create,0.014973815272002916,finish,0.05,finish,0.75,0.26249999999999996,0.275557385882178,0.07025546331722142,0.02,0.1,0.6433390339273964,0.5
416,updated,3,create,0.014973815272002916,connect,0.05,connect,0.75,0.26249999999999996,0.275557385882178,0.11098950459154926,0.02,0.0,0.5840730752017242,0.5
416,updated,4,create,0.014973815272002916,understand,0.05,understand,0.75,0.26249999999999996,0.275557385882178,0.2220383277500944,0.02,0.1,0.7951218983602694,0.5
416,updated,4,create,0.017183950406150547,create,0.05,create,0.875,0.30624999999999997,0.23520294102275213,0.44369532154450353,0.92,0.0,0.9179643121611051,0.35355339059327373
416,updated,4,create,0.014973815272002916,explore,0.05,explore,0.75,0.26249999999999996,0.275557385882178,0.15328721581501056,0.02,0.0,0.6263707864251855,0.5
416,updated,4,create,0.014973815272002916,finish,0.05,finish,0.75,0.26249999999999996,0.275557385882178,0.07105140234322894,0.02,0.1,0.6441349729534039,0.5
416,updated,4,create,0.014973815272002916,connect,0.05,connect,0.75,0.26249999999999996,0.275557385882178,0.10992773254716263,0.02,0.0,0.5830113031573376,0.5
416,updated,5,create,0.014973815272002916,understand,0.05,understand,0.75,0.26249999999999996,0.275557385882178,0.21578685290638228,0.02,0.1,0.7888704235165572,0.5
416,updated,5,create,0.017490614142921166,create,0.05,create,0.8888888888888888,0.31111111111111106,0.22963115490181496,0.4533798214883356,0.92,0.0,0.9266314733583404,0.3333333333333333
416,updated,5,create,0.014973815272002916,explore,0.05,explore,0.75,0.26249999999999996,0.275557385882178,0.1502099690499435,0.02,0.0,0.6232935396601185,0.5
416,updated,5,create,0.014973815272002916,finish,0.05,finish,0.75,0.26249999999999996,0.275557385882178,0.07177097021643018,0.02,0.1,0.6448545408266052,0.5
416,updated,5,create,0.014973815272002916,connect,0.05,connect,0.75,0.26249999999999996,0.275557385882178,0.1088523863389084,0.02,0.0,0.5819359569490834,0.5
416,updated,6,create,0.014973815272002916,understand,0.05,understand,0.75,0.26249999999999996,0.275557385882178,0.20970411011076787,0.02,0.1,0.7827876807209427,0.5
416,updated,6,create,0.017735945132337665,create,0.05,create,0.9,0.315,0.2249175894880499,0.4629209079474679,0.92,0.0,0.9351025523031801,0.31622776601683794
416,updated,6,create,0.014973815272002916,explore,0.05,explore,0.75,0.26249999999999996,0.275557385882178,0.1471913371784047,0.02,0.0,0.6202749077885796,0.5
416,updated,6,create,0.014973815272002916,finish,0.05,finish,0.75,0.26249999999999996,0.275557385882178,0.0724174376766238,0.02,0.1,0.6455010082867988,0.5
416,updated,6,create,0.014973815272002916,connect,0.05,connect,0.75,0.26249999999999996,0.275557385882178,0.10776620708673579,0.02,0.0,0.5808497776969108,0.5
416,updated,7,create,0.014973815272002916,understand,0.05,understand,0.75,0.26249999999999996,0.275557385882178,0.20379092666840487,0.02,0.1,0.7768744972785798,0.5
416,updated,7,create,0.017932209923870863,create,0.05,create,0.9090909090909091,0.3181818181818182,0.22086237086675814,0.4723098407621954,0.92,0.0,0.9434218198869008,0.30151134457776363
416,updated,7,create,0.014973815272002916,explore,0.05,explore,0.75,0.26249999999999996,0.275557385882178,0.14423327266643354,0.02,0.0,0.6173168432766085,0.5
416,updated,7,create,0.014973815272002916,finish,0.05,finish,0.75,0.26249999999999996,0.275557385882178,0.07299410303747408,0.02,0.1,0.6460776736476491,0.5
416,updated,7,create,0.014973815272002916,connect,0.05,connect,0.75,0.26249999999999996,0.275557385882178,0.10667185686549216,0.02,0.0,0.5797554274756671,0.5
416,updated,8,create,0.014973815272002916,understand,0.05,understand,0.75,0.26249999999999996,0.275557385882178,0.1980477477792333,0.02,0.1,0.7711313183894083,0.5
416,updated,8,create,0.01808922175709742,create,0.05,create,0.9166666666666666,0.3208333333333333,0.2173252583992215,0.48153853815103975,0.92,0.0,0.9516079081264972,0.2886751345948129
416,updated,8,create,0.014973815272002916,explore,0.05,explore,0.75,0.26249999999999996,0.275557385882178,0.14133752612691114,0.02,0.0,0.6144210967370861,0.5
416,updated,8,create,0.014973815272002916,finish,0.05,finish,0.75,0.26249999999999996,0.275557385882178,0.07350427836580978,0.02,0.1,0.6465878489759848,0.5
416,updated,8,create,0.014973815272002916,connect,0.05,connect,0.75,0.26249999999999996,0.275557385882178,0.1055719095770061,0.02,0.0,0.578655480187181,0.5
416,updated,9,create,0.014973815272002916,understand,0.05,understand,0.75,0.26249999999999996,0.275557385882178,0.19247464362925892,0.02,0.1,0.7655582142394338,0.5
416,updated,9,create,0.018214831223678667,create,0.05,create,0.9230769230769231,0.3230769230769231,0.21420456095116666,0.4905995935161364,0.92,0.0,0.9596662463205475,0.2773500981126146
416,updated,9,create,0.014973815272002916,explore,0.05,explore,0.75,0.26249999999999996,0.275557385882178,0.13850564405258986,0.02,0.0,0.6115892146627648,0.5
416,updated,9,create,0.014973815272002916,finish,0.05,finish,0.75,0.26249999999999996,0.275557385882178,0.07395127602089552,0.02,0.1,0.6470348466310705,0.5
416,updated,9,create,0.014973815272002916,connect,0.05,connect,0.75,0.26249999999999996,0.275557385882178,0.10446884278111937,0.02,0.0,0.5775524133912944,0.5
416,frozen,0,create,0.014973815272002916,understand,0.05,understand,0.75,0.26249999999999996,0.275557385882178,0.24870146210628424,0.02,0.1,0.8217850327164592,0.5
416,frozen,0,create,0.014973815272002916,create,0.05,create,0.75,0.26249999999999996,0.275557385882178,0.40371961941422346,0.92,0.0,0.8768031900243984,0.5
416,frozen,0,create,0.014973815272002916,explore,0.05,explore,0.75,0.26249999999999996,0.275557385882178,0.16613650217775439,0.02,0.0,0.6392200727879294,0.5
416,frozen,0,create,0.014973815272002916,finish,0.05,finish,0.75,0.26249999999999996,0.275557385882178,0.06737742100974706,0.02,0.1,0.6404609916199221,0.5
416,frozen,0,create,0.014973815272002916,connect,0.05,connect,0.75,0.26249999999999996,0.275557385882178,0.11406499529199078,0.02,0.0,0.5871485659021658,0.5
416,frozen,1,create,0.014973815272002916,understand,0.05,understand,0.75,0.26249999999999996,0.275557385882178,0.24870146210628424,0.02,0.1,0.8217850327164592,0.5
416,frozen,1,create,0.014973815272002916,create,0.05,create,0.75,0.26249999999999996,0.275557385882178,0.40371961941422346,0.92,0.0,0.8768031900243984,0.5
416,frozen,1,create,0.014973815272002916,explore,0.05,explore,0.75,0.26249999999999996,0.275557385882178,0.16613650217775439,0.02,0.0,0.6392200727879294,0.5
416,frozen,1,create,0.014973815272002916,finish,0.05,finish,0.75,0.26249999999999996,0.275557385882178,0.06737742100974706,0.02,0.1,0.6404609916199221,0.5
416,frozen,1,create,0.014973815272002916,connect,0.05,connect,0.75,0.26249999999999996,0.275557385882178,0.11406499529199078,0.02,0.0,0.5871485659021658,0.5
416,frozen,2,create,0.014973815272002916,understand,0.05,understand,0.75,0.26249999999999996,0.275557385882178,0.24870146210628424,0.02,0.1,0.8217850327164592,0.5
416,frozen,2,create,0.014973815272002916,create,0.05,create,0.75,0.26249999999999996,0.275557385882178,0.40371961941422346,0.92,0.0,0.8768031900243984,0.5
416,frozen,2,create,0.014973815272002916,explore,0.05,explore,0.75,0.26249999999999996,0.275557385882178,0.16613650217775439,0.02,0.0,0.6392200727879294,0.5
416,frozen,2,create,0.014973815272002916,finish,0.05,finish,0.75,0.26249999999999996,0.275557385882178,0.06737742100974706,0.02,0.1,0.6404609916199221,0.5
416,frozen,2,create,0.014973815272002916,connect,0.05,connect,0.75,0.26249999999999996,0.275557385882178,0.11406499529199078,0.02,0.0,0.5871485659021658,0.5
416,frozen,3,create,0.014973815272002916,understand,0.05,understand,0.75,0.26249999999999996,0.275557385882178,0.24870146210628424,0.02,0.1,0.8217850327164592,0.5
416,frozen,3,create,0.014973815272002916,create,0.05,create,0.75,0.26249999999999996,0.275557385882178,0.40371961941422346,0.92,0.0,0.8768031900243984,0.5
416,frozen,3,create,0.014973815272002916,explore,0.05,explore,0.75,0.26249999999999996,0.275557385882178,0.16613650217775439,0.02,0.0,0.6392200727879294,0.5
416,frozen,3,create,0.014973815272002916,finish,0.05,finish,0.75,0.26249999999999996,0.275557385882178,0.06737742100974706,0.02,0.1,0.6404609916199221,0.5
416,frozen,3,create,0.014973815272002916,connect,0.05,connect,0.75,0.26249999999999996,0.275557385882178,0.11406499529199078,0.02,0.0,0.5871485659021658,0.5
416,frozen,4,create,0.014973815272002916,understand,0.05,understand,0.75,0.26249999999999996,0.275557385882178,0.24870146210628424,0.02,0.1,0.8217850327164592,0.5
416,frozen,4,create,0.014973815272002916,create,0.05,create,0.75,0.26249999999999996,0.275557385882178,0.40371961941422346,0.92,0.0,0.8768031900243984,0.5
416,frozen,4,create,0.014973815272002916,explore,0.05,explore,0.75,0.26249999999999996,0.275557385882178,0.16613650217775439,0.02,0.0,0.6392200727879294,0.5
416,frozen,4,create,0.014973815272002916,finish,0.05,finish,0.75,0.26249999999999996,0.275557385882178,0.06737742100974706,0.02,0.1,0.6404609916199221,0.5
416,frozen,4,create,0.014973815272002916,connect,0.05,connect,0.75,0.26249999999999996,0.275557385882178,0.11406499529199078,0.02,0.0,0.5871485659021658,0.5
416,frozen,5,create,0.014973815272002916,understand,0.05,understand,0.75,0.26249999999999996,0.275557385882178,0.24870146210628424,0.02,0.1,0.8217850327164592,0.5
416,frozen,5,create,0.014973815272002916,create,0.05,create,0.75,0.26249999999999996,0.275557385882178,0.40371961941422346,0.92,0.0,0.8768031900243984,0.5
416,frozen,5,create,0.014973815272002916,explore,0.05,explore,0.75,0.26249999999999996,0.275557385882178,0.16613650217775439,0.02,0.0,0.6392200727879294,0.5
416,frozen,5,create,0.014973815272002916,finish,0.05,finish,0.75,0.26249999999999996,0.275557385882178,0.06737742100974706,0.02,0.1,0.6404609916199221,0.5
416,frozen,5,create,0.014973815272002916,connect,0.05,connect,0.75,0.26249999999999996,0.275557385882178,0.11406499529199078,0.02,0.0,0.5871485659021658,0.5
416,frozen,6,create,0.014973815272002916,understand,0.05,understand,0.75,0.26249999999999996,0.275557385882178,0.24870146210628424,0.02,0.1,0.8217850327164592,0.5
416,frozen,6,create,0.014973815272002916,create,0.05,create,0.75,0.26249999999999996,0.275557385882178,0.40371961941422346,0.92,0.0,0.8768031900243984,0.5
416,frozen,6,create,0.014973815272002916,explore,0.05,explore,0.75,0.26249999999999996,0.275557385882178,0.16613650217775439,0.02,0.0,0.6392200727879294,0.5
416,frozen,6,create,0.014973815272002916,finish,0.05,finish,0.75,0.26249999999999996,0.275557385882178,0.06737742100974706,0.02,0.1,0.6404609916199221,0.5
416,frozen,6,create,0.014973815272002916,connect,0.05,connect,0.75,0.26249999999999996,0.275557385882178,0.11406499529199078,0.02,0.0,0.5871485659021658,0.5
416,frozen,7,create,0.014973815272002916,understand,0.05,understand,0.75,0.26249999999999996,0.275557385882178,0.24870146210628424,0.02,0.1,0.8217850327164592,0.5
416,frozen,7,create,0.014973815272002916,create,0.05,create,0.75,0.26249999999999996,0.275557385882178,0.40371961941422346,0.92,0.0,0.8768031900243984,0.5
416,frozen,7,create,0.014973815272002916,explore,0.05,explore,0.75,0.26249999999999996,0.275557385882178,0.16613650217775439,0.02,0.0,0.6392200727879294,0.5
416,frozen,7,create,0.014973815272002916,finish,0.05,finish,0.75,0.26249999999999996,0.275557385882178,0.06737742100974706,0.02,0.1,0.6404609916199221,0.5
416,frozen,7,create,0.014973815272002916,connect,0.05,connect,0.75,0.26249999999999996,0.275557385882178,0.11406499529199078,0.02,0.0,0.5871485659021658,0.5
416,frozen,8,create,0.014973815272002916,understand,0.05,understand,0.75,0.26249999999999996,0.275557385882178,0.24870146210628424,0.02,0.1,0.8217850327164592,0.5
416,frozen,8,create,0.014973815272002916,create,0.05,create,0.75,0.26249999999999996,0.275557385882178,0.40371961941422346,0.92,0.0,0.8768031900243984,0.5
416,frozen,8,create,0.014973815272002916,explore,0.05,explore,0.75,0.26249999999999996,0.275557385882178,0.16613650217775439,0.02,0.0,0.6392200727879294,0.5
416,frozen,8,create,0.014973815272002916,finish,0.05,finish,0.75,0.26249999999999996,0.275557385882178,0.06737742100974706,0.02,0.1,0.6404609916199221,0.5
416,frozen,8,create,0.014973815272002916,connect,0.05,connect,0.75,0.26249999999999996,0.275557385882178,0.11406499529199078,0.02,0.0,0.5871485659021658,0.5
416,frozen,9,create,0.014973815272002916,understand,0.05,understand,0.75,0.26249999999999996,0.275557385882178,0.24870146210628424,0.02,0.1,0.8217850327164592,0.5
416,frozen,9,create,0.014973815272002916,create,0.05,create,0.75,0.26249999999999996,0.275557385882178,0.40371961941422346,0.92,0.0,0.8768031900243984,0.5
416,frozen,9,create,0.014973815272002916,explore,0.05,explore,0.75,0.26249999999999996,0.275557385882178,0.16613650217775439,0.02,0.0,0.6392200727879294,0.5
416,frozen,9,create,0.014973815272002916,finish,0.05,finish,0.75,0.26249999999999996,0.275557385882178,0.06737742100974706,0.02,0.1,0.6404609916199221,0.5
416,frozen,9,create,0.014973815272002916,connect,0.05,connect,0.75,0.26249999999999996,0.275557385882178,0.11406499529199078,0.02,0.0,0.5871485659021658,0.5
416,neutral,0,finish,0.014973815272002916,understand,0.05,understand,0.75,0.26249999999999996,0.275557385882178,0.2,0.47000000000000003,0.1,0.773083570610175,0.5
416,neutral,0,finish,0.014973815272002916,create,0.05,create,0.75,0.26249999999999996,0.275557385882178,0.2,0.02,0.0,0.673083570610175,0.5
416,neutral,0,finish,0.014973815272002916,explore,0.05,explore,0.75,0.26249999999999996,0.275557385882178,0.2,0.02,0.0,0.673083570610175,0.5
416,neutral,0,finish,0.014973815272002916,finish,0.05,finish,0.75,0.26249999999999996,0.275557385882178,0.2,0.47000000000000003,0.1,0.773083570610175,0.5
416,neutral,0,finish,0.014973815272002916,connect,0.05,connect,0.75,0.26249999999999996,0.275557385882178,0.2,0.02,0.0,0.673083570610175,0.5
416,neutral,1,finish,0.014973815272002916,understand,0.05,understand,0.75,0.26249999999999996,0.275557385882178,0.2,0.02,0.1,0.773083570610175,0.5
416,neutral,1,finish,0.014973815272002916,create,0.05,create,0.75,0.26249999999999996,0.275557385882178,0.2,0.02,0.0,0.673083570610175,0.5
416,neutral,1,finish,0.014973815272002916,explore,0.05,explore,0.75,0.26249999999999996,0.275557385882178,0.2,0.02,0.0,0.673083570610175,0.5
416,neutral,1,finish,0.011979052217602332,finish,0.05,finish,0.8,0.27999999999999997,0.26101170224802717,0.2,0.92,0.1,0.7790326500304248,0.4472135954999579
416,neutral,1,finish,0.014973815272002916,connect,0.05,connect,0.75,0.26249999999999996,0.275557385882178,0.2,0.02,0.0,0.673083570610175,0.5
416,neutral,2,finish,0.014973815272002916,understand,0.05,understand,0.75,0.26249999999999996,0.275557385882178,0.2,0.02,0.1,0.773083570610175,0.5
416,neutral,2,finish,0.014973815272002916,create,0.05,create,0.75,0.26249999999999996,0.275557385882178,0.2,0.02,0.0,0.673083570610175,0.5
416,neutral,2,finish,0.014973815272002916,explore,0.05,explore,0.75,0.26249999999999996,0.275557385882178,0.2,0.02,0.0,0.673083570610175,0.5
416,neutral,2,finish,0.009583241774081867,finish,0.05,finish,0.8333333333333334,0.2916666666666667,0.2502745246521792,0.2,0.92,0.1,0.7823579495447639,0.4082482904638631
416,neutral,2,finish,0.014973815272002916,connect,0.05,connect,0.75,0.26249999999999996,0.275557385882178,0.2,0.02,0.0,0.673083570610175,0.5
416,neutral,3,finish,0.014973815272002916,understand,0.05,understand,0.75,0.26249999999999996,0.275557385882178,0.2,0.02,0.1,0.773083570610175,0.5
416,neutral,3,finish,0.014973815272002916,create,0.05,create,0.75,0.26249999999999996,0.275557385882178,0.2,0.02,0.0,0.673083570610175,0.5
416,neutral,3,finish,0.014973815272002916,explore,0.05,explore,0.75,0.26249999999999996,0.275557385882178,0.2,0.02,0.0,0.673083570610175,0.5
416,neutral,3,finish,0.007666593419265495,finish,0.05,finish,0.8571428571428571,0.3,0.24192959507984665,0.2,0.92,0.1,0.7842630016605812,0.3779644730092272
416,neutral,3,finish,0.014973815272002916,connect,0.05,connect,0.75,0.26249999999999996,0.275557385882178,0.2,0.02,0.0,0.673083570610175,0.5
416,neutral,4,create,0.014973815272002916,understand,0.05,understand,0.75,0.26249999999999996,0.275557385882178,0.2,0.02,0.1,0.773083570610175,0.5
416,neutral,4,create,0.014973815272002916,create,0.05,create,0.75,0.26249999999999996,0.275557385882178,0.2,0.02,0.0,0.673083570610175,0.5
416,neutral,4,create,0.014973815272002916,explore,0.05,explore,0.75,0.26249999999999996,0.275557385882178,0.2,0.02,0.0,0.673083570610175,0.5
416,neutral,4,create,0.006133274735412395,finish,0.05,finish,0.875,0.30624999999999997,0.23520294102275213,0.2,0.92,0.1,0.7853196662873397,0.35355339059327373
416,neutral,4,create,0.014973815272002916,connect,0.05,connect,0.75,0.26249999999999996,0.275557385882178,0.2,0.02,0.0,0.673083570610175,0.5
416,neutral,5,finish,0.014973815272002916,understand,0.05,understand,0.75,0.26249999999999996,0.275557385882178,0.2,0.02,0.1,0.773083570610175,0.5
416,neutral,5,finish,0.015722506035603063,create,0.05,create,0.8,0.27999999999999997,0.26101170224802717,0.2,0.02,0.0,0.675289196212424,0.4472135954999579
416,neutral,5,finish,0.014973815272002916,explore,0.05,explore,0.75,0.26249999999999996,0.275557385882178,0.2,0.02,0.0,0.673083570610175,0.5
416,neutral,5,finish,0.006133274735412395,finish,0.05,finish,0.875,0.30624999999999997,0.23520294102275213,0.2,0.92,0.1,0.7853196662873397,0.35355339059327373
416,neutral,5,finish,0.014973815272002916,connect,0.05,connect,0.75,0.26249999999999996,0.275557385882178,0.2,0.02,0.0,0.673083570610175,0.5
416,neutral,6,finish,0.014973815272002916,understand,0.05,understand,0.75,0.26249999999999996,0.275557385882178,0.2,0.02,0.1,0.773083570610175,0.5
416,neutral,6,finish,0.015722506035603063,create,0.05,create,0.8,0.27999999999999997,0.26101170224802717,0.2,0.02,0.0,0.675289196212424,0.4472135954999579
416,neutral,6,finish,0.014973815272002916,explore,0.05,explore,0.75,0.26249999999999996,0.275557385882178,0.2,0.02,0.0,0.673083570610175,0.5
416,neutral,6,finish,0.004906619788329917,finish,0.05,finish,0.8888888888888888,0.31111111111111106,0.22963115490181496,0.2,0.92,0.1,0.785835646224596,0.3333333333333333
416,neutral,6,finish,0.014973815272002916,connect,0.05,connect,0.75,0.26249999999999996,0.275557385882178,0.2,0.02,0.0,0.673083570610175,0.5
416,neutral,7,finish,0.014973815272002916,understand,0.05,understand,0.75,0.26249999999999996,0.275557385882178,0.2,0.02,0.1,0.773083570610175,0.5
416,neutral,7,finish,0.015722506035603063,create,0.05,create,0.8,0.27999999999999997,0.26101170224802717,0.2,0.02,0.0,0.675289196212424,0.4472135954999579
416,neutral,7,finish,0.014973815272002916,explore,0.05,explore,0.75,0.26249999999999996,0.275557385882178,0.2,0.02,0.0,0.673083570610175,0.5
416,neutral,7,finish,0.003925295830663934,finish,0.05,finish,0.9,0.315,0.2249175894880499,0.2,0.92,0.1,0.7859922936573859,0.31622776601683794
416,neutral,7,finish,0.014973815272002916,connect,0.05,connect,0.75,0.26249999999999996,0.275557385882178,0.2,0.02,0.0,0.673083570610175,0.5
416,neutral,8,finish,0.014973815272002916,understand,0.05,understand,0.75,0.26249999999999996,0.275557385882178,0.2,0.02,0.1,0.773083570610175,0.5
416,neutral,8,finish,0.015722506035603063,create,0.05,create,0.8,0.27999999999999997,0.26101170224802717,0.2,0.02,0.0,0.675289196212424,0.4472135954999579
416,neutral,8,finish,0.014973815272002916,explore,0.05,explore,0.75,0.26249999999999996,0.275557385882178,0.2,0.02,0.0,0.673083570610175,0.5
416,neutral,8,finish,0.003140236664531147,finish,0.05,finish,0.9090909090909091,0.3181818181818182,0.22086237086675814,0.2,0.92,0.1,0.7859039523840452,0.30151134457776363
416,neutral,8,finish,0.014973815272002916,connect,0.05,connect,0.75,0.26249999999999996,0.275557385882178,0.2,0.02,0.0,0.673083570610175,0.5
416,neutral,9,finish,0.014973815272002916,understand,0.05,understand,0.75,0.26249999999999996,0.275557385882178,0.2,0.02,0.1,0.773083570610175,0.5
416,neutral,9,finish,0.015722506035603063,create,0.05,create,0.8,0.27999999999999997,0.26101170224802717,0.2,0.02,0.0,0.675289196212424,0.4472135954999579
416,neutral,9,finish,0.014973815272002916,explore,0.05,explore,0.75,0.26249999999999996,0.275557385882178,0.2,0.02,0.0,0.673083570610175,0.5
416,neutral,9,finish,0.0025121893316249174,finish,0.05,finish,0.9166666666666666,0.3208333333333333,0.2173252583992215,0.2,0.92,0.1,0.7856464024009299,0.2886751345948129
416,neutral,9,finish,0.014973815272002916,connect,0.05,connect,0.75,0.26249999999999996,0.275557385882178,0.2,0.02,0.0,0.673083570610175,0.5
416,no-aversion,0,create,0.0,understand,0.05,understand,0.75,0.26249999999999996,0.275557385882178,0.24870146210628424,0.02,0.1,0.8367588479884621,0.5
416,no-aversion,0,create,0.0,create,0.05,create,0.75,0.26249999999999996,0.275557385882178,0.40371961941422346,0.92,0.0,0.8917770052964014,0.5
416,no-aversion,0,create,0.0,explore,0.05,explore,0.75,0.26249999999999996,0.275557385882178,0.16613650217775439,0.02,0.0,0.6541938880599323,0.5
416,no-aversion,0,create,0.0,finish,0.05,finish,0.75,0.26249999999999996,0.275557385882178,0.06737742100974706,0.02,0.1,0.655434806891925,0.5
416,no-aversion,0,create,0.0,connect,0.05,connect,0.75,0.26249999999999996,0.275557385882178,0.11406499529199078,0.02,0.0,0.6021223811741687,0.5
416,no-aversion,1,create,0.0,understand,0.05,understand,0.75,0.26249999999999996,0.275557385882178,0.24179106754999938,0.02,0.1,0.8298484534321772,0.5
416,no-aversion,1,create,0.0,create,0.05,create,0.8,0.27999999999999997,0.26101170224802717,0.4138781074394459,0.92,0.0,0.904889809687473,0.4472135954999579
416,no-aversion,1,create,0.0,explore,0.05,explore,0.75,0.26249999999999996,0.275557385882178,0.16284818640506404,0.02,0.0,0.6509055722872419,0.5
416,no-aversion,1,create,0.0,finish,0.05,finish,0.75,0.26249999999999996,0.275557385882178,0.06842161109542054,0.02,0.1,0.6564789969775985,0.5
416,no-aversion,1,create,0.0,connect,0.05,connect,0.75,0.26249999999999996,0.275557385882178,0.11306102751007018,0.02,0.0,0.601118413392248,0.5
416,no-aversion,2,create,0.0,understand,0.05,understand,0.75,0.26249999999999996,0.275557385882178,0.2350422302592665,0.02,0.1,0.8230996161414444,0.5
416,no-aversion,2,create,0.0,create,0.05,create,0.8333333333333334,0.2916666666666667,0.2502745246521792,0.4239341934624211,0.92,0.0,0.9158753847812668,0.4082482904638631
416,no-aversion,2,create,0.0,explore,0.05,explore,0.75,0.26249999999999996,0.275557385882178,0.15960875991799167,0.02,0.0,0.6476661458001696,0.5
416,no-aversion,2,create,0.0,finish,0.05,finish,0.75,0.26249999999999996,0.275557385882178,0.0693799240211766,0.02,0.1,0.6574373099033545,0.5
416,no-aversion,2,create,0.0,connect,0.05,connect,0.75,0.26249999999999996,0.275557385882178,0.11203489233914408,0.02,0.0,0.600092278221322,0.5
416,no-aversion,3,create,0.0,understand,0.05,understand,0.75,0.26249999999999996,0.275557385882178,0.22845732082651893,0.02,0.1,0.8165147067086967,0.5
416,no-aversion,3,create,0.0,create,0.05,create,0.8571428571428571,0.3,0.24192959507984665,0.4338767842163334,0.92,0.0,0.92580637929618,0.3779644730092272
416,no-aversion,3,create,0.0,explore,0.05,explore,0.75,0.26249999999999996,0.275557385882178,0.156420927048377,0.02,0.0,0.6444783129305549,0.5
416,no-aversion,3,create,0.0,finish,0.05,finish,0.75,0.26249999999999996,0.275557385882178,0.07025546331722142,0.02,0.1,0.6583128491993994,0.5
416,no-aversion,3,create,0.0,connect,0.05,connect,0.75,0.26249999999999996,0.275557385882178,0.11098950459154926,0.02,0.0,0.5990468904737272,0.5
416,no-aversion,4,create,0.0,understand,0.05,understand,0.75,0.26249999999999996,0.275557385882178,0.2220383277500944,0.02,0.1,0.8100957136322723,0.5
416,no-aversion,4,create,0.0,create,0.05,create,0.875,0.30624999999999997,0.23520294102275213,0.44369532154450353,0.92,0.0,0.9351482625672556,0.35355339059327373
416,no-aversion,4,create,0.0,explore,0.05,explore,0.75,0.26249999999999996,0.275557385882178,0.15328721581501056,0.02,0.0,0.6413446016971884,0.5
416,no-aversion,4,create,0.0,finish,0.05,finish,0.75,0.26249999999999996,0.275557385882178,0.07105140234322894,0.02,0.1,0.6591087882254069,0.5
416,no-aversion,4,create,0.0,connect,0.05,connect,0.75,0.26249999999999996,0.275557385882178,0.10992773254716263,0.02,0.0,0.5979851184293405,0.5
416,no-aversion,5,create,0.0,understand,0.05,understand,0.75,0.26249999999999996,0.275557385882178,0.21578685290638228,0.02,0.1,0.8038442387885602,0.5
416,no-aversion,5,create,0.0,create,0.05,create,0.8888888888888888,0.31111111111111106,0.22963115490181496,0.4533798214883356,0.92,0.0,0.9441220875012616,0.3333333333333333
416,no-aversion,5,create,0.0,explore,0.05,explore,0.75,0.26249999999999996,0.275557385882178,0.1502099690499435,0.02,0.0,0.6382673549321214,0.5
416,no-aversion,5,create,0.0,finish,0.05,finish,0.75,0.26249999999999996,0.275557385882178,0.07177097021643018,0.02,0.1,0.6598283560986081,0.5
416,no-aversion,5,create,0.0,connect,0.05,connect,0.75,0.26249999999999996,0.275557385882178,0.1088523863389084,0.02,0.0,0.5969097722210863,0.5
416,no-aversion,6,create,0.0,understand,0.05,understand,0.75,0.26249999999999996,0.275557385882178,0.20970411011076787,0.02,0.1,0.7977614959929457,0.5
416,no-aversion,6,create,0.0,create,0.05,create,0.9,0.315,0.2249175894880499,0.4629209079474679,0.92,0.0,0.9528384974355177,0.31622776601683794
416,no-aversion,6,create,0.0,explore,0.05,explore,0.75,0.26249999999999996,0.275557385882178,0.1471913371784047,0.02,0.0,0.6352487230605826,0.5
416,no-aversion,6,create,0.0,finish,0.05,finish,0.75,0.26249999999999996,0.275557385882178,0.0724174376766238,0.02,0.1,0.6604748235588017,0.5
416,no-aversion,6,create,0.0,connect,0.05,connect,0.75,0.26249999999999996,0.275557385882178,0.10776620708673579,0.02,0.0,0.5958235929689137,0.5
416,no-aversion,7,create,0.0,understand,0.05,understand,0.75,0.26249999999999996,0.275557385882178,0.20379092666840487,0.02,0.1,0.7918483125505827,0.5
416,no-aversion,7,create,0.0,create,0.05,create,0.9090909090909091,0.3181818181818182,0.22086237086675814,0.4723098407621954,0.92,0.0,0.9613540298107717,0.30151134457776363
416,no-aversion,7,create,0.0,explore,0.05,explore,0.75,0.26249999999999996,0.275557385882178,0.14423327266643354,0.02,0.0,0.6322906585486114,0.5
416,no-aversion,7,create,0.0,finish,0.05,finish,0.75,0.26249999999999996,0.275557385882178,0.07299410303747408,0.02,0.1,0.661051488919652,0.5
416,no-aversion,7,create,0.0,connect,0.05,connect,0.75,0.26249999999999996,0.275557385882178,0.10667185686549216,0.02,0.0,0.59472924274767,0.5
416,no-aversion,8,create,0.0,understand,0.05,understand,0.75,0.26249999999999996,0.275557385882178,0.1980477477792333,0.02,0.1,0.7861051336614112,0.5
416,no-aversion,8,create,0.0,create,0.05,create,0.9166666666666666,0.3208333333333333,0.2173252583992215,0.48153853815103975,0.92,0.0,0.9696971298835946,0.2886751345948129
416,no-aversion,8,create,0.0,explore,0.05,explore,0.75,0.26249999999999996,0.275557385882178,0.14133752612691114,0.02,0.0,0.629394912009089,0.5
416,no-aversion,8,create,0.0,finish,0.05,finish,0.75,0.26249999999999996,0.275557385882178,0.07350427836580978,0.02,0.1,0.6615616642479877,0.5
416,no-aversion,8,create,0.0,connect,0.05,connect,0.75,0.26249999999999996,0.275557385882178,0.1055719095770061,0.02,0.0,0.593629295459184,0.5
416,no-aversion,9,create,0.0,understand,0.05,understand,0.75,0.26249999999999996,0.275557385882178,0.19247464362925892,0.02,0.1,0.7805320295114367,0.5
416,no-aversion,9,create,0.0,create,0.05,create,0.9230769230769231,0.3230769230769231,0.21420456095116666,0.4905995935161364,0.92,0.0,0.9778810775442262,0.2773500981126146
416,no-aversion,9,create,0.0,explore,0.05,explore,0.75,0.26249999999999996,0.275557385882178,0.13850564405258986,0.02,0.0,0.6265630299347678,0.5
416,no-aversion,9,create,0.0,finish,0.05,finish,0.75,0.26249999999999996,0.275557385882178,0.07395127602089552,0.02,0.1,0.6620086619030734,0.5
416,no-aversion,9,create,0.0,connect,0.05,connect,0.75,0.26249999999999996,0.275557385882178,0.10446884278111937,0.02,0.0,0.5925262286632973,0.5
416,no-dream,0,create,0.014973815272002916,understand,0.05,understand,0.75,0.26249999999999996,0.275557385882178,0.24870146210628424,0.02,0.1,0.8217850327164592,0.5
416,no-dream,0,create,0.014973815272002916,create,0.05,create,0.75,0.26249999999999996,0.275557385882178,0.40371961941422346,0.92,0.0,0.8768031900243984,0.5
416,no-dream,0,create,0.014973815272002916,explore,0.05,explore,0.75,0.26249999999999996,0.275557385882178,0.16613650217775439,0.02,0.0,0.6392200727879294,0.5
416,no-dream,0,create,0.014973815272002916,finish,0.05,finish,0.75,0.26249999999999996,0.275557385882178,0.06737742100974706,0.02,0.1,0.6404609916199221,0.5
416,no-dream,0,create,0.014973815272002916,connect,0.05,connect,0.75,0.26249999999999996,0.275557385882178,0.11406499529199078,0.02,0.0,0.5871485659021658,0.5
416,no-dream,1,create,0.014973815272002916,understand,0.05,understand,0.75,0.26249999999999996,0.275557385882178,0.24179106754999938,0.02,0.1,0.8148746381601742,0.5
416,no-dream,1,create,0.015722506035603063,create,0.05,create,0.8,0.27999999999999997,0.26101170224802717,0.4138781074394459,0.92,0.0,0.8891673036518699,0.4472135954999579
416,no-dream,1,create,0.014973815272002916,explore,0.05,explore,0.75,0.26249999999999996,0.275557385882178,0.16284818640506404,0.02,0.0,0.635931757015239,0.5
416,no-dream,1,create,0.014973815272002916,finish,0.05,finish,0.75,0.26249999999999996,0.275557385882178,0.06842161109542054,0.02,0.1,0.6415051817055956,0.5
416,no-dream,1,create,0.014973815272002916,connect,0.05,connect,0.75,0.26249999999999996,0.275557385882178,0.11306102751007018,0.02,0.0,0.5861445981202451,0.5
416,no-dream,2,create,0.014973815272002916,understand,0.05,understand,0.75,0.26249999999999996,0.275557385882178,0.2350422302592665,0.02,0.1,0.8081258008694415,0.5
416,no-dream,2,create,0.01632145864648318,create,0.05,create,0.8333333333333334,0.2916666666666667,0.2502745246521792,0.4239341934624211,0.92,0.0,0.8995539261347837,0.4082482904638631
416,no-dream,2,create,0.014973815272002916,explore,0.05,explore,0.75,0.26249999999999996,0.275557385882178,0.15960875991799167,0.02,0.0,0.6326923305281666,0.5
416,no-dream,2,create,0.014973815272002916,finish,0.05,finish,0.75,0.26249999999999996,0.275557385882178,0.0693799240211766,0.02,0.1,0.6424634946313516,0.5
416,no-dream,2,create,0.014973815272002916,connect,0.05,connect,0.75,0.26249999999999996,0.275557385882178,0.11203489233914408,0.02,0.0,0.5851184629493191,0.5
416,no-dream,3,create,0.014973815272002916,understand,0.05,understand,0.75,0.26249999999999996,0.275557385882178,0.22845732082651893,0.02,0.1,0.8015408914366938,0.5
416,no-dream,3,create,0.016800620735187274,create,0.05,create,0.8571428571428571,0.3,0.24192959507984665,0.4338767842163334,0.92,0.0,0.9090057585609927,0.3779644730092272
416,no-dream,3,create,0.014973815272002916,explore,0.05,explore,0.75,0.26249999999999996,0.275557385882178,0.156420927048377,0.02,0.0,0.629504497658552,0.5
416,no-dream,3,create,0.014973815272002916,finish,0.05,finish,0.75,0.26249999999999996,0.275557385882178,0.07025546331722142,0.02,0.1,0.6433390339273964,0.5
416,no-dream,3,create,0.014973815272002916,connect,0.05,connect,0.75,0.26249999999999996,0.275557385882178,0.11098950459154926,0.02,0.0,0.5840730752017242,0.5
416,no-dream,4,create,0.014973815272002916,understand,0.05,understand,0.75,0.26249999999999996,0.275557385882178,0.2220383277500944,0.02,0.1,0.7951218983602694,0.5
416,no-dream,4,create,0.017183950406150547,create,0.05,create,0.875,0.30624999999999997,0.23520294102275213,0.44369532154450353,0.92,0.0,0.9179643121611051,0.35355339059327373
416,no-dream,4,create,0.014973815272002916,explore,0.05,explore,0.75,0.26249999999999996,0.275557385882178,0.15328721581501056,0.02,0.0,0.6263707864251855,0.5
416,no-dream,4,create,0.014973815272002916,finish,0.05,finish,0.75,0.26249999999999996,0.275557385882178,0.07105140234322894,0.02,0.1,0.6441349729534039,0.5
416,no-dream,4,create,0.014973815272002916,connect,0.05,connect,0.75,0.26249999999999996,0.275557385882178,0.10992773254716263,0.02,0.0,0.5830113031573376,0.5
416,no-dream,5,create,0.014973815272002916,understand,0.05,understand,0.75,0.26249999999999996,0.275557385882178,0.21578685290638228,0.02,0.1,0.7888704235165572,0.5
416,no-dream,5,create,0.017490614142921166,create,0.05,create,0.8888888888888888,0.31111111111111106,0.22963115490181496,0.4533798214883356,0.92,0.0,0.9266314733583404,0.3333333333333333
416,no-dream,5,create,0.014973815272002916,explore,0.05,explore,0.75,0.26249999999999996,0.275557385882178,0.1502099690499435,0.02,0.0,0.6232935396601185,0.5
416,no-dream,5,create,0.014973815272002916,finish,0.05,finish,0.75,0.26249999999999996,0.275557385882178,0.07177097021643018,0.02,0.1,0.6448545408266052,0.5
416,no-dream,5,create,0.014973815272002916,connect,0.05,connect,0.75,0.26249999999999996,0.275557385882178,0.1088523863389084,0.02,0.0,0.5819359569490834,0.5
416,no-dream,6,create,0.014973815272002916,understand,0.05,understand,0.75,0.26249999999999996,0.275557385882178,0.20970411011076787,0.02,0.1,0.7827876807209427,0.5
416,no-dream,6,create,0.017735945132337665,create,0.05,create,0.9,0.315,0.2249175894880499,0.4629209079474679,0.92,0.0,0.9351025523031801,0.31622776601683794
416,no-dream,6,create,0.014973815272002916,explore,0.05,explore,0.75,0.26249999999999996,0.275557385882178,0.1471913371784047,0.02,0.0,0.6202749077885796,0.5
416,no-dream,6,create,0.014973815272002916,finish,0.05,finish,0.75,0.26249999999999996,0.275557385882178,0.0724174376766238,0.02,0.1,0.6455010082867988,0.5
416,no-dream,6,create,0.014973815272002916,connect,0.05,connect,0.75,0.26249999999999996,0.275557385882178,0.10776620708673579,0.02,0.0,0.5808497776969108,0.5
416,no-dream,7,create,0.014973815272002916,understand,0.05,understand,0.75,0.26249999999999996,0.275557385882178,0.20379092666840487,0.02,0.1,0.7768744972785798,0.5
416,no-dream,7,create,0.017932209923870863,create,0.05,create,0.9090909090909091,0.3181818181818182,0.22086237086675814,0.4723098407621954,0.92,0.0,0.9434218198869008,0.30151134457776363
416,no-dream,7,create,0.014973815272002916,explore,0.05,explore,0.75,0.26249999999999996,0.275557385882178,0.14423327266643354,0.02,0.0,0.6173168432766085,0.5
416,no-dream,7,create,0.014973815272002916,finish,0.05,finish,0.75,0.26249999999999996,0.275557385882178,0.07299410303747408,0.02,0.1,0.6460776736476491,0.5
416,no-dream,7,create,0.014973815272002916,connect,0.05,connect,0.75,0.26249999999999996,0.275557385882178,0.10667185686549216,0.02,0.0,0.5797554274756671,0.5
416,no-dream,8,create,0.014973815272002916,understand,0.05,understand,0.75,0.26249999999999996,0.275557385882178,0.1980477477792333,0.02,0.1,0.7711313183894083,0.5
416,no-dream,8,create,0.01808922175709742,create,0.05,create,0.9166666666666666,0.3208333333333333,0.2173252583992215,0.48153853815103975,0.92,0.0,0.9516079081264972,0.2886751345948129
416,no-dream,8,create,0.014973815272002916,explore,0.05,explore,0.75,0.26249999999999996,0.275557385882178,0.14133752612691114,0.02,0.0,0.6144210967370861,0.5
416,no-dream,8,create,0.014973815272002916,finish,0.05,finish,0.75,0.26249999999999996,0.275557385882178,0.07350427836580978,0.02,0.1,0.6465878489759848,0.5
416,no-dream,8,create,0.014973815272002916,connect,0.05,connect,0.75,0.26249999999999996,0.275557385882178,0.1055719095770061,0.02,0.0,0.578655480187181,0.5
416,no-dream,9,create,0.014973815272002916,understand,0.05,understand,0.75,0.26249999999999996,0.275557385882178,0.19247464362925892,0.02,0.1,0.7655582142394338,0.5
416,no-dream,9,create,0.018214831223678667,create,0.05,create,0.9230769230769231,0.3230769230769231,0.21420456095116666,0.4905995935161364,0.92,0.0,0.9596662463205475,0.2773500981126146
416,no-dream,9,create,0.014973815272002916,explore,0.05,explore,0.75,0.26249999999999996,0.275557385882178,0.13850564405258986,0.02,0.0,0.6115892146627648,0.5
416,no-dream,9,create,0.014973815272002916,finish,0.05,finish,0.75,0.26249999999999996,0.275557385882178,0.07395127602089552,0.02,0.1,0.6470348466310705,0.5
416,no-dream,9,create,0.014973815272002916,connect,0.05,connect,0.75,0.26249999999999996,0.275557385882178,0.10446884278111937,0.02,0.0,0.5775524133912944,0.5
416,restarted,0,create,0.014973815272002916,understand,0.05,understand,0.75,0.26249999999999996,0.275557385882178,0.24870146210628424,0.02,0.1,0.8217850327164592,0.5
416,restarted,0,create,0.014973815272002916,create,0.05,create,0.75,0.26249999999999996,0.275557385882178,0.40371961941422346,0.92,0.0,0.8768031900243984,0.5
416,restarted,0,create,0.014973815272002916,explore,0.05,explore,0.75,0.26249999999999996,0.275557385882178,0.16613650217775439,0.02,0.0,0.6392200727879294,0.5
416,restarted,0,create,0.014973815272002916,finish,0.05,finish,0.75,0.26249999999999996,0.275557385882178,0.06737742100974706,0.02,0.1,0.6404609916199221,0.5
416,restarted,0,create,0.014973815272002916,connect,0.05,connect,0.75,0.26249999999999996,0.275557385882178,0.11406499529199078,0.02,0.0,0.5871485659021658,0.5
416,restarted,1,create,0.014973815272002916,understand,0.05,understand,0.75,0.26249999999999996,0.275557385882178,0.24179106754999938,0.02,0.1,0.8148746381601742,0.5
416,restarted,1,create,0.015722506035603063,create,0.05,create,0.8,0.27999999999999997,0.26101170224802717,0.4138781074394459,0.92,0.0,0.8891673036518699,0.4472135954999579
416,restarted,1,create,0.014973815272002916,explore,0.05,explore,0.75,0.26249999999999996,0.275557385882178,0.16284818640506404,0.02,0.0,0.635931757015239,0.5
416,restarted,1,create,0.014973815272002916,finish,0.05,finish,0.75,0.26249999999999996,0.275557385882178,0.06842161109542054,0.02,0.1,0.6415051817055956,0.5
416,restarted,1,create,0.014973815272002916,connect,0.05,connect,0.75,0.26249999999999996,0.275557385882178,0.11306102751007018,0.02,0.0,0.5861445981202451,0.5
416,restarted,2,create,0.014973815272002916,understand,0.05,understand,0.75,0.26249999999999996,0.275557385882178,0.2350422302592665,0.02,0.1,0.8081258008694415,0.5
416,restarted,2,create,0.01632145864648318,create,0.05,create,0.8333333333333334,0.2916666666666667,0.2502745246521792,0.4239341934624211,0.92,0.0,0.8995539261347837,0.4082482904638631
416,restarted,2,create,0.014973815272002916,explore,0.05,explore,0.75,0.26249999999999996,0.275557385882178,0.15960875991799167,0.02,0.0,0.6326923305281666,0.5
416,restarted,2,create,0.014973815272002916,finish,0.05,finish,0.75,0.26249999999999996,0.275557385882178,0.0693799240211766,0.02,0.1,0.6424634946313516,0.5
416,restarted,2,create,0.014973815272002916,connect,0.05,connect,0.75,0.26249999999999996,0.275557385882178,0.11203489233914408,0.02,0.0,0.5851184629493191,0.5
416,restarted,3,create,0.014973815272002916,understand,0.05,understand,0.75,0.26249999999999996,0.275557385882178,0.22845732082651893,0.02,0.1,0.8015408914366938,0.5
416,restarted,3,create,0.016800620735187274,create,0.05,create,0.8571428571428571,0.3,0.24192959507984665,0.4338767842163334,0.92,0.0,0.9090057585609927,0.3779644730092272
416,restarted,3,create,0.014973815272002916,explore,0.05,explore,0.75,0.26249999999999996,0.275557385882178,0.156420927048377,0.02,0.0,0.629504497658552,0.5
416,restarted,3,create,0.014973815272002916,finish,0.05,finish,0.75,0.26249999999999996,0.275557385882178,0.07025546331722142,0.02,0.1,0.6433390339273964,0.5
416,restarted,3,create,0.014973815272002916,connect,0.05,connect,0.75,0.26249999999999996,0.275557385882178,0.11098950459154926,0.02,0.0,0.5840730752017242,0.5
416,restarted,4,create,0.014973815272002916,understand,0.05,understand,0.75,0.26249999999999996,0.275557385882178,0.2220383277500944,0.02,0.1,0.7951218983602694,0.5
416,restarted,4,create,0.017183950406150547,create,0.05,create,0.875,0.30624999999999997,0.23520294102275213,0.44369532154450353,0.92,0.0,0.9179643121611051,0.35355339059327373
416,restarted,4,create,0.014973815272002916,explore,0.05,explore,0.75,0.26249999999999996,0.275557385882178,0.15328721581501056,0.02,0.0,0.6263707864251855,0.5
416,restarted,4,create,0.014973815272002916,finish,0.05,finish,0.75,0.26249999999999996,0.275557385882178,0.07105140234322894,0.02,0.1,0.6441349729534039,0.5
416,restarted,4,create,0.014973815272002916,connect,0.05,connect,0.75,0.26249999999999996,0.275557385882178,0.10992773254716263,0.02,0.0,0.5830113031573376,0.5
416,restarted,5,create,0.014973815272002916,understand,0.05,understand,0.75,0.26249999999999996,0.275557385882178,0.21578685290638228,0.02,0.1,0.7888704235165572,0.5
416,restarted,5,create,0.017490614142921166,create,0.05,create,0.8888888888888888,0.31111111111111106,0.22963115490181496,0.4533798214883356,0.92,0.0,0.9266314733583404,0.3333333333333333
416,restarted,5,create,0.014973815272002916,explore,0.05,explore,0.75,0.26249999999999996,0.275557385882178,0.1502099690499435,0.02,0.0,0.6232935396601185,0.5
416,restarted,5,create,0.014973815272002916,finish,0.05,finish,0.75,0.26249999999999996,0.275557385882178,0.07177097021643018,0.02,0.1,0.6448545408266052,0.5
416,restarted,5,create,0.014973815272002916,connect,0.05,connect,0.75,0.26249999999999996,0.275557385882178,0.1088523863389084,0.02,0.0,0.5819359569490834,0.5
416,restarted,6,create,0.014973815272002916,understand,0.05,understand,0.75,0.26249999999999996,0.275557385882178,0.20970411011076787,0.02,0.1,0.7827876807209427,0.5
416,restarted,6,create,0.017735945132337665,create,0.05,create,0.9,0.315,0.2249175894880499,0.4629209079474679,0.92,0.0,0.9351025523031801,0.31622776601683794
416,restarted,6,create,0.014973815272002916,explore,0.05,explore,0.75,0.26249999999999996,0.275557385882178,0.1471913371784047,0.02,0.0,0.6202749077885796,0.5
416,restarted,6,create,0.014973815272002916,finish,0.05,finish,0.75,0.26249999999999996,0.275557385882178,0.0724174376766238,0.02,0.1,0.6455010082867988,0.5
416,restarted,6,create,0.014973815272002916,connect,0.05,connect,0.75,0.26249999999999996,0.275557385882178,0.10776620708673579,0.02,0.0,0.5808497776969108,0.5
416,restarted,7,create,0.014973815272002916,understand,0.05,understand,0.75,0.26249999999999996,0.275557385882178,0.20379092666840487,0.02,0.1,0.7768744972785798,0.5
416,restarted,7,create,0.017932209923870863,create,0.05,create,0.9090909090909091,0.3181818181818182,0.22086237086675814,0.4723098407621954,0.92,0.0,0.9434218198869008,0.30151134457776363
416,restarted,7,create,0.014973815272002916,explore,0.05,explore,0.75,0.26249999999999996,0.275557385882178,0.14423327266643354,0.02,0.0,0.6173168432766085,0.5
416,restarted,7,create,0.014973815272002916,finish,0.05,finish,0.75,0.26249999999999996,0.275557385882178,0.07299410303747408,0.02,0.1,0.6460776736476491,0.5
416,restarted,7,create,0.014973815272002916,connect,0.05,connect,0.75,0.26249999999999996,0.275557385882178,0.10667185686549216,0.02,0.0,0.5797554274756671,0.5
416,restarted,8,create,0.014973815272002916,understand,0.05,understand,0.75,0.26249999999999996,0.275557385882178,0.1980477477792333,0.02,0.1,0.7711313183894083,0.5
416,restarted,8,create,0.01808922175709742,create,0.05,create,0.9166666666666666,0.3208333333333333,0.2173252583992215,0.48153853815103975,0.92,0.0,0.9516079081264972,0.2886751345948129
416,restarted,8,create,0.014973815272002916,explore,0.05,explore,0.75,0.26249999999999996,0.275557385882178,0.14133752612691114,0.02,0.0,0.6144210967370861,0.5
416,restarted,8,create,0.014973815272002916,finish,0.05,finish,0.75,0.26249999999999996,0.275557385882178,0.07350427836580978,0.02,0.1,0.6465878489759848,0.5
416,restarted,8,create,0.014973815272002916,connect,0.05,connect,0.75,0.26249999999999996,0.275557385882178,0.1055719095770061,0.02,0.0,0.578655480187181,0.5
416,restarted,9,create,0.014973815272002916,understand,0.05,understand,0.75,0.26249999999999996,0.275557385882178,0.19247464362925892,0.02,0.1,0.7655582142394338,0.5
416,restarted,9,create,0.018214831223678667,create,0.05,create,0.9230769230769231,0.3230769230769231,0.21420456095116666,0.4905995935161364,0.92,0.0,0.9596662463205475,0.2773500981126146
416,restarted,9,create,0.014973815272002916,explore,0.05,explore,0.75,0.26249999999999996,0.275557385882178,0.13850564405258986,0.02,0.0,0.6115892146627648,0.5
416,restarted,9,create,0.014973815272002916,finish,0.05,finish,0.75,0.26249999999999996,0.275557385882178,0.07395127602089552,0.02,0.1,0.6470348466310705,0.5
416,restarted,9,create,0.014973815272002916,connect,0.05,connect,0.75,0.26249999999999996,0.275557385882178,0.10446884278111937,0.02,0.0,0.5775524133912944,0.5
417,updated,0,create,0.14561542123647106,understand,0.05,understand,0.75,0.26249999999999996,0.45570401088948903,0.2457810889600983,0.02,0.1,0.8683696786131162,0.5
417,updated,0,create,0.14561542123647106,create,0.05,create,0.75,0.26249999999999996,0.45570401088948903,0.2504547651539767,0.92,0.1,0.8730433548069946,0.5
417,updated,0,create,0.14561542123647106,explore,0.05,explore,0.75,0.26249999999999996,0.45570401088948903,0.0937653824028618,0.02,0.0,0.6163539720558797,0.5
417,updated,0,create,0.14561542123647106,finish,0.05,finish,0.75,0.26249999999999996,0.45570401088948903,0.19205366389496753,0.02,0.0,0.7146422535479854,0.5
417,updated,0,create,0.14561542123647106,connect,0.05,connect,0.75,0.26249999999999996,0.45570401088948903,0.21794509958809563,0.02,0.1,0.8405336892411134,0.5
417,updated,1,create,0.14561542123647106,understand,0.05,understand,0.75,0.26249999999999996,0.45570401088948903,0.2411920133357954,0.02,0.1,0.8637806029888132,0.5
417,updated,1,create,0.15289619229829463,create,0.05,create,0.8,0.27999999999999997,0.4316490346383849,0.2606484024804577,0.92,0.1,0.8694012448205478,0.4472135954999579
417,updated,1,create,0.14561542123647106,explore,0.05,explore,0.75,0.26249999999999996,0.45570401088948903,0.09448865365286993,0.02,0.0,0.6170772433058878,0.5
417,updated,1,create,0.14561542123647106,finish,0.05,finish,0.75,0.26249999999999996,0.45570401088948903,0.18934214898510346,0.02,0.0,0.7119307386381213,0.5
417,updated,1,create,0.14561542123647106,connect,0.05,connect,0.75,0.26249999999999996,0.45570401088948903,0.21432878154577348,0.02,0.1,0.8369173711987913,0.5
417,updated,2,create,0.14561542123647106,understand,0.05,understand,0.75,0.26249999999999996,0.45570401088948903,0.23661891512379846,0.02,0.1,0.8592075047768163,0.5
417,updated,2,create,0.1587208091477535,create,0.05,create,0.8333333333333334,0.2916666666666667,0.4138923888479041,0.27092843460534877,0.92,0.1,0.8677666809721659,0.4082482904638631
417,updated,2,create,0.14561542123647106,explore,0.05,explore,0.75,0.26249999999999996,0.45570401088948903,0.09513008262689808,0.02,0.0,0.617718672279916,0.5
417,updated,2,create,0.14561542123647106,finish,0.05,finish,0.75,0.26249999999999996,0.45570401088948903,0.18661203874443014,0.02,0.0,0.7092006283974479,0.5
417,updated,2,create,0.14561542123647106,connect,0.05,connect,0.75,0.26249999999999996,0.45570401088948903,0.21071052889952446,0.02,0.1,0.8332991185525424,0.5
417,updated,3,create,0.14561542123647106,understand,0.05,understand,0.75,0.26249999999999996,0.45570401088948903,0.23206568876259046,0.02,0.1,0.8546542784156083,0.5
417,updated,3,create,0.16338050262732057,create,0.05,create,0.8571428571428571,0.3,0.4000919317687814,0.28128268497911174,0.92,0.1,0.8679941141205726,0.3779644730092272
417,updated,3,create,0.14561542123647106,explore,0.05,explore,0.75,0.26249999999999996,0.45570401088948903,0.09569135022445016,0.02,0.0,0.6182799398774681,0.5
417,updated,3,create,0.14561542123647106,finish,0.05,finish,0.75,0.26249999999999996,0.45570401088948903,0.18386644527286625,0.02,0.0,0.706455034925884,0.5
417,updated,3,create,0.14561542123647106,connect,0.05,connect,0.75,0.26249999999999996,0.45570401088948903,0.2070938307609815,0.02,0.1,0.8296824204139993,0.5
417,updated,4,create,0.14561542123647106,understand,0.05,understand,0.75,0.26249999999999996,0.45570401088948903,0.22753628546458912,0.02,0.1,0.850124875117607,0.5
417,updated,4,create,0.1671082574109742,create,0.05,create,0.875,0.30624999999999997,0.3889677036016775,0.29169861001205005,0.92,0.1,0.8698080562027533,0.35355339059327373
417,updated,4,create,0.14561542123647106,explore,0.05,explore,0.75,0.26249999999999996,0.45570401088948903,0.09617428519623908,0.02,0.0,0.6187628748492568,0.5
417,updated,4,create,0.14561542123647106,finish,0.05,finish,0.75,0.26249999999999996,0.45570401088948903,0.18110856963401406,0.02,0.0,0.7036971592870319,0.5
417,updated,4,create,0.14561542123647106,connect,0.05,connect,0.75,0.26249999999999996,0.45570401088948903,0.20348224969310763,0.02,0.1,0.8260708393461255,0.5
417,updated,5,create,0.14561542123647106,understand,0.05,understand,0.75,0.26249999999999996,0.45570401088948903,0.22303469199980408,0.02,0.1,0.8456232816528219,0.5
417,updated,5,create,0.17009046123789714,create,0.05,create,0.8888888888888888,0.31111111111111106,0.3797533424079075,0.3021633580671768,0.92,0.1,0.8729373503482981,0.3333333333333333
417,updated,5,create,0.14561542123647106,explore,0.05,explore,0.75,0.26249999999999996,0.45570401088948903,0.09658085976593792,0.02,0.0,0.6191694494189557,0.5
417,updated,5,create,0.14561542123647106,finish,0.05,finish,0.75,0.26249999999999996,0.45570401088948903,0.1783416865899612,0.02,0.0,0.700930276242979,0.5
417,updated,5,create,0.14561542123647106,connect,0.05,connect,0.75,0.26249999999999996,0.45570401088948903,0.1998794035771201,0.02,0.1,0.8224679932301379,0.5
417,updated,6,create,0.14561542123647106,understand,0.05,understand,0.75,0.26249999999999996,0.45570401088948903,0.21856490893322256,0.02,0.1,0.8411534985862404,0.5
417,updated,6,create,0.1724762242994355,create,0.05,create,0.9,0.315,0.37195826677324045,0.31266383169344086,0.92,0.1,0.8771458741672457,0.31622776601683794
417,updated,6,create,0.14561542123647106,explore,0.05,explore,0.75,0.26249999999999996,0.45570401088948903,0.09691318401887457,0.02,0.0,0.6195017736718924,0.5
417,updated,6,create,0.14561542123647106,finish,0.05,finish,0.75,0.26249999999999996,0.45570401088948903,0.175569128547078,0.02,0.0,0.6981577182000959,0.5
417,updated,6,create,0.14561542123647106,connect,0.05,connect,0.75,0.26249999999999996,0.45570401088948903,0.19628894680738407,0.02,0.1,0.8188775364604018,0.5
417,updated,7,create,0.14561542123647106,understand,0.05,understand,0.75,0.26249999999999996,0.45570401088948903,0.2141309285432219,0.02,0.1,0.8367195181962398,0.5
417,updated,7,create,0.17438483474866617,create,0.05,create,0.9090909090909091,0.3181818181818182,0.3652519344975142,0.32318675247303774,0.92,0.1,0.882235670403704,0.30151134457776363
417,updated,7,create,0.14561542123647106,explore,0.05,explore,0.75,0.26249999999999996,0.45570401088948903,0.09717349910084667,0.02,0.0,0.6197620887538645,0.5
417,updated,7,create,0.14561542123647106,finish,0.05,finish,0.75,0.26249999999999996,0.45570401088948903,0.1727942688750345,0.02,0.0,0.6953828585280524,0.5
417,updated,7,create,0.14561542123647106,connect,0.05,connect,0.75,0.26249999999999996,0.45570401088948903,0.19271455100785911,0.02,0.1,0.815303140660877,0.5
417,updated,8,create,0.14561542123647106,understand,0.05,understand,0.75,0.26249999999999996,0.45570401088948903,0.20973671265639707,0.02,0.1,0.8323253023094149,0.5
417,updated,8,create,0.17591172310805073,create,0.05,create,0.9166666666666666,0.3208333333333333,0.35940242212366386,0.33371872780913486,0.92,0.1,0.8880427601580813,0.2886751345948129
417,updated,8,create,0.14561542123647106,explore,0.05,explore,0.75,0.26249999999999996,0.45570401088948903,0.09736416928810064,0.02,0.0,0.6199527589411185,0.5
417,updated,8,create,0.14561542123647106,finish,0.05,finish,0.75,0.26249999999999996,0.45570401088948903,0.17002050477280523,0.02,0.0,0.6926090944258231,0.5
417,updated,8,create,0.14561542123647106,connect,0.05,connect,0.75,0.26249999999999996,0.45570401088948903,0.18915988547356213,0.02,0.1,0.8117484751265799,0.5
417,updated,9,explore,0.14561542123647106,understand,0.05,understand,0.75,0.26249999999999996,0.45570401088948903,0.20538617063802272,0.02,0.1,0.8279747602910406,0.5
417,updated,9,explore,0.17713323379555837,create,0.05,create,0.9230769230769231,0.3230769230769231,0.35424155757525627,0.34424631894479213,0.92,0.1,0.894431565801413,0.2773500981126146
417,updated,9,explore,0.14561542123647106,explore,0.05,explore,0.75,0.26249999999999996,0.45570401088948903,0.09748767300651559,0.02,0.0,0.6200762626595335,0.5
417,updated,9,explore,0.14561542123647106,finish,0.05,finish,0.75,0.26249999999999996,0.45570401088948903,0.167251239863917,0.02,0.0,0.6898398295169348,0.5
417,updated,9,explore,0.14561542123647106,connect,0.05,connect,0.75,0.26249999999999996,0.45570401088948903,0.18562859754675254,0.02,0.1,0.8082171871997704,0.5
417,frozen,0,create,0.14561542123647106,understand,0.05,understand,0.75,0.26249999999999996,0.45570401088948903,0.2457810889600983,0.02,0.1,0.8683696786131162,0.5
417,frozen,0,create,0.14561542123647106,create,0.05,create,0.75,0.26249999999999996,0.45570401088948903,0.2504547651539767,0.92,0.1,0.8730433548069946,0.5
417,frozen,0,create,0.14561542123647106,explore,0.05,explore,0.75,0.26249999999999996,0.45570401088948903,0.0937653824028618,0.02,0.0,0.6163539720558797,0.5
417,frozen,0,create,0.14561542123647106,finish,0.05,finish,0.75,0.26249999999999996,0.45570401088948903,0.19205366389496753,0.02,0.0,0.7146422535479854,0.5
417,frozen,0,create,0.14561542123647106,connect,0.05,connect,0.75,0.26249999999999996,0.45570401088948903,0.21794509958809563,0.02,0.1,0.8405336892411134,0.5
417,frozen,1,create,0.14561542123647106,understand,0.05,understand,0.75,0.26249999999999996,0.45570401088948903,0.2457810889600983,0.02,0.1,0.8683696786131162,0.5
417,frozen,1,create,0.14561542123647106,create,0.05,create,0.75,0.26249999999999996,0.45570401088948903,0.2504547651539767,0.92,0.1,0.8730433548069946,0.5
417,frozen,1,create,0.14561542123647106,explore,0.05,explore,0.75,0.26249999999999996,0.45570401088948903,0.0937653824028618,0.02,0.0,0.6163539720558797,0.5
417,frozen,1,create,0.14561542123647106,finish,0.05,finish,0.75,0.26249999999999996,0.45570401088948903,0.19205366389496753,0.02,0.0,0.7146422535479854,0.5
417,frozen,1,create,0.14561542123647106,connect,0.05,connect,0.75,0.26249999999999996,0.45570401088948903,0.21794509958809563,0.02,0.1,0.8405336892411134,0.5
417,frozen,2,create,0.14561542123647106,understand,0.05,understand,0.75,0.26249999999999996,0.45570401088948903,0.2457810889600983,0.02,0.1,0.8683696786131162,0.5
417,frozen,2,create,0.14561542123647106,create,0.05,create,0.75,0.26249999999999996,0.45570401088948903,0.2504547651539767,0.92,0.1,0.8730433548069946,0.5
417,frozen,2,create,0.14561542123647106,explore,0.05,explore,0.75,0.26249999999999996,0.45570401088948903,0.0937653824028618,0.02,0.0,0.6163539720558797,0.5
417,frozen,2,create,0.14561542123647106,finish,0.05,finish,0.75,0.26249999999999996,0.45570401088948903,0.19205366389496753,0.02,0.0,0.7146422535479854,0.5
417,frozen,2,create,0.14561542123647106,connect,0.05,connect,0.75,0.26249999999999996,0.45570401088948903,0.21794509958809563,0.02,0.1,0.8405336892411134,0.5
417,frozen,3,create,0.14561542123647106,understand,0.05,understand,0.75,0.26249999999999996,0.45570401088948903,0.2457810889600983,0.02,0.1,0.8683696786131162,0.5
417,frozen,3,create,0.14561542123647106,create,0.05,create,0.75,0.26249999999999996,0.45570401088948903,0.2504547651539767,0.92,0.1,0.8730433548069946,0.5
417,frozen,3,create,0.14561542123647106,explore,0.05,explore,0.75,0.26249999999999996,0.45570401088948903,0.0937653824028618,0.02,0.0,0.6163539720558797,0.5
417,frozen,3,create,0.14561542123647106,finish,0.05,finish,0.75,0.26249999999999996,0.45570401088948903,0.19205366389496753,0.02,0.0,0.7146422535479854,0.5
417,frozen,3,create,0.14561542123647106,connect,0.05,connect,0.75,0.26249999999999996,0.45570401088948903,0.21794509958809563,0.02,0.1,0.8405336892411134,0.5
417,frozen,4,create,0.14561542123647106,understand,0.05,understand,0.75,0.26249999999999996,0.45570401088948903,0.2457810889600983,0.02,0.1,0.8683696786131162,0.5
417,frozen,4,create,0.14561542123647106,create,0.05,create,0.75,0.26249999999999996,0.45570401088948903,0.2504547651539767,0.92,0.1,0.8730433548069946,0.5
417,frozen,4,create,0.14561542123647106,explore,0.05,explore,0.75,0.26249999999999996,0.45570401088948903,0.0937653824028618,0.02,0.0,0.6163539720558797,0.5
417,frozen,4,create,0.14561542123647106,finish,0.05,finish,0.75,0.26249999999999996,0.45570401088948903,0.19205366389496753,0.02,0.0,0.7146422535479854,0.5
417,frozen,4,create,0.14561542123647106,connect,0.05,connect,0.75,0.26249999999999996,0.45570401088948903,0.21794509958809563,0.02,0.1,0.8405336892411134,0.5
417,frozen,5,create,0.14561542123647106,understand,0.05,understand,0.75,0.26249999999999996,0.45570401088948903,0.2457810889600983,0.02,0.1,0.8683696786131162,0.5
417,frozen,5,create,0.14561542123647106,create,0.05,create,0.75,0.26249999999999996,0.45570401088948903,0.2504547651539767,0.92,0.1,0.8730433548069946,0.5
417,frozen,5,create,0.14561542123647106,explore,0.05,explore,0.75,0.26249999999999996,0.45570401088948903,0.0937653824028618,0.02,0.0,0.6163539720558797,0.5
417,frozen,5,create,0.14561542123647106,finish,0.05,finish,0.75,0.26249999999999996,0.45570401088948903,0.19205366389496753,0.02,0.0,0.7146422535479854,0.5
417,frozen,5,create,0.14561542123647106,connect,0.05,connect,0.75,0.26249999999999996,0.45570401088948903,0.21794509958809563,0.02,0.1,0.8405336892411134,0.5
417,frozen,6,create,0.14561542123647106,understand,0.05,understand,0.75,0.26249999999999996,0.45570401088948903,0.2457810889600983,0.02,0.1,0.8683696786131162,0.5
417,frozen,6,create,0.14561542123647106,create,0.05,create,0.75,0.26249999999999996,0.45570401088948903,0.2504547651539767,0.92,0.1,0.8730433548069946,0.5
417,frozen,6,create,0.14561542123647106,explore,0.05,explore,0.75,0.26249999999999996,0.45570401088948903,0.0937653824028618,0.02,0.0,0.6163539720558797,0.5
417,frozen,6,create,0.14561542123647106,finish,0.05,finish,0.75,0.26249999999999996,0.45570401088948903,0.19205366389496753,0.02,0.0,0.7146422535479854,0.5
417,frozen,6,create,0.14561542123647106,connect,0.05,connect,0.75,0.26249999999999996,0.45570401088948903,0.21794509958809563,0.02,0.1,0.8405336892411134,0.5
417,frozen,7,create,0.14561542123647106,understand,0.05,understand,0.75,0.26249999999999996,0.45570401088948903,0.2457810889600983,0.02,0.1,0.8683696786131162,0.5
417,frozen,7,create,0.14561542123647106,create,0.05,create,0.75,0.26249999999999996,0.45570401088948903,0.2504547651539767,0.92,0.1,0.8730433548069946,0.5
417,frozen,7,create,0.14561542123647106,explore,0.05,explore,0.75,0.26249999999999996,0.45570401088948903,0.0937653824028618,0.02,0.0,0.6163539720558797,0.5
417,frozen,7,create,0.14561542123647106,finish,0.05,finish,0.75,0.26249999999999996,0.45570401088948903,0.19205366389496753,0.02,0.0,0.7146422535479854,0.5
417,frozen,7,create,0.14561542123647106,connect,0.05,connect,0.75,0.26249999999999996,0.45570401088948903,0.21794509958809563,0.02,0.1,0.8405336892411134,0.5
417,frozen,8,create,0.14561542123647106,understand,0.05,understand,0.75,0.26249999999999996,0.45570401088948903,0.2457810889600983,0.02,0.1,0.8683696786131162,0.5
417,frozen,8,create,0.14561542123647106,create,0.05,create,0.75,0.26249999999999996,0.45570401088948903,0.2504547651539767,0.92,0.1,0.8730433548069946,0.5
417,frozen,8,create,0.14561542123647106,explore,0.05,explore,0.75,0.26249999999999996,0.45570401088948903,0.0937653824028618,0.02,0.0,0.6163539720558797,0.5
417,frozen,8,create,0.14561542123647106,finish,0.05,finish,0.75,0.26249999999999996,0.45570401088948903,0.19205366389496753,0.02,0.0,0.7146422535479854,0.5
417,frozen,8,create,0.14561542123647106,connect,0.05,connect,0.75,0.26249999999999996,0.45570401088948903,0.21794509958809563,0.02,0.1,0.8405336892411134,0.5
417,frozen,9,explore,0.14561542123647106,understand,0.05,understand,0.75,0.26249999999999996,0.45570401088948903,0.2457810889600983,0.02,0.1,0.8683696786131162,0.5
417,frozen,9,explore,0.14561542123647106,create,0.05,create,0.75,0.26249999999999996,0.45570401088948903,0.2504547651539767,0.92,0.1,0.8730433548069946,0.5
417,frozen,9,explore,0.14561542123647106,explore,0.05,explore,0.75,0.26249999999999996,0.45570401088948903,0.0937653824028618,0.02,0.0,0.6163539720558797,0.5
417,frozen,9,explore,0.14561542123647106,finish,0.05,finish,0.75,0.26249999999999996,0.45570401088948903,0.19205366389496753,0.02,0.0,0.7146422535479854,0.5
417,frozen,9,explore,0.14561542123647106,connect,0.05,connect,0.75,0.26249999999999996,0.45570401088948903,0.21794509958809563,0.02,0.1,0.8405336892411134,0.5
417,neutral,0,understand,0.14561542123647106,understand,0.05,understand,0.75,0.26249999999999996,0.45570401088948903,0.2,0.32,0.1,0.8225885896530178,0.5
417,neutral,0,understand,0.14561542123647106,create,0.05,create,0.75,0.26249999999999996,0.45570401088948903,0.2,0.32,0.1,0.8225885896530178,0.5
417,neutral,0,understand,0.14561542123647106,explore,0.05,explore,0.75,0.26249999999999996,0.45570401088948903,0.2,0.02,0.0,0.7225885896530179,0.5
417,neutral,0,understand,0.14561542123647106,finish,0.05,finish,0.75,0.26249999999999996,0.45570401088948903,0.2,0.02,0.0,0.7225885896530179,0.5
417,neutral,0,understand,0.14561542123647106,connect,0.05,connect,0.75,0.26249999999999996,0.45570401088948903,0.2,0.32,0.1,0.8225885896530178,0.5
417,neutral,1,understand,0.11649233698917687,understand,0.05,understand,0.8,0.27999999999999997,0.4316490346383849,0.2,0.92,0.1,0.845156697649208,0.4472135954999579
417,neutral,1,understand,0.14561542123647106,create,0.05,create,0.75,0.26249999999999996,0.45570401088948903,0.2,0.02,0.1,0.8225885896530178,0.5
417,neutral,1,understand,0.14561542123647106,explore,0.05,explore,0.75,0.26249999999999996,0.45570401088948903,0.2,0.02,0.0,0.7225885896530179,0.5
417,neutral,1,understand,0.14561542123647106,finish,0.05,finish,0.75,0.26249999999999996,0.45570401088948903,0.2,0.02,0.0,0.7225885896530179,0.5
417,neutral,1,understand,0.14561542123647106,connect,0.05,connect,0.75,0.26249999999999996,0.45570401088948903,0.2,0.02,0.1,0.8225885896530178,0.5
417,neutral,2,understand,0.0931938695913415,understand,0.05,understand,0.8333333333333334,0.2916666666666667,0.4138923888479041,0.2,0.92,0.1,0.8623651859232292,0.4082482904638631
417,neutral,2,understand,0.14561542123647106,create,0.05,create,0.75,0.26249999999999996,0.45570401088948903,0.2,0.02,0.1,0.8225885896530178,0.5
417,neutral,2,understand,0.14561542123647106,explore,0.05,explore,0.75,0.26249999999999996,0.45570401088948903,0.2,0.02,0.0,0.7225885896530179,0.5
417,neutral,2,understand,0.14561542123647106,finish,0.05,finish,0.75,0.26249999999999996,0.45570401088948903,0.2,0.02,0.0,0.7225885896530179,0.5
417,neutral,2,understand,0.14561542123647106,connect,0.05,connect,0.75,0.26249999999999996,0.45570401088948903,0.2,0.02,0.1,0.8225885896530178,0.5
417,neutral,3,understand,0.07455509567307321,understand,0.05,understand,0.8571428571428571,0.3,0.4000919317687814,0.2,0.92,0.1,0.8755368360957082,0.3779644730092272
417,neutral,3,understand,0.14561542123647106,create,0.05,create,0.75,0.26249999999999996,0.45570401088948903,0.2,0.02,0.1,0.8225885896530178,0.5
417,neutral,3,understand,0.14561542123647106,explore,0.05,explore,0.75,0.26249999999999996,0.45570401088948903,0.2,0.02,0.0,0.7225885896530179,0.5
417,neutral,3,understand,0.14561542123647106,finish,0.05,finish,0.75,0.26249999999999996,0.45570401088948903,0.2,0.02,0.0,0.7225885896530179,0.5
417,neutral,3,understand,0.14561542123647106,connect,0.05,connect,0.75,0.26249999999999996,0.45570401088948903,0.2,0.02,0.1,0.8225885896530178,0.5
417,neutral,4,understand,0.05964407653845856,understand,0.05,understand,0.875,0.30624999999999997,0.3889677036016775,0.2,0.92,0.1,0.8855736270632188,0.35355339059327373
417,neutral,4,understand,0.14561542123647106,create,0.05,create,0.75,0.26249999999999996,0.45570401088948903,0.2,0.02,0.1,0.8225885896530178,0.5
417,neutral,4,understand,0.14561542123647106,explore,0.05,explore,0.75,0.26249999999999996,0.45570401088948903,0.2,0.02,0.0,0.7225885896530179,0.5
417,neutral,4,understand,0.14561542123647106,finish,0.05,finish,0.75,0.26249999999999996,0.45570401088948903,0.2,0.02,0.0,0.7225885896530179,0.5
417,neutral,4,understand,0.14561542123647106,connect,0.05,connect,0.75,0.26249999999999996,0.45570401088948903,0.2,0.02,0.1,0.8225885896530178,0.5
417,neutral,5,understand,0.04771526123076685,understand,0.05,understand,0.8888888888888888,0.31111111111111106,0.3797533424079075,0.2,0.92,0.1,0.8931491922882516,0.3333333333333333
417,neutral,5,understand,0.14561542123647106,create,0.05,create,0.75,0.26249999999999996,0.45570401088948903,0.2,0.02,0.1,0.8225885896530178,0.5
417,neutral,5,understand,0.14561542123647106,explore,0.05,explore,0.75,0.26249999999999996,0.45570401088948903,0.2,0.02,0.0,0.7225885896530179,0.5
417,neutral,5,understand,0.14561542123647106,finish,0.05,finish,0.75,0.26249999999999996,0.45570401088948903,0.2,0.02,0.0,0.7225885896530179,0.5
417,neutral,5,understand,0.14561542123647106,connect,0.05,connect,0.75,0.26249999999999996,0.45570401088948903,0.2,0.02,0.1,0.8225885896530178,0.5
417,neutral,6,understand,0.03817220898461349,understand,0.05,understand,0.9,0.315,0.37195826677324045,0.2,0.92,0.1,0.898786057788627,0.31622776601683794
417,neutral,6,understand,0.14561542123647106,create,0.05,create,0.75,0.26249999999999996,0.45570401088948903,0.2,0.02,0.1,0.8225885896530178,0.5
417,neutral,6,understand,0.14561542123647106,explore,0.05,explore,0.75,0.26249999999999996,0.45570401088948903,0.2,0.02,0.0,0.7225885896530179,0.5
417,neutral,6,understand,0.14561542123647106,finish,0.05,finish,0.75,0.26249999999999996,0.45570401088948903,0.2,0.02,0.0,0.7225885896530179,0.5
417,neutral,6,understand,0.14561542123647106,connect,0.05,connect,0.75,0.26249999999999996,0.45570401088948903,0.2,0.02,0.1,0.8225885896530178,0.5
417,neutral,7,understand,0.030537767187690787,understand,0.05,understand,0.9090909090909091,0.3181818181818182,0.3652519344975142,0.2,0.92,0.1,0.9028959854916415,0.30151134457776363
417,neutral,7,understand,0.14561542123647106,create,0.05,create,0.75,0.26249999999999996,0.45570401088948903,0.2,0.02,0.1,0.8225885896530178,0.5
417,neutral,7,understand,0.14561542123647106,explore,0.05,explore,0.75,0.26249999999999996,0.45570401088948903,0.2,0.02,0.0,0.7225885896530179,0.5
417,neutral,7,understand,0.14561542123647106,finish,0.05,finish,0.75,0.26249999999999996,0.45570401088948903,0.2,0.02,0.0,0.7225885896530179,0.5
417,neutral,7,understand,0.14561542123647106,connect,0.05,connect,0.75,0.26249999999999996,0.45570401088948903,0.2,0.02,0.1,0.8225885896530178,0.5
417,neutral,8,understand,0.02443021375015263,understand,0.05,understand,0.9166666666666666,0.3208333333333333,0.35940242212366386,0.2,0.92,0.1,0.9058055417068444,0.2886751345948129
417,neutral,8,understand,0.14561542123647106,create,0.05,create,0.75,0.26249999999999996,0.45570401088948903,0.2,0.02,0.1,0.8225885896530178,0.5
417,neutral,8,understand,0.14561542123647106,explore,0.05,explore,0.75,0.26249999999999996,0.45570401088948903,0.2,0.02,0.0,0.7225885896530179,0.5
417,neutral,8,understand,0.14561542123647106,finish,0.05,finish,0.75,0.26249999999999996,0.45570401088948903,0.2,0.02,0.0,0.7225885896530179,0.5
417,neutral,8,understand,0.14561542123647106,connect,0.05,connect,0.75,0.26249999999999996,0.45570401088948903,0.2,0.02,0.1,0.8225885896530178,0.5
417,neutral,9,explore,0.019544171000122106,understand,0.05,understand,0.9230769230769231,0.3230769230769231,0.35424155757525627,0.2,0.92,0.1,0.9077743096520573,0.2773500981126146
417,neutral,9,explore,0.14561542123647106,create,0.05,create,0.75,0.26249999999999996,0.45570401088948903,0.2,0.02,0.1,0.8225885896530178,0.5
417,neutral,9,explore,0.14561542123647106,explore,0.05,explore,0.75,0.26249999999999996,0.45570401088948903,0.2,0.02,0.0,0.7225885896530179,0.5
417,neutral,9,explore,0.14561542123647106,finish,0.05,finish,0.75,0.26249999999999996,0.45570401088948903,0.2,0.02,0.0,0.7225885896530179,0.5
417,neutral,9,explore,0.14561542123647106,connect,0.05,connect,0.75,0.26249999999999996,0.45570401088948903,0.2,0.02,0.1,0.8225885896530178,0.5
417,no-aversion,0,create,0.0,understand,0.05,understand,0.75,0.26249999999999996,0.45570401088948903,0.2457810889600983,0.02,0.1,1.0139850998495874,0.5
417,no-aversion,0,create,0.0,create,0.05,create,0.75,0.26249999999999996,0.45570401088948903,0.2504547651539767,0.92,0.1,1.0186587760434658,0.5
417,no-aversion,0,create,0.0,explore,0.05,explore,0.75,0.26249999999999996,0.45570401088948903,0.0937653824028618,0.02,0.0,0.7619693932923508,0.5
417,no-aversion,0,create,0.0,finish,0.05,finish,0.75,0.26249999999999996,0.45570401088948903,0.19205366389496753,0.02,0.0,0.8602576747844565,0.5
417,no-aversion,0,create,0.0,connect,0.05,connect,0.75,0.26249999999999996,0.45570401088948903,0.21794509958809563,0.02,0.1,0.9861491104775845,0.5
417,no-aversion,1,create,0.0,understand,0.05,understand,0.75,0.26249999999999996,0.45570401088948903,0.2411920133357954,0.02,0.1,1.0093960242252844,0.5
417,no-aversion,1,create,0.0,create,0.05,create,0.8,0.27999999999999997,0.4316490346383849,0.2606484024804577,0.92,0.1,1.0222974371188425,0.4472135954999579
417,no-aversion,1,create,0.0,explore,0.05,explore,0.75,0.26249999999999996,0.45570401088948903,0.09448865365286993,0.02,0.0,0.7626926645423588,0.5
417,no-aversion,1,create,0.0,finish,0.05,finish,0.75,0.26249999999999996,0.45570401088948903,0.18934214898510346,0.02,0.0,0.8575461598745924,0.5
417,no-aversion,1,create,0.0,connect,0.05,connect,0.75,0.26249999999999996,0.45570401088948903,0.21432878154577348,0.02,0.1,0.9825327924352624,0.5
417,no-aversion,2,create,0.0,understand,0.05,understand,0.75,0.26249999999999996,0.45570401088948903,0.23661891512379846,0.02,0.1,1.0048229260132875,0.5
417,no-aversion,2,create,0.0,create,0.05,create,0.8333333333333334,0.2916666666666667,0.4138923888479041,0.27092843460534877,0.92,0.1,1.0264874901199195,0.4082482904638631
417,no-aversion,2,create,0.0,explore,0.05,explore,0.75,0.26249999999999996,0.45570401088948903,0.09513008262689808,0.02,0.0,0.763334093516387,0.5
417,no-aversion,2,create,0.0,finish,0.05,finish,0.75,0.26249999999999996,0.45570401088948903,0.18661203874443014,0.02,0.0,0.854816049633919,0.5
417,no-aversion,2,create,0.0,connect,0.05,connect,0.75,0.26249999999999996,0.45570401088948903,0.21071052889952446,0.02,0.1,0.9789145397890134,0.5
417,no-aversion,3,create,0.0,understand,0.05,understand,0.75,0.26249999999999996,0.45570401088948903,0.23206568876259046,0.02,0.1,1.0002696996520795,0.5
417,no-aversion,3,create,0.0,create,0.05,create,0.8571428571428571,0.3,0.4000919317687814,0.28128268497911174,0.92,0.1,1.0313746167478932,0.3779644730092272
417,no-aversion,3,create,0.0,explore,0.05,explore,0.75,0.26249999999999996,0.45570401088948903,0.09569135022445016,0.02,0.0,0.7638953611139392,0.5
417,no-aversion,3,create,0.0,finish,0.05,finish,0.75,0.26249999999999996,0.45570401088948903,0.18386644527286625,0.02,0.0,0.8520704561623551,0.5
417,no-aversion,3,create,0.0,connect,0.05,connect,0.75,0.26249999999999996,0.45570401088948903,0.2070938307609815,0.02,0.1,0.9752978416504704,0.5
417,no-aversion,4,create,0.0,understand,0.05,understand,0.75,0.26249999999999996,0.45570401088948903,0.22753628546458912,0.02,0.1,0.9957402963540781,0.5
417,no-aversion,4,create,0.0,create,0.05,create,0.875,0.30624999999999997,0.3889677036016775,0.29169861001205005,0.92,0.1,1.0369163136137276,0.35355339059327373
417,no-aversion,4,create,0.0,explore,0.05,explore,0.75,0.26249999999999996,0.45570401088948903,0.09617428519623908,0.02,0.0,0.7643782960857279,0.5
417,no-aversion,4,create,0.0,finish,0.05,finish,0.75,0.26249999999999996,0.45570401088948903,0.18110856963401406,0.02,0.0,0.849312580523503,0.5
417,no-aversion,4,create,0.0,connect,0.05,connect,0.75,0.26249999999999996,0.45570401088948903,0.20348224969310763,0.02,0.1,0.9716862605825966,0.5
417,no-aversion,5,create,0.0,understand,0.05,understand,0.75,0.26249999999999996,0.45570401088948903,0.22303469199980408,0.02,0.1,0.9912387028892929,0.5
417,no-aversion,5,create,0.0,create,0.05,create,0.8888888888888888,0.31111111111111106,0.3797533424079075,0.3021633580671768,0.92,0.1,1.0430278115861953,0.3333333333333333
417,no-aversion,5,create,0.0,explore,0.05,explore,0.75,0.26249999999999996,0.45570401088948903,0.09658085976593792,0.02,0.0,0.7647848706554268,0.5
417,no-aversion,5,create,0.0,finish,0.05,finish,0.75,0.26249999999999996,0.45570401088948903,0.1783416865899612,0.02,0.0,0.8465456974794501,0.5
417,no-aversion,5,create,0.0,connect,0.05,connect,0.75,0.26249999999999996,0.45570401088948903,0.1998794035771201,0.02,0.1,0.968083414466609,0.5
417,no-aversion,6,create,0.0,understand,0.05,understand,0.75,0.26249999999999996,0.45570401088948903,0.21856490893322256,0.02,0.1,0.9867689198227115,0.5
417,no-aversion,6,create,0.0,create,0.05,create,0.9,0.315,0.37195826677324045,0.31266383169344086,0.92,0.1,1.0496220984666813,0.31622776601683794
417,no-aversion,6,create,0.0,explore,0.05,explore,0.75,0.26249999999999996,0.45570401088948903,0.09691318401887457,0.02,0.0,0.7651171949083635,0.5
417,no-aversion,6,create,0.0,finish,0.05,finish,0.75,0.26249999999999996,0.45570401088948903,0.175569128547078,0.02,0.0,0.843773139436567,0.5
417,no-aversion,6,create,0.0,connect,0.05,connect,0.75,0.26249999999999996,0.45570401088948903,0.19628894680738407,0.02,0.1,0.9644929576968729,0.5
417,no-aversion,7,create,0.0,understand,0.05,understand,0.75,0.26249999999999996,0.45570401088948903,0.2141309285432219,0.02,0.1,0.9823349394327109,0.5
417,no-aversion,7,create,0.0,create,0.05,create,0.9090909090909091,0.3181818181818182,0.3652519344975142,0.32318675247303774,0.92,0.1,1.0566205051523703,0.30151134457776363
417,no-aversion,7,create,0.0,explore,0.05,explore,0.75,0.26249999999999996,0.45570401088948903,0.09717349910084667,0.02,0.0,0.7653775099903356,0.5
417,no-aversion,7,create,0.0,finish,0.05,finish,0.75,0.26249999999999996,0.45570401088948903,0.1727942688750345,0.02,0.0,0.8409982797645235,0.5
417,no-aversion,7,create,0.0,connect,0.05,connect,0.75,0.26249999999999996,0.45570401088948903,0.19271455100785911,0.02,0.1,0.960918561897348,0.5
417,no-aversion,8,create,0.0,understand,0.05,understand,0.75,0.26249999999999996,0.45570401088948903,0.20973671265639707,0.02,0.1,0.977940723545886,0.5
417,no-aversion,8,create,0.0,create,0.05,create,0.9166666666666666,0.3208333333333333,0.35940242212366386,0.33371872780913486,0.92,0.1,1.063954483266132,0.2886751345948129
417,no-aversion,8,create,0.0,explore,0.05,explore,0.75,0.26249999999999996,0.45570401088948903,0.09736416928810064,0.02,0.0,0.7655681801775895,0.5
417,no-aversion,8,create,0.0,finish,0.05,finish,0.75,0.26249999999999996,0.45570401088948903,0.17002050477280523,0.02,0.0,0.8382245156622942,0.5
417,no-aversion,8,create,0.0,connect,0.05,connect,0.75,0.26249999999999996,0.45570401088948903,0.18915988547356213,0.02,0.1,0.957363896363051,0.5
417,no-aversion,9,explore,0.0,understand,0.05,understand,0.75,0.26249999999999996,0.45570401088948903,0.20538617063802272,0.02,0.1,0.9735901815275116,0.5
417,no-aversion,9,explore,0.0,create,0.05,create,0.9230769230769231,0.3230769230769231,0.35424155757525627,0.34424631894479213,0.92,0.1,1.0715647995969715,0.2773500981126146
417,no-aversion,9,explore,0.0,explore,0.05,explore,0.75,0.26249999999999996,0.45570401088948903,0.09748767300651559,0.02,0.0,0.7656916838960046,0.5
417,no-aversion,9,explore,0.0,finish,0.05,finish,0.75,0.26249999999999996,0.45570401088948903,0.167251239863917,0.02,0.0,0.8354552507534059,0.5
417,no-aversion,9,explore,0.0,connect,0.05,connect,0.75,0.26249999999999996,0.45570401088948903,0.18562859754675254,0.02,0.1,0.9538326084362415,0.5
417,no-dream,0,create,0.14561542123647106,understand,0.05,understand,0.75,0.26249999999999996,0.45570401088948903,0.2457810889600983,0.02,0.1,0.8683696786131162,0.5
417,no-dream,0,create,0.14561542123647106,create,0.05,create,0.75,0.26249999999999996,0.45570401088948903,0.2504547651539767,0.92,0.1,0.8730433548069946,0.5
417,no-dream,0,create,0.14561542123647106,explore,0.05,explore,0.75,0.26249999999999996,0.45570401088948903,0.0937653824028618,0.02,0.0,0.6163539720558797,0.5
417,no-dream,0,create,0.14561542123647106,finish,0.05,finish,0.75,0.26249999999999996,0.45570401088948903,0.19205366389496753,0.02,0.0,0.7146422535479854,0.5
417,no-dream,0,create,0.14561542123647106,connect,0.05,connect,0.75,0.26249999999999996,0.45570401088948903,0.21794509958809563,0.02,0.1,0.8405336892411134,0.5
417,no-dream,1,create,0.14561542123647106,understand,0.05,understand,0.75,0.26249999999999996,0.45570401088948903,0.2411920133357954,0.02,0.1,0.8637806029888132,0.5
417,no-dream,1,create,0.15289619229829463,create,0.05,create,0.8,0.27999999999999997,0.4316490346383849,0.2606484024804577,0.92,0.1,0.8694012448205478,0.4472135954999579
417,no-dream,1,create,0.14561542123647106,explore,0.05,explore,0.75,0.26249999999999996,0.45570401088948903,0.09448865365286993,0.02,0.0,0.6170772433058878,0.5
417,no-dream,1,create,0.14561542123647106,finish,0.05,finish,0.75,0.26249999999999996,0.45570401088948903,0.18934214898510346,0.02,0.0,0.7119307386381213,0.5
417,no-dream,1,create,0.14561542123647106,connect,0.05,connect,0.75,0.26249999999999996,0.45570401088948903,0.21432878154577348,0.02,0.1,0.8369173711987913,0.5
417,no-dream,2,create,0.14561542123647106,understand,0.05,understand,0.75,0.26249999999999996,0.45570401088948903,0.23661891512379846,0.02,0.1,0.8592075047768163,0.5
417,no-dream,2,create,0.1587208091477535,create,0.05,create,0.8333333333333334,0.2916666666666667,0.4138923888479041,0.27092843460534877,0.92,0.1,0.8677666809721659,0.4082482904638631
417,no-dream,2,create,0.14561542123647106,explore,0.05,explore,0.75,0.26249999999999996,0.45570401088948903,0.09513008262689808,0.02,0.0,0.617718672279916,0.5
417,no-dream,2,create,0.14561542123647106,finish,0.05,finish,0.75,0.26249999999999996,0.45570401088948903,0.18661203874443014,0.02,0.0,0.7092006283974479,0.5
417,no-dream,2,create,0.14561542123647106,connect,0.05,connect,0.75,0.26249999999999996,0.45570401088948903,0.21071052889952446,0.02,0.1,0.8332991185525424,0.5
417,no-dream,3,create,0.14561542123647106,understand,0.05,understand,0.75,0.26249999999999996,0.45570401088948903,0.23206568876259046,0.02,0.1,0.8546542784156083,0.5
417,no-dream,3,create,0.16338050262732057,create,0.05,create,0.8571428571428571,0.3,0.4000919317687814,0.28128268497911174,0.92,0.1,0.8679941141205726,0.3779644730092272
417,no-dream,3,create,0.14561542123647106,explore,0.05,explore,0.75,0.26249999999999996,0.45570401088948903,0.09569135022445016,0.02,0.0,0.6182799398774681,0.5
417,no-dream,3,create,0.14561542123647106,finish,0.05,finish,0.75,0.26249999999999996,0.45570401088948903,0.18386644527286625,0.02,0.0,0.706455034925884,0.5
417,no-dream,3,create,0.14561542123647106,connect,0.05,connect,0.75,0.26249999999999996,0.45570401088948903,0.2070938307609815,0.02,0.1,0.8296824204139993,0.5
417,no-dream,4,create,0.14561542123647106,understand,0.05,understand,0.75,0.26249999999999996,0.45570401088948903,0.22753628546458912,0.02,0.1,0.850124875117607,0.5
417,no-dream,4,create,0.1671082574109742,create,0.05,create,0.875,0.30624999999999997,0.3889677036016775,0.29169861001205005,0.92,0.1,0.8698080562027533,0.35355339059327373
417,no-dream,4,create,0.14561542123647106,explore,0.05,explore,0.75,0.26249999999999996,0.45570401088948903,0.09617428519623908,0.02,0.0,0.6187628748492568,0.5
417,no-dream,4,create,0.14561542123647106,finish,0.05,finish,0.75,0.26249999999999996,0.45570401088948903,0.18110856963401406,0.02,0.0,0.7036971592870319,0.5
417,no-dream,4,create,0.14561542123647106,connect,0.05,connect,0.75,0.26249999999999996,0.45570401088948903,0.20348224969310763,0.02,0.1,0.8260708393461255,0.5
417,no-dream,5,create,0.14561542123647106,understand,0.05,understand,0.75,0.26249999999999996,0.45570401088948903,0.22303469199980408,0.02,0.1,0.8456232816528219,0.5
417,no-dream,5,create,0.17009046123789714,create,0.05,create,0.8888888888888888,0.31111111111111106,0.3797533424079075,0.3021633580671768,0.92,0.1,0.8729373503482981,0.3333333333333333
417,no-dream,5,create,0.14561542123647106,explore,0.05,explore,0.75,0.26249999999999996,0.45570401088948903,0.09658085976593792,0.02,0.0,0.6191694494189557,0.5
417,no-dream,5,create,0.14561542123647106,finish,0.05,finish,0.75,0.26249999999999996,0.45570401088948903,0.1783416865899612,0.02,0.0,0.700930276242979,0.5
417,no-dream,5,create,0.14561542123647106,connect,0.05,connect,0.75,0.26249999999999996,0.45570401088948903,0.1998794035771201,0.02,0.1,0.8224679932301379,0.5
417,no-dream,6,create,0.14561542123647106,understand,0.05,understand,0.75,0.26249999999999996,0.45570401088948903,0.21856490893322256,0.02,0.1,0.8411534985862404,0.5
417,no-dream,6,create,0.1724762242994355,create,0.05,create,0.9,0.315,0.37195826677324045,0.31266383169344086,0.92,0.1,0.8771458741672457,0.31622776601683794
417,no-dream,6,create,0.14561542123647106,explore,0.05,explore,0.75,0.26249999999999996,0.45570401088948903,0.09691318401887457,0.02,0.0,0.6195017736718924,0.5
417,no-dream,6,create,0.14561542123647106,finish,0.05,finish,0.75,0.26249999999999996,0.45570401088948903,0.175569128547078,0.02,0.0,0.6981577182000959,0.5
417,no-dream,6,create,0.14561542123647106,connect,0.05,connect,0.75,0.26249999999999996,0.45570401088948903,0.19628894680738407,0.02,0.1,0.8188775364604018,0.5
417,no-dream,7,create,0.14561542123647106,understand,0.05,understand,0.75,0.26249999999999996,0.45570401088948903,0.2141309285432219,0.02,0.1,0.8367195181962398,0.5
417,no-dream,7,create,0.17438483474866617,create,0.05,create,0.9090909090909091,0.3181818181818182,0.3652519344975142,0.32318675247303774,0.92,0.1,0.882235670403704,0.30151134457776363
417,no-dream,7,create,0.14561542123647106,explore,0.05,explore,0.75,0.26249999999999996,0.45570401088948903,0.09717349910084667,0.02,0.0,0.6197620887538645,0.5
417,no-dream,7,create,0.14561542123647106,finish,0.05,finish,0.75,0.26249999999999996,0.45570401088948903,0.1727942688750345,0.02,0.0,0.6953828585280524,0.5
417,no-dream,7,create,0.14561542123647106,connect,0.05,connect,0.75,0.26249999999999996,0.45570401088948903,0.19271455100785911,0.02,0.1,0.815303140660877,0.5
417,no-dream,8,create,0.14561542123647106,understand,0.05,understand,0.75,0.26249999999999996,0.45570401088948903,0.20973671265639707,0.02,0.1,0.8323253023094149,0.5
417,no-dream,8,create,0.17591172310805073,create,0.05,create,0.9166666666666666,0.3208333333333333,0.35940242212366386,0.33371872780913486,0.92,0.1,0.8880427601580813,0.2886751345948129
417,no-dream,8,create,0.14561542123647106,explore,0.05,explore,0.75,0.26249999999999996,0.45570401088948903,0.09736416928810064,0.02,0.0,0.6199527589411185,0.5
417,no-dream,8,create,0.14561542123647106,finish,0.05,finish,0.75,0.26249999999999996,0.45570401088948903,0.17002050477280523,0.02,0.0,0.6926090944258231,0.5
417,no-dream,8,create,0.14561542123647106,connect,0.05,connect,0.75,0.26249999999999996,0.45570401088948903,0.18915988547356213,0.02,0.1,0.8117484751265799,0.5
417,no-dream,9,explore,0.14561542123647106,understand,0.05,understand,0.75,0.26249999999999996,0.45570401088948903,0.20538617063802272,0.02,0.1,0.8279747602910406,0.5
417,no-dream,9,explore,0.17713323379555837,create,0.05,create,0.9230769230769231,0.3230769230769231,0.35424155757525627,0.34424631894479213,0.92,0.1,0.894431565801413,0.2773500981126146
417,no-dream,9,explore,0.14561542123647106,explore,0.05,explore,0.75,0.26249999999999996,0.45570401088948903,0.09748767300651559,0.02,0.0,0.6200762626595335,0.5
417,no-dream,9,explore,0.14561542123647106,finish,0.05,finish,0.75,0.26249999999999996,0.45570401088948903,0.167251239863917,0.02,0.0,0.6898398295169348,0.5
417,no-dream,9,explore,0.14561542123647106,connect,0.05,connect,0.75,0.26249999999999996,0.45570401088948903,0.18562859754675254,0.02,0.1,0.8082171871997704,0.5
417,restarted,0,create,0.14561542123647106,understand,0.05,understand,0.75,0.26249999999999996,0.45570401088948903,0.2457810889600983,0.02,0.1,0.8683696786131162,0.5
417,restarted,0,create,0.14561542123647106,create,0.05,create,0.75,0.26249999999999996,0.45570401088948903,0.2504547651539767,0.92,0.1,0.8730433548069946,0.5
417,restarted,0,create,0.14561542123647106,explore,0.05,explore,0.75,0.26249999999999996,0.45570401088948903,0.0937653824028618,0.02,0.0,0.6163539720558797,0.5
417,restarted,0,create,0.14561542123647106,finish,0.05,finish,0.75,0.26249999999999996,0.45570401088948903,0.19205366389496753,0.02,0.0,0.7146422535479854,0.5
417,restarted,0,create,0.14561542123647106,connect,0.05,connect,0.75,0.26249999999999996,0.45570401088948903,0.21794509958809563,0.02,0.1,0.8405336892411134,0.5
417,restarted,1,create,0.14561542123647106,understand,0.05,understand,0.75,0.26249999999999996,0.45570401088948903,0.2411920133357954,0.02,0.1,0.8637806029888132,0.5
417,restarted,1,create,0.15289619229829463,create,0.05,create,0.8,0.27999999999999997,0.4316490346383849,0.2606484024804577,0.92,0.1,0.8694012448205478,0.4472135954999579
417,restarted,1,create,0.14561542123647106,explore,0.05,explore,0.75,0.26249999999999996,0.45570401088948903,0.09448865365286993,0.02,0.0,0.6170772433058878,0.5
417,restarted,1,create,0.14561542123647106,finish,0.05,finish,0.75,0.26249999999999996,0.45570401088948903,0.18934214898510346,0.02,0.0,0.7119307386381213,0.5
417,restarted,1,create,0.14561542123647106,connect,0.05,connect,0.75,0.26249999999999996,0.45570401088948903,0.21432878154577348,0.02,0.1,0.8369173711987913,0.5
417,restarted,2,create,0.14561542123647106,understand,0.05,understand,0.75,0.26249999999999996,0.45570401088948903,0.23661891512379846,0.02,0.1,0.8592075047768163,0.5
417,restarted,2,create,0.1587208091477535,create,0.05,create,0.8333333333333334,0.2916666666666667,0.4138923888479041,0.27092843460534877,0.92,0.1,0.8677666809721659,0.4082482904638631
417,restarted,2,create,0.14561542123647106,explore,0.05,explore,0.75,0.26249999999999996,0.45570401088948903,0.09513008262689808,0.02,0.0,0.617718672279916,0.5
417,restarted,2,create,0.14561542123647106,finish,0.05,finish,0.75,0.26249999999999996,0.45570401088948903,0.18661203874443014,0.02,0.0,0.7092006283974479,0.5
417,restarted,2,create,0.14561542123647106,connect,0.05,connect,0.75,0.26249999999999996,0.45570401088948903,0.21071052889952446,0.02,0.1,0.8332991185525424,0.5
417,restarted,3,create,0.14561542123647106,understand,0.05,understand,0.75,0.26249999999999996,0.45570401088948903,0.23206568876259046,0.02,0.1,0.8546542784156083,0.5
417,restarted,3,create,0.16338050262732057,create,0.05,create,0.8571428571428571,0.3,0.4000919317687814,0.28128268497911174,0.92,0.1,0.8679941141205726,0.3779644730092272
417,restarted,3,create,0.14561542123647106,explore,0.05,explore,0.75,0.26249999999999996,0.45570401088948903,0.09569135022445016,0.02,0.0,0.6182799398774681,0.5
417,restarted,3,create,0.14561542123647106,finish,0.05,finish,0.75,0.26249999999999996,0.45570401088948903,0.18386644527286625,0.02,0.0,0.706455034925884,0.5
417,restarted,3,create,0.14561542123647106,connect,0.05,connect,0.75,0.26249999999999996,0.45570401088948903,0.2070938307609815,0.02,0.1,0.8296824204139993,0.5
417,restarted,4,create,0.14561542123647106,understand,0.05,understand,0.75,0.26249999999999996,0.45570401088948903,0.22753628546458912,0.02,0.1,0.850124875117607,0.5
417,restarted,4,create,0.1671082574109742,create,0.05,create,0.875,0.30624999999999997,0.3889677036016775,0.29169861001205005,0.92,0.1,0.8698080562027533,0.35355339059327373
417,restarted,4,create,0.14561542123647106,explore,0.05,explore,0.75,0.26249999999999996,0.45570401088948903,0.09617428519623908,0.02,0.0,0.6187628748492568,0.5
417,restarted,4,create,0.14561542123647106,finish,0.05,finish,0.75,0.26249999999999996,0.45570401088948903,0.18110856963401406,0.02,0.0,0.7036971592870319,0.5
417,restarted,4,create,0.14561542123647106,connect,0.05,connect,0.75,0.26249999999999996,0.45570401088948903,0.20348224969310763,0.02,0.1,0.8260708393461255,0.5
417,restarted,5,create,0.14561542123647106,understand,0.05,understand,0.75,0.26249999999999996,0.45570401088948903,0.22303469199980408,0.02,0.1,0.8456232816528219,0.5
417,restarted,5,create,0.17009046123789714,create,0.05,create,0.8888888888888888,0.31111111111111106,0.3797533424079075,0.3021633580671768,0.92,0.1,0.8729373503482981,0.3333333333333333
417,restarted,5,create,0.14561542123647106,explore,0.05,explore,0.75,0.26249999999999996,0.45570401088948903,0.09658085976593792,0.02,0.0,0.6191694494189557,0.5
417,restarted,5,create,0.14561542123647106,finish,0.05,finish,0.75,0.26249999999999996,0.45570401088948903,0.1783416865899612,0.02,0.0,0.700930276242979,0.5
417,restarted,5,create,0.14561542123647106,connect,0.05,connect,0.75,0.26249999999999996,0.45570401088948903,0.1998794035771201,0.02,0.1,0.8224679932301379,0.5
417,restarted,6,create,0.14561542123647106,understand,0.05,understand,0.75,0.26249999999999996,0.45570401088948903,0.21856490893322256,0.02,0.1,0.8411534985862404,0.5
417,restarted,6,create,0.1724762242994355,create,0.05,create,0.9,0.315,0.37195826677324045,0.31266383169344086,0.92,0.1,0.8771458741672457,0.31622776601683794
417,restarted,6,create,0.14561542123647106,explore,0.05,explore,0.75,0.26249999999999996,0.45570401088948903,0.09691318401887457,0.02,0.0,0.6195017736718924,0.5
417,restarted,6,create,0.14561542123647106,finish,0.05,finish,0.75,0.26249999999999996,0.45570401088948903,0.175569128547078,0.02,0.0,0.6981577182000959,0.5
417,restarted,6,create,0.14561542123647106,connect,0.05,connect,0.75,0.26249999999999996,0.45570401088948903,0.19628894680738407,0.02,0.1,0.8188775364604018,0.5
417,restarted,7,create,0.14561542123647106,understand,0.05,understand,0.75,0.26249999999999996,0.45570401088948903,0.2141309285432219,0.02,0.1,0.8367195181962398,0.5
417,restarted,7,create,0.17438483474866617,create,0.05,create,0.9090909090909091,0.3181818181818182,0.3652519344975142,0.32318675247303774,0.92,0.1,0.882235670403704,0.30151134457776363
417,restarted,7,create,0.14561542123647106,explore,0.05,explore,0.75,0.26249999999999996,0.45570401088948903,0.09717349910084667,0.02,0.0,0.6197620887538645,0.5
417,restarted,7,create,0.14561542123647106,finish,0.05,finish,0.75,0.26249999999999996,0.45570401088948903,0.1727942688750345,0.02,0.0,0.6953828585280524,0.5
417,restarted,7,create,0.14561542123647106,connect,0.05,connect,0.75,0.26249999999999996,0.45570401088948903,0.19271455100785911,0.02,0.1,0.815303140660877,0.5
417,restarted,8,create,0.14561542123647106,understand,0.05,understand,0.75,0.26249999999999996,0.45570401088948903,0.20973671265639707,0.02,0.1,0.8323253023094149,0.5
417,restarted,8,create,0.17591172310805073,create,0.05,create,0.9166666666666666,0.3208333333333333,0.35940242212366386,0.33371872780913486,0.92,0.1,0.8880427601580813,0.2886751345948129
417,restarted,8,create,0.14561542123647106,explore,0.05,explore,0.75,0.26249999999999996,0.45570401088948903,0.09736416928810064,0.02,0.0,0.6199527589411185,0.5
417,restarted,8,create,0.14561542123647106,finish,0.05,finish,0.75,0.26249999999999996,0.45570401088948903,0.17002050477280523,0.02,0.0,0.6926090944258231,0.5
417,restarted,8,create,0.14561542123647106,connect,0.05,connect,0.75,0.26249999999999996,0.45570401088948903,0.18915988547356213,0.02,0.1,0.8117484751265799,0.5
417,restarted,9,explore,0.14561542123647106,understand,0.05,understand,0.75,0.26249999999999996,0.45570401088948903,0.20538617063802272,0.02,0.1,0.8279747602910406,0.5
417,restarted,9,explore,0.17713323379555837,create,0.05,create,0.9230769230769231,0.3230769230769231,0.35424155757525627,0.34424631894479213,0.92,0.1,0.894431565801413,0.2773500981126146
417,restarted,9,explore,0.14561542123647106,explore,0.05,explore,0.75,0.26249999999999996,0.45570401088948903,0.09748767300651559,0.02,0.0,0.6200762626595335,0.5
417,restarted,9,explore,0.14561542123647106,finish,0.05,finish,0.75,0.26249999999999996,0.45570401088948903,0.167251239863917,0.02,0.0,0.6898398295169348,0.5
417,restarted,9,explore,0.14561542123647106,connect,0.05,connect,0.75,0.26249999999999996,0.45570401088948903,0.18562859754675254,0.02,0.1,0.8082171871997704,0.5
418,updated,0,create,0.024076134775122698,understand,0.05,understand,0.75,0.26249999999999996,0.3058990638059927,0.23193945196387616,0.02,0.1,0.826262380994746,0.5
418,updated,0,create,0.024076134775122698,create,0.05,create,0.75,0.26249999999999996,0.3058990638059927,0.3761069109571885,0.92,0.0,0.8704298399880585,0.5
418,updated,0,create,0.024076134775122698,explore,0.05,explore,0.75,0.26249999999999996,0.3058990638059927,0.10101858227418915,0.02,0.1,0.695341511305059,0.5
418,updated,0,create,0.024076134775122698,finish,0.05,finish,0.75,0.26249999999999996,0.3058990638059927,0.09188263275150667,0.02,0.1,0.6862055617823766,0.5
418,updated,0,create,0.024076134775122698,connect,0.05,connect,0.75,0.26249999999999996,0.3058990638059927,0.19905242205323959,0.02,0.0,0.6933753510841095,0.5
418,updated,1,create,0.024076134775122698,understand,0.05,understand,0.75,0.26249999999999996,0.3058990638059927,0.22613444818641634,0.02,0.1,0.8204573772172863,0.5
418,updated,1,create,0.025279941513878832,create,0.05,create,0.8,0.27999999999999997,0.28975175208774534,0.3864813549898862,0.92,0.0,0.8809531655637527,0.4472135954999579
418,updated,1,create,0.024076134775122698,explore,0.05,explore,0.75,0.26249999999999996,0.3058990638059927,0.10074812473708018,0.02,0.1,0.6950710537679501,0.5
418,updated,1,create,0.024076134775122698,finish,0.05,finish,0.75,0.26249999999999996,0.3058990638059927,0.0919983881627431,0.02,0.1,0.6863213171936129,0.5
418,updated,1,create,0.024076134775122698,connect,0.05,connect,0.75,0.26249999999999996,0.3058990638059927,0.1946376839238742,0.02,0.0,0.6889606129547441,0.5
418,updated,2,create,0.024076134775122698,understand,0.05,understand,0.75,0.26249999999999996,0.3058990638059927,0.22043915088353644,0.02,0.1,0.8147620799144063,0.5
418,updated,2,create,0.026242986904883744,create,0.05,create,0.8333333333333334,0.2916666666666667,0.27783230175628904,0.3967853777159132,0.92,0.0,0.8900413592339852,0.4082482904638631
418,updated,2,create,0.024076134775122698,explore,0.05,explore,0.75,0.26249999999999996,0.3058990638059927,0.10042864564016525,0.02,0.1,0.6947515746710351,0.5
418,updated,2,create,0.024076134775122698,finish,0.05,finish,0.75,0.26249999999999996,0.3058990638059927,0.09205404561884085,0.02,0.1,0.6863769746497107,0.5
418,updated,2,create,0.024076134775122698,connect,0.05,connect,0.75,0.26249999999999996,0.3058990638059927,0.19029278014154424,0.02,0.0,0.6846157091724142,0.5
418,updated,3,create,0.024076134775122698,understand,0.05,understand,0.75,0.26249999999999996,0.3058990638059927,0.21485681921846758,0.02,0.1,0.8091797482493375,0.5
418,updated,3,create,0.02701342321768767,create,0.05,create,0.8571428571428571,0.3,0.2685685103484443,0.4070066843793525,0.92,0.0,0.8985617715101092,0.3779644730092272
418,updated,3,create,0.024076134775122698,explore,0.05,explore,0.75,0.26249999999999996,0.3058990638059927,0.10006308449850505,0.02,0.1,0.6943860135293749,0.5
418,updated,3,create,0.024076134775122698,finish,0.05,finish,0.75,0.26249999999999996,0.3058990638059927,0.09205252232910026,0.02,0.1,0.6863754513599701,0.5
418,updated,3,create,0.024076134775122698,connect,0.05,connect,0.75,0.26249999999999996,0.3058990638059927,0.18602088957457466,0.02,0.0,0.6803438186054446,0.5
418,updated,4,finish,0.024076134775122698,understand,0.05,understand,0.75,0.26249999999999996,0.3058990638059927,0.20939043930596593,0.02,0.1,0.8037133683368358,0.5
418,updated,4,finish,0.02762977226793081,create,0.05,create,0.875,0.30624999999999997,0.26110118309091324,0.4171333860202775,0.92,0.0,0.9068547968432598,0.35355339059327373
418,updated,4,finish,0.024076134775122698,explore,0.05,explore,0.75,0.26249999999999996,0.3058990638059927,0.0996544035149313,0.02,0.1,0.6939773325458012,0.5
418,updated,4,finish,0.024076134775122698,finish,0.05,finish,0.75,0.26249999999999996,0.3058990638059927,0.09199677882772572,0.02,0.1,0.6863197078585956,0.5
418,updated,4,finish,0.024076134775122698,connect,0.05,connect,0.75,0.26249999999999996,0.3058990638059927,0.18182499233109967,0.02,0.0,0.6761479213619696,0.5
418,updated,5,create,0.024076134775122698,understand,0.05,understand,0.75,0.26249999999999996,0.3058990638059927,0.20862931667037646,0.02,0.1,0.8029522457012463,0.5
418,updated,5,create,0.02762977226793081,create,0.05,create,0.875,0.30624999999999997,0.26110118309091324,0.4116486014578878,0.92,0.0,0.9013700122808701,0.35355339059327373
418,updated,5,create,0.024076134775122698,explore,0.05,explore,0.75,0.26249999999999996,0.3058990638059927,0.1013884603425317,0.02,0.1,0.6957113893734015,0.5
418,updated,5,create,0.01926090782009816,finish,0.05,finish,0.8,0.27999999999999997,0.28975175208774534,0.09664296832826157,0.02,0.1,0.6971338125959087,0.4472135954999579
418,updated,5,create,0.024076134775122698,connect,0.05,connect,0.75,0.26249999999999996,0.3058990638059927,0.18169065320094235,0.02,0.0,0.6760135822318122,0.5
418,updated,6,create,0.024076134775122698,understand,0.05,understand,0.75,0.26249999999999996,0.3058990638059927,0.2033814889112642,0.02,0.1,0.797704417942134,0.5
418,updated,6,create,0.028122851508125324,create,0.05,create,0.8888888888888888,0.31111111111111106,0.25491588650499386,0.4217282171244949,0.92,0.0,0.9096323632324744,0.3333333333333333
418,updated,6,create,0.024076134775122698,explore,0.05,explore,0.75,0.26249999999999996,0.3058990638059927,0.10089425486377479,0.02,0.1,0.6952171838946446,0.5
418,updated,6,create,0.01926090782009816,finish,0.05,finish,0.8,0.27999999999999997,0.28975175208774534,0.09635911436424192,0.02,0.1,0.696849958631889,0.4472135954999579
418,updated,6,create,0.024076134775122698,connect,0.05,connect,0.75,0.26249999999999996,0.3058990638059927,0.17763692473622417,0.02,0.0,0.671959853767094,0.5
418,updated,7,create,0.024076134775122698,understand,0.05,understand,0.75,0.26249999999999996,0.3058990638059927,0.19824821219528957,0.02,0.1,0.7925711412261593,0.5
418,updated,7,create,0.028517314900280935,create,0.05,create,0.9,0.315,0.2496833094770076,0.4316967368669497,0.92,0.0,0.9178627314436762,0.31622776601683794
418,updated,7,create,0.024076134775122698,explore,0.05,explore,0.75,0.26249999999999996,0.3058990638059927,0.10036338455863617,0.02,0.1,0.694686313589506,0.5
418,updated,7,create,0.01926090782009816,finish,0.05,finish,0.8,0.27999999999999997,0.28975175208774534,0.09603190415299774,0.02,0.1,0.6965227484206449,0.4472135954999579
418,updated,7,create,0.024076134775122698,connect,0.05,connect,0.75,0.26249999999999996,0.3058990638059927,0.17365976222612692,0.02,0.0,0.6679826912569967,0.5
418,updated,8,create,0.024076134775122698,understand,0.05,understand,0.75,0.26249999999999996,0.3058990638059927,0.19323177472602587,0.02,0.1,0.7875547037568957,0.5
418,updated,8,create,0.028832885614005425,create,0.05,create,0.9090909090909091,0.3181818181818182,0.2451815699362203,0.4415434811017479,0.92,0.0,0.926073983605781,0.30151134457776363
418,updated,8,create,0.024076134775122698,explore,0.05,explore,0.75,0.26249999999999996,0.3058990638059927,0.09979880275960742,0.02,0.1,0.6941217317904773,0.5
418,updated,8,create,0.01926090782009816,finish,0.05,finish,0.8,0.27999999999999997,0.28975175208774534,0.09566432045949698,0.02,0.1,0.696155164727144,0.4472135954999579
418,updated,8,create,0.024076134775122698,connect,0.05,connect,0.75,0.26249999999999996,0.3058990638059927,0.1697616209531219,0.02,0.0,0.6640845499839917,0.5
418,updated,9,create,0.024076134775122698,understand,0.05,understand,0.75,0.26249999999999996,0.3058990638059927,0.18833416687826318,0.02,0.1,0.782657095909133,0.5
418,updated,9,create,0.029085342184985017,create,0.05,create,0.9166666666666666,0.3208333333333333,0.24125498531961853,0.4512583362917316,0.92,0.0,0.9342613127596984,0.2886751345948129
418,updated,9,create,0.024076134775122698,explore,0.05,explore,0.75,0.26249999999999996,0.3058990638059927,0.09920343736543136,0.02,0.1,0.6935263663963012,0.5
418,updated,9,create,0.01926090782009816,finish,0.05,finish,0.8,0.27999999999999997,0.28975175208774534,0.09525933266865275,0.02,0.1,0.6957501769362999,0.4472135954999579
418,updated,9,create,0.024076134775122698,connect,0.05,connect,0.75,0.26249999999999996,0.3058990638059927,0.16594472679592107,0.02,0.0,0.6602676558267909,0.5
418,frozen,0,create,0.024076134775122698,understand,0.05,understand,0.75,0.26249999999999996,0.3058990638059927,0.23193945196387616,0.02,0.1,0.826262380994746,0.5
418,frozen,0,create,0.024076134775122698,create,0.05,create,0.75,0.26249999999999996,0.3058990638059927,0.3761069109571885,0.92,0.0,0.8704298399880585,0.5
418,frozen,0,create,0.024076134775122698,explore,0.05,explore,0.75,0.26249999999999996,0.3058990638059927,0.10101858227418915,0.02,0.1,0.695341511305059,0.5
418,frozen,0,create,0.024076134775122698,finish,0.05,finish,0.75,0.26249999999999996,0.3058990638059927,0.09188263275150667,0.02,0.1,0.6862055617823766,0.5
418,frozen,0,create,0.024076134775122698,connect,0.05,connect,0.75,0.26249999999999996,0.3058990638059927,0.19905242205323959,0.02,0.0,0.6933753510841095,0.5
418,frozen,1,create,0.024076134775122698,understand,0.05,understand,0.75,0.26249999999999996,0.3058990638059927,0.23193945196387616,0.02,0.1,0.826262380994746,0.5
418,frozen,1,create,0.024076134775122698,create,0.05,create,0.75,0.26249999999999996,0.3058990638059927,0.3761069109571885,0.92,0.0,0.8704298399880585,0.5
418,frozen,1,create,0.024076134775122698,explore,0.05,explore,0.75,0.26249999999999996,0.3058990638059927,0.10101858227418915,0.02,0.1,0.695341511305059,0.5
418,frozen,1,create,0.024076134775122698,finish,0.05,finish,0.75,0.26249999999999996,0.3058990638059927,0.09188263275150667,0.02,0.1,0.6862055617823766,0.5
418,frozen,1,create,0.024076134775122698,connect,0.05,connect,0.75,0.26249999999999996,0.3058990638059927,0.19905242205323959,0.02,0.0,0.6933753510841095,0.5
418,frozen,2,create,0.024076134775122698,understand,0.05,understand,0.75,0.26249999999999996,0.3058990638059927,0.23193945196387616,0.02,0.1,0.826262380994746,0.5
418,frozen,2,create,0.024076134775122698,create,0.05,create,0.75,0.26249999999999996,0.3058990638059927,0.3761069109571885,0.92,0.0,0.8704298399880585,0.5
418,frozen,2,create,0.024076134775122698,explore,0.05,explore,0.75,0.26249999999999996,0.3058990638059927,0.10101858227418915,0.02,0.1,0.695341511305059,0.5
418,frozen,2,create,0.024076134775122698,finish,0.05,finish,0.75,0.26249999999999996,0.3058990638059927,0.09188263275150667,0.02,0.1,0.6862055617823766,0.5
418,frozen,2,create,0.024076134775122698,connect,0.05,connect,0.75,0.26249999999999996,0.3058990638059927,0.19905242205323959,0.02,0.0,0.6933753510841095,0.5
418,frozen,3,create,0.024076134775122698,understand,0.05,understand,0.75,0.26249999999999996,0.3058990638059927,0.23193945196387616,0.02,0.1,0.826262380994746,0.5
418,frozen,3,create,0.024076134775122698,create,0.05,create,0.75,0.26249999999999996,0.3058990638059927,0.3761069109571885,0.92,0.0,0.8704298399880585,0.5
418,frozen,3,create,0.024076134775122698,explore,0.05,explore,0.75,0.26249999999999996,0.3058990638059927,0.10101858227418915,0.02,0.1,0.695341511305059,0.5
418,frozen,3,create,0.024076134775122698,finish,0.05,finish,0.75,0.26249999999999996,0.3058990638059927,0.09188263275150667,0.02,0.1,0.6862055617823766,0.5
418,frozen,3,create,0.024076134775122698,connect,0.05,connect,0.75,0.26249999999999996,0.3058990638059927,0.19905242205323959,0.02,0.0,0.6933753510841095,0.5
418,frozen,4,finish,0.024076134775122698,understand,0.05,understand,0.75,0.26249999999999996,0.3058990638059927,0.23193945196387616,0.02,0.1,0.826262380994746,0.5
418,frozen,4,finish,0.024076134775122698,create,0.05,create,0.75,0.26249999999999996,0.3058990638059927,0.3761069109571885,0.92,0.0,0.8704298399880585,0.5
418,frozen,4,finish,0.024076134775122698,explore,0.05,explore,0.75,0.26249999999999996,0.3058990638059927,0.10101858227418915,0.02,0.1,0.695341511305059,0.5
418,frozen,4,finish,0.024076134775122698,finish,0.05,finish,0.75,0.26249999999999996,0.3058990638059927,0.09188263275150667,0.02,0.1,0.6862055617823766,0.5
418,frozen,4,finish,0.024076134775122698,connect,0.05,connect,0.75,0.26249999999999996,0.3058990638059927,0.19905242205323959,0.02,0.0,0.6933753510841095,0.5
418,frozen,5,create,0.024076134775122698,understand,0.05,understand,0.75,0.26249999999999996,0.3058990638059927,0.23193945196387616,0.02,0.1,0.826262380994746,0.5
418,frozen,5,create,0.024076134775122698,create,0.05,create,0.75,0.26249999999999996,0.3058990638059927,0.3761069109571885,0.92,0.0,0.8704298399880585,0.5
418,frozen,5,create,0.024076134775122698,explore,0.05,explore,0.75,0.26249999999999996,0.3058990638059927,0.10101858227418915,0.02,0.1,0.695341511305059,0.5
418,frozen,5,create,0.024076134775122698,finish,0.05,finish,0.75,0.26249999999999996,0.3058990638059927,0.09188263275150667,0.02,0.1,0.6862055617823766,0.5
418,frozen,5,create,0.024076134775122698,connect,0.05,connect,0.75,0.26249999999999996,0.3058990638059927,0.19905242205323959,0.02,0.0,0.6933753510841095,0.5
418,frozen,6,create,0.024076134775122698,understand,0.05,understand,0.75,0.26249999999999996,0.3058990638059927,0.23193945196387616,0.02,0.1,0.826262380994746,0.5
418,frozen,6,create,0.024076134775122698,create,0.05,create,0.75,0.26249999999999996,0.3058990638059927,0.3761069109571885,0.92,0.0,0.8704298399880585,0.5
418,frozen,6,create,0.024076134775122698,explore,0.05,explore,0.75,0.26249999999999996,0.3058990638059927,0.10101858227418915,0.02,0.1,0.695341511305059,0.5
418,frozen,6,create,0.024076134775122698,finish,0.05,finish,0.75,0.26249999999999996,0.3058990638059927,0.09188263275150667,0.02,0.1,0.6862055617823766,0.5
418,frozen,6,create,0.024076134775122698,connect,0.05,connect,0.75,0.26249999999999996,0.3058990638059927,0.19905242205323959,0.02,0.0,0.6933753510841095,0.5
418,frozen,7,create,0.024076134775122698,understand,0.05,understand,0.75,0.26249999999999996,0.3058990638059927,0.23193945196387616,0.02,0.1,0.826262380994746,0.5
418,frozen,7,create,0.024076134775122698,create,0.05,create,0.75,0.26249999999999996,0.3058990638059927,0.3761069109571885,0.92,0.0,0.8704298399880585,0.5
418,frozen,7,create,0.024076134775122698,explore,0.05,explore,0.75,0.26249999999999996,0.3058990638059927,0.10101858227418915,0.02,0.1,0.695341511305059,0.5
418,frozen,7,create,0.024076134775122698,finish,0.05,finish,0.75,0.26249999999999996,0.3058990638059927,0.09188263275150667,0.02,0.1,0.6862055617823766,0.5
418,frozen,7,create,0.024076134775122698,connect,0.05,connect,0.75,0.26249999999999996,0.3058990638059927,0.19905242205323959,0.02,0.0,0.6933753510841095,0.5
418,frozen,8,create,0.024076134775122698,understand,0.05,understand,0.75,0.26249999999999996,0.3058990638059927,0.23193945196387616,0.02,0.1,0.826262380994746,0.5
418,frozen,8,create,0.024076134775122698,create,0.05,create,0.75,0.26249999999999996,0.3058990638059927,0.3761069109571885,0.92,0.0,0.8704298399880585,0.5
418,frozen,8,create,0.024076134775122698,explore,0.05,explore,0.75,0.26249999999999996,0.3058990638059927,0.10101858227418915,0.02,0.1,0.695341511305059,0.5
418,frozen,8,create,0.024076134775122698,finish,0.05,finish,0.75,0.26249999999999996,0.3058990638059927,0.09188263275150667,0.02,0.1,0.6862055617823766,0.5
418,frozen,8,create,0.024076134775122698,connect,0.05,connect,0.75,0.26249999999999996,0.3058990638059927,0.19905242205323959,0.02,0.0,0.6933753510841095,0.5
418,frozen,9,create,0.024076134775122698,understand,0.05,understand,0.75,0.26249999999999996,0.3058990638059927,0.23193945196387616,0.02,0.1,0.826262380994746,0.5
418,frozen,9,create,0.024076134775122698,create,0.05,create,0.75,0.26249999999999996,0.3058990638059927,0.3761069109571885,0.92,0.0,0.8704298399880585,0.5
418,frozen,9,create,0.024076134775122698,explore,0.05,explore,0.75,0.26249999999999996,0.3058990638059927,0.10101858227418915,0.02,0.1,0.695341511305059,0.5
418,frozen,9,create,0.024076134775122698,finish,0.05,finish,0.75,0.26249999999999996,0.3058990638059927,0.09188263275150667,0.02,0.1,0.6862055617823766,0.5
418,frozen,9,create,0.024076134775122698,connect,0.05,connect,0.75,0.26249999999999996,0.3058990638059927,0.19905242205323959,0.02,0.0,0.6933753510841095,0.5
418,neutral,0,finish,0.024076134775122698,understand,0.05,understand,0.75,0.26249999999999996,0.3058990638059927,0.2,0.32,0.1,0.7943229290308699,0.5
418,neutral,0,finish,0.024076134775122698,create,0.05,create,0.75,0.26249999999999996,0.3058990638059927,0.2,0.02,0.0,0.6943229290308699,0.5
418,neutral,0,finish,0.024076134775122698,explore,0.05,explore,0.75,0.26249999999999996,0.3058990638059927,0.2,0.32,0.1,0.7943229290308699,0.5
418,neutral,0,finish,0.024076134775122698,finish,0.05,finish,0.75,0.26249999999999996,0.3058990638059927,0.2,0.32,0.1,0.7943229290308699,0.5
418,neutral,0,finish,0.024076134775122698,connect,0.05,connect,0.75,0.26249999999999996,0.3058990638059927,0.2,0.02,0.0,0.6943229290308699,0.5
418,neutral,1,finish,0.024076134775122698,understand,0.05,understand,0.75,0.26249999999999996,0.3058990638059927,0.2,0.02,0.1,0.7943229290308699,0.5
418,neutral,1,finish,0.024076134775122698,create,0.05,create,0.75,0.26249999999999996,0.3058990638059927,0.2,0.02,0.0,0.6943229290308699,0.5
418,neutral,1,finish,0.024076134775122698,explore,0.05,explore,0.75,0.26249999999999996,0.3058990638059927,0.2,0.02,0.1,0.7943229290308699,0.5
418,neutral,1,finish,0.01926090782009816,finish,0.05,finish,0.8,0.27999999999999997,0.28975175208774534,0.2,0.92,0.1,0.800490844267647,0.4472135954999579
418,neutral,1,finish,0.024076134775122698,connect,0.05,connect,0.75,0.26249999999999996,0.3058990638059927,0.2,0.02,0.0,0.6943229290308699,0.5
418,neutral,2,finish,0.024076134775122698,understand,0.05,understand,0.75,0.26249999999999996,0.3058990638059927,0.2,0.02,0.1,0.7943229290308699,0.5
418,neutral,2,finish,0.024076134775122698,create,0.05,create,0.75,0.26249999999999996,0.3058990638059927,0.2,0.02,0.0,0.6943229290308699,0.5
418,neutral,2,finish,0.024076134775122698,explore,0.05,explore,0.75,0.26249999999999996,0.3058990638059927,0.2,0.02,0.1,0.7943229290308699,0.5
418,neutral,2,finish,0.015408726256078528,finish,0.05,finish,0.8333333333333334,0.2916666666666667,0.27783230175628904,0.2,0.92,0.1,0.8040902421668772,0.4082482904638631
418,neutral,2,finish,0.024076134775122698,connect,0.05,connect,0.75,0.26249999999999996,0.3058990638059927,0.2,0.02,0.0,0.6943229290308699,0.5
418,neutral,3,finish,0.024076134775122698,understand,0.05,understand,0.75,0.26249999999999996,0.3058990638059927,0.2,0.02,0.1,0.7943229290308699,0.5
418,neutral,3,finish,0.024076134775122698,create,0.05,create,0.75,0.26249999999999996,0.3058990638059927,0.2,0.02,0.0,0.6943229290308699,0.5
418,neutral,3,finish,0.024076134775122698,explore,0.05,explore,0.75,0.26249999999999996,0.3058990638059927,0.2,0.02,0.1,0.7943229290308699,0.5
418,neutral,3,finish,0.012326981004862824,finish,0.05,finish,0.8571428571428571,0.3,0.2685685103484443,0.2,0.92,0.1,0.8062415293435814,0.3779644730092272
418,neutral,3,finish,0.024076134775122698,connect,0.05,connect,0.75,0.26249999999999996,0.3058990638059927,0.2,0.02,0.0,0.6943229290308699,0.5
418,neutral,4,finish,0.024076134775122698,understand,0.05,understand,0.75,0.26249999999999996,0.3058990638059927,0.2,0.02,0.1,0.7943229290308699,0.5
418,neutral,4,finish,0.024076134775122698,create,0.05,create,0.75,0.26249999999999996,0.3058990638059927,0.2,0.02,0.0,0.6943229290308699,0.5
418,neutral,4,finish,0.024076134775122698,explore,0.05,explore,0.75,0.26249999999999996,0.3058990638059927,0.2,0.02,0.1,0.7943229290308699,0.5
418,neutral,4,finish,0.00986158480389026,finish,0.05,finish,0.875,0.30624999999999997,0.26110118309091324,0.2,0.92,0.1,0.8074895982870229,0.35355339059327373
418,neutral,4,finish,0.024076134775122698,connect,0.05,connect,0.75,0.26249999999999996,0.3058990638059927,0.2,0.02,0.0,0.6943229290308699,0.5
418,neutral,5,finish,0.024076134775122698,understand,0.05,understand,0.75,0.26249999999999996,0.3058990638059927,0.2,0.02,0.1,0.7943229290308699,0.5
418,neutral,5,finish,0.024076134775122698,create,0.05,create,0.75,0.26249999999999996,0.3058990638059927,0.2,0.02,0.0,0.6943229290308699,0.5
418,neutral,5,finish,0.024076134775122698,explore,0.05,explore,0.75,0.26249999999999996,0.3058990638059927,0.2,0.02,0.1,0.7943229290308699,0.5
418,neutral,5,finish,0.007889267843112209,finish,0.05,finish,0.8888888888888888,0.31111111111111106,0.25491588650499386,0.2,0.92,0.1,0.8081377297729927,0.3333333333333333
418,neutral,5,finish,0.024076134775122698,connect,0.05,connect,0.75,0.26249999999999996,0.3058990638059927,0.2,0.02,0.0,0.6943229290308699,0.5
418,neutral,6,finish,0.024076134775122698,understand,0.05,understand,0.75,0.26249999999999996,0.3058990638059927,0.2,0.02,0.1,0.7943229290308699,0.5
418,neutral,6,finish,0.024076134775122698,create,0.05,create,0.75,0.26249999999999996,0.3058990638059927,0.2,0.02,0.0,0.6943229290308699,0.5
418,neutral,6,finish,0.024076134775122698,explore,0.05,explore,0.75,0.26249999999999996,0.3058990638059927,0.2,0.02,0.1,0.7943229290308699,0.5
418,neutral,6,finish,0.006311414274489766,finish,0.05,finish,0.9,0.315,0.2496833094770076,0.2,0.92,0.1,0.8083718952025177,0.31622776601683794
418,neutral,6,finish,0.024076134775122698,connect,0.05,connect,0.75,0.26249999999999996,0.3058990638059927,0.2,0.02,0.0,0.6943229290308699,0.5
418,neutral,7,finish,0.024076134775122698,understand,0.05,understand,0.75,0.26249999999999996,0.3058990638059927,0.2,0.02,0.1,0.7943229290308699,0.5
418,neutral,7,finish,0.024076134775122698,create,0.05,create,0.75,0.26249999999999996,0.3058990638059927,0.2,0.02,0.0,0.6943229290308699,0.5
418,neutral,7,finish,0.024076134775122698,explore,0.05,explore,0.75,0.26249999999999996,0.3058990638059927,0.2,0.02,0.1,0.7943229290308699,0.5
418,neutral,7,finish,0.005049131419591813,finish,0.05,finish,0.9090909090909091,0.3181818181818182,0.2451815699362203,0.2,0.92,0.1,0.8083142566984466,0.30151134457776363
418,neutral,7,finish,0.024076134775122698,connect,0.05,connect,0.75,0.26249999999999996,0.3058990638059927,0.2,0.02,0.0,0.6943229290308699,0.5
418,neutral,8,finish,0.024076134775122698,understand,0.05,understand,0.75,0.26249999999999996,0.3058990638059927,0.2,0.02,0.1,0.7943229290308699,0.5
418,neutral,8,finish,0.024076134775122698,create,0.05,create,0.75,0.26249999999999996,0.3058990638059927,0.2,0.02,0.0,0.6943229290308699,0.5
418,neutral,8,finish,0.024076134775122698,explore,0.05,explore,0.75,0.26249999999999996,0.3058990638059927,0.2,0.02,0.1,0.7943229290308699,0.5
418,neutral,8,finish,0.004039305135673451,finish,0.05,finish,0.9166666666666666,0.3208333333333333,0.24125498531961853,0.2,0.92,0.1,0.8080490135172783,0.2886751345948129
418,neutral,8,finish,0.024076134775122698,connect,0.05,connect,0.75,0.26249999999999996,0.3058990638059927,0.2,0.02,0.0,0.6943229290308699,0.5
418,neutral,9,finish,0.024076134775122698,understand,0.05,understand,0.75,0.26249999999999996,0.3058990638059927,0.2,0.02,0.1,0.7943229290308699,0.5
418,neutral,9,finish,0.024076134775122698,create,0.05,create,0.75,0.26249999999999996,0.3058990638059927,0.2,0.02,0.0,0.6943229290308699,0.5
418,neutral,9,finish,0.024076134775122698,explore,0.05,explore,0.75,0.26249999999999996,0.3058990638059927,0.2,0.02,0.1,0.7943229290308699,0.5
418,neutral,9,finish,0.003231444108538761,finish,0.05,finish,0.9230769230769231,0.3230769230769231,0.23779066726214537,0.2,0.92,0.1,0.8076361462305297,0.2773500981126146
418,neutral,9,finish,0.024076134775122698,connect,0.05,connect,0.75,0.26249999999999996,0.3058990638059927,0.2,0.02,0.0,0.6943229290308699,0.5
418,no-aversion,0,create,0.0,understand,0.05,understand,0.75,0.26249999999999996,0.3058990638059927,0.23193945196387616,0.02,0.1,0.8503385157698687,0.5
418,no-aversion,0,create,0.0,create,0.05,create,0.75,0.26249999999999996,0.3058990638059927,0.3761069109571885,0.92,0.0,0.8945059747631812,0.5
418,no-aversion,0,create,0.0,explore,0.05,explore,0.75,0.26249999999999996,0.3058990638059927,0.10101858227418915,0.02,0.1,0.7194176460801817,0.5
418,no-aversion,0,create,0.0,finish,0.05,finish,0.75,0.26249999999999996,0.3058990638059927,0.09188263275150667,0.02,0.1,0.7102816965574993,0.5
418,no-aversion,0,create,0.0,connect,0.05,connect,0.75,0.26249999999999996,0.3058990638059927,0.19905242205323959,0.02,0.0,0.7174514858592322,0.5
418,no-aversion,1,create,0.0,understand,0.05,understand,0.75,0.26249999999999996,0.3058990638059927,0.22613444818641634,0.02,0.1,0.844533511992409,0.5
418,no-aversion,1,create,0.0,create,0.05,create,0.8,0.27999999999999997,0.28975175208774534,0.3864813549898862,0.92,0.0,0.9062331070776315,0.4472135954999579
418,no-aversion,1,create,0.0,explore,0.05,explore,0.75,0.26249999999999996,0.3058990638059927,0.10074812473708018,0.02,0.1,0.7191471885430728,0.5
418,no-aversion,1,create,0.0,finish,0.05,finish,0.75,0.26249999999999996,0.3058990638059927,0.0919983881627431,0.02,0.1,0.7103974519687356,0.5
418,no-aversion,1,create,0.0,connect,0.05,connect,0.75,0.26249999999999996,0.3058990638059927,0.1946376839238742,0.02,0.0,0.7130367477298668,0.5
418,no-aversion,2,create,0.0,understand,0.05,understand,0.75,0.26249999999999996,0.3058990638059927,0.22043915088353644,0.02,0.1,0.838838214689529,0.5
418,no-aversion,2,create,0.0,create,0.05,create,0.8333333333333334,0.2916666666666667,0.27783230175628904,0.3967853777159132,0.92,0.0,0.9162843461388689,0.4082482904638631
418,no-aversion,2,create,0.0,explore,0.05,explore,0.75,0.26249999999999996,0.3058990638059927,0.10042864564016525,0.02,0.1,0.7188277094461578,0.5
418,no-aversion,2,create,0.0,finish,0.05,finish,0.75,0.26249999999999996,0.3058990638059927,0.09205404561884085,0.02,0.1,0.7104531094248334,0.5
418,no-aversion,2,create,0.0,connect,0.05,connect,0.75,0.26249999999999996,0.3058990638059927,0.19029278014154424,0.02,0.0,0.7086918439475369,0.5
418,no-aversion,3,create,0.0,understand,0.05,understand,0.75,0.26249999999999996,0.3058990638059927,0.21485681921846758,0.02,0.1,0.8332558830244602,0.5
418,no-aversion,3,create,0.0,create,0.05,create,0.8571428571428571,0.3,0.2685685103484443,0.4070066843793525,0.92,0.0,0.9255751947277968,0.3779644730092272
418,no-aversion,3,create,0.0,explore,0.05,explore,0.75,0.26249999999999996,0.3058990638059927,0.10006308449850505,0.02,0.1,0.7184621483044976,0.5
418,no-aversion,3,create,0.0,finish,0.05,finish,0.75,0.26249999999999996,0.3058990638059927,0.09205252232910026,0.02,0.1,0.7104515861350928,0.5
418,no-aversion,3,create,0.0,connect,0.05,connect,0.75,0.26249999999999996,0.3058990638059927,0.18602088957457466,0.02,0.0,0.7044199533805673,0.5
418,no-aversion,4,finish,0.0,understand,0.05,understand,0.75,0.26249999999999996,0.3058990638059927,0.20939043930596593,0.02,0.1,0.8277895031119585,0.5
418,no-aversion,4,finish,0.0,create,0.05,create,0.875,0.30624999999999997,0.26110118309091324,0.4171333860202775,0.92,0.0,0.9344845691111906,0.35355339059327373
418,no-aversion,4,finish,0.0,explore,0.05,explore,0.75,0.26249999999999996,0.3058990638059927,0.0996544035149313,0.02,0.1,0.7180534673209239,0.5
418,no-aversion,4,finish,0.0,finish,0.05,finish,0.75,0.26249999999999996,0.3058990638059927,0.09199677882772572,0.02,0.1,0.7103958426337184,0.5
418,no-aversion,4,finish,0.0,connect,0.05,connect,0.75,0.26249999999999996,0.3058990638059927,0.18182499233109967,0.02,0.0,0.7002240561370923,0.5
418,no-aversion,5,create,0.0,understand,0.05,understand,0.75,0.26249999999999996,0.3058990638059927,0.20862931667037646,0.02,0.1,0.8270283804763691,0.5
418,no-aversion,5,create,0.0,create,0.05,create,0.875,0.30624999999999997,0.26110118309091324,0.4116486014578878,0.92,0.0,0.9289997845488009,0.35355339059327373
418,no-aversion,5,create,0.0,explore,0.05,explore,0.75,0.26249999999999996,0.3058990638059927,0.1013884603425317,0.02,0.1,0.7197875241485242,0.5
418,no-aversion,5,create,0.0,finish,0.05,finish,0.8,0.27999999999999997,0.28975175208774534,0.09664296832826157,0.02,0.1,0.7163947204160068,0.4472135954999579
418,no-aversion,5,create,0.0,connect,0.05,connect,0.75,0.26249999999999996,0.3058990638059927,0.18169065320094235,0.02,0.0,0.7000897170069349,0.5
418,no-aversion,6,create,0.0,understand,0.05,understand,0.75,0.26249999999999996,0.3058990638059927,0.2033814889112642,0.02,0.1,0.8217805527172567,0.5
418,no-aversion,6,create,0.0,create,0.05,create,0.8888888888888888,0.31111111111111106,0.25491588650499386,0.4217282171244949,0.92,0.0,0.9377552147405998,0.3333333333333333
418,no-aversion,6,create,0.0,explore,0.05,explore,0.75,0.26249999999999996,0.3058990638059927,0.10089425486377479,0.02,0.1,0.7192933186697673,0.5
418,no-aversion,6,create,0.0,finish,0.05,finish,0.8,0.27999999999999997,0.28975175208774534,0.09635911436424192,0.02,0.1,0.7161108664519872,0.4472135954999579
418,no-aversion,6,create,0.0,connect,0.05,connect,0.75,0.26249999999999996,0.3058990638059927,0.17763692473622417,0.02,0.0,0.6960359885422167,0.5
418,no-aversion,7,create,0.0,understand,0.05,understand,0.75,0.26249999999999996,0.3058990638059927,0.19824821219528957,0.02,0.1,0.8166472760012821,0.5
418,no-aversion,7,create,0.0,create,0.05,create,0.9,0.315,0.2496833094770076,0.4316967368669497,0.92,0.0,0.9463800463439572,0.31622776601683794
418,no-aversion,7,create,0.0,explore,0.05,explore,0.75,0.26249999999999996,0.3058990638059927,0.10036338455863617,0.02,0.1,0.7187624483646288,0.5
418,no-aversion,7,create,0.0,finish,0.05,finish,0.8,0.27999999999999997,0.28975175208774534,0.09603190415299774,0.02,0.1,0.715783656240743,0.4472135954999579
418,no-aversion,7,create,0.0,connect,0.05,connect,0.75,0.26249999999999996,0.3058990638059927,0.17365976222612692,0.02,0.0,0.6920588260321194,0.5
418,no-aversion,8,create,0.0,understand,0.05,understand,0.75,0.26249999999999996,0.3058990638059927,0.19323177472602587,0.02,0.1,0.8116308385320185,0.5
418,no-aversion,8,create,0.0,create,0.05,create,0.9090909090909091,0.3181818181818182,0.2451815699362203,0.4415434811017479,0.92,0.0,0.9549068692197864,0.30151134457776363
418,no-aversion,8,create,0.0,explore,0.05,explore,0.75,0.26249999999999996,0.3058990638059927,0.09979880275960742,0.02,0.1,0.7181978665656,0.5
418,no-aversion,8,create,0.0,finish,0.05,finish,0.8,0.27999999999999997,0.28975175208774534,0.09566432045949698,0.02,0.1,0.7154160725472422,0.4472135954999579
418,no-aversion,8,create,0.0,connect,0.05,connect,0.75,0.26249999999999996,0.3058990638059927,0.1697616209531219,0.02,0.0,0.6881606847591144,0.5
418,no-aversion,9,create,0.0,understand,0.05,understand,0.75,0.26249999999999996,0.3058990638059927,0.18833416687826318,0.02,0.1,0.8067332306842557,0.5
418,no-aversion,9,create,0.0,create,0.05,create,0.9166666666666666,0.3208333333333333,0.24125498531961853,0.4512583362917316,0.92,0.0,0.9633466549446834,0.2886751345948129
418,no-aversion,9,create,0.0,explore,0.05,explore,0.75,0.26249999999999996,0.3058990638059927,0.09920343736543136,0.02,0.1,0.7176025011714239,0.5
418,no-aversion,9,create,0.0,finish,0.05,finish,0.8,0.27999999999999997,0.28975175208774534,0.09525933266865275,0.02,0.1,0.7150110847563981,0.4472135954999579
418,no-aversion,9,create,0.0,connect,0.05,connect,0.75,0.26249999999999996,0.3058990638059927,0.16594472679592107,0.02,0.0,0.6843437906019136,0.5
418,no-dream,0,create,0.024076134775122698,understand,0.05,understand,0.75,0.26249999999999996,0.3058990638059927,0.23193945196387616,0.02,0.1,0.826262380994746,0.5
418,no-dream,0,create,0.024076134775122698,create,0.05,create,0.75,0.26249999999999996,0.3058990638059927,0.3761069109571885,0.92,0.0,0.8704298399880585,0.5
418,no-dream,0,create,0.024076134775122698,explore,0.05,explore,0.75,0.26249999999999996,0.3058990638059927,0.10101858227418915,0.02,0.1,0.695341511305059,0.5
418,no-dream,0,create,0.024076134775122698,finish,0.05,finish,0.75,0.26249999999999996,0.3058990638059927,0.09188263275150667,0.02,0.1,0.6862055617823766,0.5
418,no-dream,0,create,0.024076134775122698,connect,0.05,connect,0.75,0.26249999999999996,0.3058990638059927,0.19905242205323959,0.02,0.0,0.6933753510841095,0.5
418,no-dream,1,create,0.024076134775122698,understand,0.05,understand,0.75,0.26249999999999996,0.3058990638059927,0.22613444818641634,0.02,0.1,0.8204573772172863,0.5
418,no-dream,1,create,0.025279941513878832,create,0.05,create,0.8,0.27999999999999997,0.28975175208774534,0.3864813549898862,0.92,0.0,0.8809531655637527,0.4472135954999579
418,no-dream,1,create,0.024076134775122698,explore,0.05,explore,0.75,0.26249999999999996,0.3058990638059927,0.10074812473708018,0.02,0.1,0.6950710537679501,0.5
418,no-dream,1,create,0.024076134775122698,finish,0.05,finish,0.75,0.26249999999999996,0.3058990638059927,0.0919983881627431,0.02,0.1,0.6863213171936129,0.5
418,no-dream,1,create,0.024076134775122698,connect,0.05,connect,0.75,0.26249999999999996,0.3058990638059927,0.1946376839238742,0.02,0.0,0.6889606129547441,0.5
418,no-dream,2,create,0.024076134775122698,understand,0.05,understand,0.75,0.26249999999999996,0.3058990638059927,0.22043915088353644,0.02,0.1,0.8147620799144063,0.5
418,no-dream,2,create,0.026242986904883744,create,0.05,create,0.8333333333333334,0.2916666666666667,0.27783230175628904,0.3967853777159132,0.92,0.0,0.8900413592339852,0.4082482904638631
418,no-dream,2,create,0.024076134775122698,explore,0.05,explore,0.75,0.26249999999999996,0.3058990638059927,0.10042864564016525,0.02,0.1,0.6947515746710351,0.5
418,no-dream,2,create,0.024076134775122698,finish,0.05,finish,0.75,0.26249999999999996,0.3058990638059927,0.09205404561884085,0.02,0.1,0.6863769746497107,0.5
418,no-dream,2,create,0.024076134775122698,connect,0.05,connect,0.75,0.26249999999999996,0.3058990638059927,0.19029278014154424,0.02,0.0,0.6846157091724142,0.5
418,no-dream,3,create,0.024076134775122698,understand,0.05,understand,0.75,0.26249999999999996,0.3058990638059927,0.21485681921846758,0.02,0.1,0.8091797482493375,0.5
418,no-dream,3,create,0.02701342321768767,create,0.05,create,0.8571428571428571,0.3,0.2685685103484443,0.4070066843793525,0.92,0.0,0.8985617715101092,0.3779644730092272
418,no-dream,3,create,0.024076134775122698,explore,0.05,explore,0.75,0.26249999999999996,0.3058990638059927,0.10006308449850505,0.02,0.1,0.6943860135293749,0.5
418,no-dream,3,create,0.024076134775122698,finish,0.05,finish,0.75,0.26249999999999996,0.3058990638059927,0.09205252232910026,0.02,0.1,0.6863754513599701,0.5
418,no-dream,3,create,0.024076134775122698,connect,0.05,connect,0.75,0.26249999999999996,0.3058990638059927,0.18602088957457466,0.02,0.0,0.6803438186054446,0.5
418,no-dream,4,finish,0.024076134775122698,understand,0.05,understand,0.75,0.26249999999999996,0.3058990638059927,0.20939043930596593,0.02,0.1,0.8037133683368358,0.5
418,no-dream,4,finish,0.02762977226793081,create,0.05,create,0.875,0.30624999999999997,0.26110118309091324,0.4171333860202775,0.92,0.0,0.9068547968432598,0.35355339059327373
418,no-dream,4,finish,0.024076134775122698,explore,0.05,explore,0.75,0.26249999999999996,0.3058990638059927,0.0996544035149313,0.02,0.1,0.6939773325458012,0.5
418,no-dream,4,finish,0.024076134775122698,finish,0.05,finish,0.75,0.26249999999999996,0.3058990638059927,0.09199677882772572,0.02,0.1,0.6863197078585956,0.5
418,no-dream,4,finish,0.024076134775122698,connect,0.05,connect,0.75,0.26249999999999996,0.3058990638059927,0.18182499233109967,0.02,0.0,0.6761479213619696,0.5
418,no-dream,5,create,0.024076134775122698,understand,0.05,understand,0.75,0.26249999999999996,0.3058990638059927,0.20862931667037646,0.02,0.1,0.8029522457012463,0.5
418,no-dream,5,create,0.02762977226793081,create,0.05,create,0.875,0.30624999999999997,0.26110118309091324,0.4116486014578878,0.92,0.0,0.9013700122808701,0.35355339059327373
418,no-dream,5,create,0.024076134775122698,explore,0.05,explore,0.75,0.26249999999999996,0.3058990638059927,0.1013884603425317,0.02,0.1,0.6957113893734015,0.5
418,no-dream,5,create,0.01926090782009816,finish,0.05,finish,0.8,0.27999999999999997,0.28975175208774534,0.09664296832826157,0.02,0.1,0.6971338125959087,0.4472135954999579
418,no-dream,5,create,0.024076134775122698,connect,0.05,connect,0.75,0.26249999999999996,0.3058990638059927,0.18169065320094235,0.02,0.0,0.6760135822318122,0.5
418,no-dream,6,create,0.024076134775122698,understand,0.05,understand,0.75,0.26249999999999996,0.3058990638059927,0.2033814889112642,0.02,0.1,0.797704417942134,0.5
418,no-dream,6,create,0.028122851508125324,create,0.05,create,0.8888888888888888,0.31111111111111106,0.25491588650499386,0.4217282171244949,0.92,0.0,0.9096323632324744,0.3333333333333333
418,no-dream,6,create,0.024076134775122698,explore,0.05,explore,0.75,0.26249999999999996,0.3058990638059927,0.10089425486377479,0.02,0.1,0.6952171838946446,0.5
418,no-dream,6,create,0.01926090782009816,finish,0.05,finish,0.8,0.27999999999999997,0.28975175208774534,0.09635911436424192,0.02,0.1,0.696849958631889,0.4472135954999579
418,no-dream,6,create,0.024076134775122698,connect,0.05,connect,0.75,0.26249999999999996,0.3058990638059927,0.17763692473622417,0.02,0.0,0.671959853767094,0.5
418,no-dream,7,create,0.024076134775122698,understand,0.05,understand,0.75,0.26249999999999996,0.3058990638059927,0.19824821219528957,0.02,0.1,0.7925711412261593,0.5
418,no-dream,7,create,0.028517314900280935,create,0.05,create,0.9,0.315,0.2496833094770076,0.4316967368669497,0.92,0.0,0.9178627314436762,0.31622776601683794
418,no-dream,7,create,0.024076134775122698,explore,0.05,explore,0.75,0.26249999999999996,0.3058990638059927,0.10036338455863617,0.02,0.1,0.694686313589506,0.5
418,no-dream,7,create,0.01926090782009816,finish,0.05,finish,0.8,0.27999999999999997,0.28975175208774534,0.09603190415299774,0.02,0.1,0.6965227484206449,0.4472135954999579
418,no-dream,7,create,0.024076134775122698,connect,0.05,connect,0.75,0.26249999999999996,0.3058990638059927,0.17365976222612692,0.02,0.0,0.6679826912569967,0.5
418,no-dream,8,create,0.024076134775122698,understand,0.05,understand,0.75,0.26249999999999996,0.3058990638059927,0.19323177472602587,0.02,0.1,0.7875547037568957,0.5
418,no-dream,8,create,0.028832885614005425,create,0.05,create,0.9090909090909091,0.3181818181818182,0.2451815699362203,0.4415434811017479,0.92,0.0,0.926073983605781,0.30151134457776363
418,no-dream,8,create,0.024076134775122698,explore,0.05,explore,0.75,0.26249999999999996,0.3058990638059927,0.09979880275960742,0.02,0.1,0.6941217317904773,0.5
418,no-dream,8,create,0.01926090782009816,finish,0.05,finish,0.8,0.27999999999999997,0.28975175208774534,0.09566432045949698,0.02,0.1,0.696155164727144,0.4472135954999579
418,no-dream,8,create,0.024076134775122698,connect,0.05,connect,0.75,0.26249999999999996,0.3058990638059927,0.1697616209531219,0.02,0.0,0.6640845499839917,0.5
418,no-dream,9,create,0.024076134775122698,understand,0.05,understand,0.75,0.26249999999999996,0.3058990638059927,0.18833416687826318,0.02,0.1,0.782657095909133,0.5
418,no-dream,9,create,0.029085342184985017,create,0.05,create,0.9166666666666666,0.3208333333333333,0.24125498531961853,0.4512583362917316,0.92,0.0,0.9342613127596984,0.2886751345948129
418,no-dream,9,create,0.024076134775122698,explore,0.05,explore,0.75,0.26249999999999996,0.3058990638059927,0.09920343736543136,0.02,0.1,0.6935263663963012,0.5
418,no-dream,9,create,0.01926090782009816,finish,0.05,finish,0.8,0.27999999999999997,0.28975175208774534,0.09525933266865275,0.02,0.1,0.6957501769362999,0.4472135954999579
418,no-dream,9,create,0.024076134775122698,connect,0.05,connect,0.75,0.26249999999999996,0.3058990638059927,0.16594472679592107,0.02,0.0,0.6602676558267909,0.5
418,restarted,0,create,0.024076134775122698,understand,0.05,understand,0.75,0.26249999999999996,0.3058990638059927,0.23193945196387616,0.02,0.1,0.826262380994746,0.5
418,restarted,0,create,0.024076134775122698,create,0.05,create,0.75,0.26249999999999996,0.3058990638059927,0.3761069109571885,0.92,0.0,0.8704298399880585,0.5
418,restarted,0,create,0.024076134775122698,explore,0.05,explore,0.75,0.26249999999999996,0.3058990638059927,0.10101858227418915,0.02,0.1,0.695341511305059,0.5
418,restarted,0,create,0.024076134775122698,finish,0.05,finish,0.75,0.26249999999999996,0.3058990638059927,0.09188263275150667,0.02,0.1,0.6862055617823766,0.5
418,restarted,0,create,0.024076134775122698,connect,0.05,connect,0.75,0.26249999999999996,0.3058990638059927,0.19905242205323959,0.02,0.0,0.6933753510841095,0.5
418,restarted,1,create,0.024076134775122698,understand,0.05,understand,0.75,0.26249999999999996,0.3058990638059927,0.22613444818641634,0.02,0.1,0.8204573772172863,0.5
418,restarted,1,create,0.025279941513878832,create,0.05,create,0.8,0.27999999999999997,0.28975175208774534,0.3864813549898862,0.92,0.0,0.8809531655637527,0.4472135954999579
418,restarted,1,create,0.024076134775122698,explore,0.05,explore,0.75,0.26249999999999996,0.3058990638059927,0.10074812473708018,0.02,0.1,0.6950710537679501,0.5
418,restarted,1,create,0.024076134775122698,finish,0.05,finish,0.75,0.26249999999999996,0.3058990638059927,0.0919983881627431,0.02,0.1,0.6863213171936129,0.5
418,restarted,1,create,0.024076134775122698,connect,0.05,connect,0.75,0.26249999999999996,0.3058990638059927,0.1946376839238742,0.02,0.0,0.6889606129547441,0.5
418,restarted,2,create,0.024076134775122698,understand,0.05,understand,0.75,0.26249999999999996,0.3058990638059927,0.22043915088353644,0.02,0.1,0.8147620799144063,0.5
418,restarted,2,create,0.026242986904883744,create,0.05,create,0.8333333333333334,0.2916666666666667,0.27783230175628904,0.3967853777159132,0.92,0.0,0.8900413592339852,0.4082482904638631
418,restarted,2,create,0.024076134775122698,explore,0.05,explore,0.75,0.26249999999999996,0.3058990638059927,0.10042864564016525,0.02,0.1,0.6947515746710351,0.5
418,restarted,2,create,0.024076134775122698,finish,0.05,finish,0.75,0.26249999999999996,0.3058990638059927,0.09205404561884085,0.02,0.1,0.6863769746497107,0.5
418,restarted,2,create,0.024076134775122698,connect,0.05,connect,0.75,0.26249999999999996,0.3058990638059927,0.19029278014154424,0.02,0.0,0.6846157091724142,0.5
418,restarted,3,create,0.024076134775122698,understand,0.05,understand,0.75,0.26249999999999996,0.3058990638059927,0.21485681921846758,0.02,0.1,0.8091797482493375,0.5
418,restarted,3,create,0.02701342321768767,create,0.05,create,0.8571428571428571,0.3,0.2685685103484443,0.4070066843793525,0.92,0.0,0.8985617715101092,0.3779644730092272
418,restarted,3,create,0.024076134775122698,explore,0.05,explore,0.75,0.26249999999999996,0.3058990638059927,0.10006308449850505,0.02,0.1,0.6943860135293749,0.5
418,restarted,3,create,0.024076134775122698,finish,0.05,finish,0.75,0.26249999999999996,0.3058990638059927,0.09205252232910026,0.02,0.1,0.6863754513599701,0.5
418,restarted,3,create,0.024076134775122698,connect,0.05,connect,0.75,0.26249999999999996,0.3058990638059927,0.18602088957457466,0.02,0.0,0.6803438186054446,0.5
418,restarted,4,finish,0.024076134775122698,understand,0.05,understand,0.75,0.26249999999999996,0.3058990638059927,0.20939043930596593,0.02,0.1,0.8037133683368358,0.5
418,restarted,4,finish,0.02762977226793081,create,0.05,create,0.875,0.30624999999999997,0.26110118309091324,0.4171333860202775,0.92,0.0,0.9068547968432598,0.35355339059327373
418,restarted,4,finish,0.024076134775122698,explore,0.05,explore,0.75,0.26249999999999996,0.3058990638059927,0.0996544035149313,0.02,0.1,0.6939773325458012,0.5
418,restarted,4,finish,0.024076134775122698,finish,0.05,finish,0.75,0.26249999999999996,0.3058990638059927,0.09199677882772572,0.02,0.1,0.6863197078585956,0.5
418,restarted,4,finish,0.024076134775122698,connect,0.05,connect,0.75,0.26249999999999996,0.3058990638059927,0.18182499233109967,0.02,0.0,0.6761479213619696,0.5
418,restarted,5,create,0.024076134775122698,understand,0.05,understand,0.75,0.26249999999999996,0.3058990638059927,0.20862931667037646,0.02,0.1,0.8029522457012463,0.5
418,restarted,5,create,0.02762977226793081,create,0.05,create,0.875,0.30624999999999997,0.26110118309091324,0.4116486014578878,0.92,0.0,0.9013700122808701,0.35355339059327373
418,restarted,5,create,0.024076134775122698,explore,0.05,explore,0.75,0.26249999999999996,0.3058990638059927,0.1013884603425317,0.02,0.1,0.6957113893734015,0.5
418,restarted,5,create,0.01926090782009816,finish,0.05,finish,0.8,0.27999999999999997,0.28975175208774534,0.09664296832826157,0.02,0.1,0.6971338125959087,0.4472135954999579
418,restarted,5,create,0.024076134775122698,connect,0.05,connect,0.75,0.26249999999999996,0.3058990638059927,0.18169065320094235,0.02,0.0,0.6760135822318122,0.5
418,restarted,6,create,0.024076134775122698,understand,0.05,understand,0.75,0.26249999999999996,0.3058990638059927,0.2033814889112642,0.02,0.1,0.797704417942134,0.5
418,restarted,6,create,0.028122851508125324,create,0.05,create,0.8888888888888888,0.31111111111111106,0.25491588650499386,0.4217282171244949,0.92,0.0,0.9096323632324744,0.3333333333333333
418,restarted,6,create,0.024076134775122698,explore,0.05,explore,0.75,0.26249999999999996,0.3058990638059927,0.10089425486377479,0.02,0.1,0.6952171838946446,0.5
418,restarted,6,create,0.01926090782009816,finish,0.05,finish,0.8,0.27999999999999997,0.28975175208774534,0.09635911436424192,0.02,0.1,0.696849958631889,0.4472135954999579
418,restarted,6,create,0.024076134775122698,connect,0.05,connect,0.75,0.26249999999999996,0.3058990638059927,0.17763692473622417,0.02,0.0,0.671959853767094,0.5
418,restarted,7,create,0.024076134775122698,understand,0.05,understand,0.75,0.26249999999999996,0.3058990638059927,0.19824821219528957,0.02,0.1,0.7925711412261593,0.5
418,restarted,7,create,0.028517314900280935,create,0.05,create,0.9,0.315,0.2496833094770076,0.4316967368669497,0.92,0.0,0.9178627314436762,0.31622776601683794
418,restarted,7,create,0.024076134775122698,explore,0.05,explore,0.75,0.26249999999999996,0.3058990638059927,0.10036338455863617,0.02,0.1,0.694686313589506,0.5
418,restarted,7,create,0.01926090782009816,finish,0.05,finish,0.8,0.27999999999999997,0.28975175208774534,0.09603190415299774,0.02,0.1,0.6965227484206449,0.4472135954999579
418,restarted,7,create,0.024076134775122698,connect,0.05,connect,0.75,0.26249999999999996,0.3058990638059927,0.17365976222612692,0.02,0.0,0.6679826912569967,0.5
418,restarted,8,create,0.024076134775122698,understand,0.05,understand,0.75,0.26249999999999996,0.3058990638059927,0.19323177472602587,0.02,0.1,0.7875547037568957,0.5
418,restarted,8,create,0.028832885614005425,create,0.05,create,0.9090909090909091,0.3181818181818182,0.2451815699362203,0.4415434811017479,0.92,0.0,0.926073983605781,0.30151134457776363
418,restarted,8,create,0.024076134775122698,explore,0.05,explore,0.75,0.26249999999999996,0.3058990638059927,0.09979880275960742,0.02,0.1,0.6941217317904773,0.5
418,restarted,8,create,0.01926090782009816,finish,0.05,finish,0.8,0.27999999999999997,0.28975175208774534,0.09566432045949698,0.02,0.1,0.696155164727144,0.4472135954999579
418,restarted,8,create,0.024076134775122698,connect,0.05,connect,0.75,0.26249999999999996,0.3058990638059927,0.1697616209531219,0.02,0.0,0.6640845499839917,0.5
418,restarted,9,create,0.024076134775122698,understand,0.05,understand,0.75,0.26249999999999996,0.3058990638059927,0.18833416687826318,0.02,0.1,0.782657095909133,0.5
418,restarted,9,create,0.029085342184985017,create,0.05,create,0.9166666666666666,0.3208333333333333,0.24125498531961853,0.4512583362917316,0.92,0.0,0.9342613127596984,0.2886751345948129
418,restarted,9,create,0.024076134775122698,explore,0.05,explore,0.75,0.26249999999999996,0.3058990638059927,0.09920343736543136,0.02,0.1,0.6935263663963012,0.5
418,restarted,9,create,0.01926090782009816,finish,0.05,finish,0.8,0.27999999999999997,0.28975175208774534,0.09525933266865275,0.02,0.1,0.6957501769362999,0.4472135954999579
418,restarted,9,create,0.024076134775122698,connect,0.05,connect,0.75,0.26249999999999996,0.3058990638059927,0.16594472679592107,0.02,0.0,0.6602676558267909,0.5
419,updated,0,connect,0.11298495809013792,understand,0.05,understand,0.75,0.26249999999999996,0.4178205549612793,0.13148227767316825,0.02,0.1,0.7488178745443096,0.5
419,updated,0,connect,0.11298495809013792,create,0.05,create,0.75,0.26249999999999996,0.4178205549612793,0.17973735185437487,0.02,0.0,0.6970729487255163,0.5
419,updated,0,connect,0.11298495809013792,explore,0.05,explore,0.75,0.26249999999999996,0.4178205549612793,0.16257996287156284,0.02,0.0,0.6799155597427042,0.5
419,updated,0,connect,0.11298495809013792,finish,0.05,finish,0.75,0.26249999999999996,0.4178205549612793,0.06792320623257601,0.02,0.0,0.5852588031037174,0.5
419,updated,0,connect,0.11298495809013792,connect,0.05,connect,0.75,0.26249999999999996,0.4178205549612793,0.458277201368318,0.92,0.0,0.9756127982394593,0.5
419,updated,1,connect,0.11298495809013792,understand,0.05,understand,0.75,0.26249999999999996,0.4178205549612793,0.13638574099742273,0.02,0.1,0.753721337868564,0.5
419,updated,1,connect,0.11298495809013792,create,0.05,create,0.75,0.26249999999999996,0.4178205549612793,0.18497239362785783,0.02,0.0,0.7023079904989991,0.5
419,updated,1,connect,0.11298495809013792,explore,0.05,explore,0.75,0.26249999999999996,0.4178205549612793,0.16769710988416808,0.02,0.0,0.6850327067553095,0.5
419,updated,1,connect,0.11298495809013792,finish,0.05,finish,0.75,0.26249999999999996,0.4178205549612793,0.07238993168624855,0.02,0.0,0.5897255285573899,0.5
419,updated,1,connect,0.17512668503971376,connect,0.05,connect,0.6,0.21,0.3957653101386611,0.4385548238043028,0.92,0.0,0.81919344890325,0.4472135954999579
419,updated,2,understand,0.11298495809013792,understand,0.05,understand,0.75,0.26249999999999996,0.4178205549612793,0.1411610430533288,0.92,0.1,0.75849663992447,0.5
419,updated,2,understand,0.11298495809013792,create,0.05,create,0.75,0.26249999999999996,0.4178205549612793,0.1900238926776614,0.02,0.0,0.7073594895488027,0.5
419,updated,2,understand,0.11298495809013792,explore,0.05,explore,0.75,0.26249999999999996,0.4178205549612793,0.17265040539080875,0.02,0.0,0.6899860022619502,0.5
419,updated,2,understand,0.11298495809013792,finish,0.05,finish,0.75,0.26249999999999996,0.4178205549612793,0.07680144144124786,0.02,0.0,0.5941370383123892,0.5
419,updated,2,understand,0.22484006659937444,connect,0.05,connect,0.5,0.175,0.37948480476424445,0.41936321743695315,0.02,0.0,0.6990079556018232,0.4082482904638631
419,updated,3,understand,0.09038796647211034,understand,0.05,understand,0.8,0.27999999999999997,0.3957653101386611,0.15721790614212472,0.92,0.1,0.7925952498086754,0.4472135954999579
419,updated,3,understand,0.11298495809013792,create,0.05,create,0.75,0.26249999999999996,0.4178205549612793,0.18693109622042514,0.02,0.0,0.7042666930915664,0.5
419,updated,3,understand,0.11298495809013792,explore,0.05,explore,0.75,0.26249999999999996,0.4178205549612793,0.17020608848707294,0.02,0.0,0.6875416853582144,0.5
419,updated,3,understand,0.11298495809013792,finish,0.05,finish,0.75,0.26249999999999996,0.4178205549612793,0.07793476512971075,0.02,0.0,0.5952703620008521,0.5
419,updated,3,understand,0.22484006659937444,connect,0.05,connect,0.5,0.175,0.37948480476424445,0.40771014402066647,0.02,0.0,0.6873548821855364,0.4082482904638631
419,updated,4,understand,0.07231037317768828,understand,0.05,understand,0.8333333333333334,0.2916666666666667,0.37948480476424445,0.1743037379724712,0.92,0.1,0.8231448362256939,0.4082482904638631
419,updated,4,understand,0.11298495809013792,create,0.05,create,0.75,0.26249999999999996,0.4178205549612793,0.1835925791132329,0.02,0.0,0.7009281759843742,0.5
419,updated,4,understand,0.11298495809013792,explore,0.05,explore,0.75,0.26249999999999996,0.4178205549612793,0.16752415959795008,0.02,0.0,0.6848597564690915,0.5
419,updated,4,understand,0.11298495809013792,finish,0.05,finish,0.75,0.26249999999999996,0.4178205549612793,0.07887521207132078,0.02,0.0,0.596210808942462,0.5
419,updated,4,understand,0.22484006659937444,connect,0.05,connect,0.5,0.175,0.37948480476424445,0.395704311245025,0.02,0.0,0.675349049409895,0.4082482904638631
419,updated,5,understand,0.05784829854215063,understand,0.05,understand,0.8571428571428571,0.3,0.36683160334900244,0.19240932356811102,0.92,0.1,0.8513926283749628,0.3779644730092272
419,updated,5,understand,0.11298495809013792,create,0.05,create,0.75,0.26249999999999996,0.4178205549612793,0.18000924283132314,0.02,0.0,0.6973448397024644,0.5
419,updated,5,understand,0.11298495809013792,explore,0.05,explore,0.75,0.26249999999999996,0.4178205549612793,0.1646045333052553,0.02,0.0,0.6819401301763965,0.5
419,updated,5,understand,0.11298495809013792,finish,0.05,finish,0.75,0.26249999999999996,0.4178205549612793,0.07961725218899424,0.02,0.0,0.5969528490601355,0.5
419,updated,5,understand,0.22484006659937444,connect,0.05,connect,0.5,0.175,0.37948480476424445,0.38335964810631623,0.02,0.0,0.6630043862711863,0.4082482904638631
419,updated,6,understand,0.0462786388337205,understand,0.05,understand,0.875,0.30624999999999997,0.35663215134676324,0.21151150275974506,0.92,0.1,0.8781150152727877,0.35355339059327373
419,updated,6,understand,0.11298495809013792,create,0.05,create,0.75,0.26249999999999996,0.4178205549612793,0.1761850852693105,0.02,0.0,0.6935206821404518,0.5
419,updated,6,understand,0.11298495809013792,explore,0.05,explore,0.75,0.26249999999999996,0.4178205549612793,0.16144994621992054,0.02,0.0,0.6787855430910619,0.5
419,updated,6,understand,0.11298495809013792,finish,0.05,finish,0.75,0.26249999999999996,0.4178205549612793,0.08015666363263378,0.02,0.0,0.5974922605037751,0.5
419,updated,6,understand,0.22484006659937444,connect,0.05,connect,0.5,0.175,0.37948480476424445,0.3706968021183901,0.02,0.0,0.6503415402832602,0.4082482904638631
419,updated,7,understand,0.0370229110669764,understand,0.05,understand,0.8888888888888888,0.31111111111111106,0.34818379580106606,0.231572035745651,0.92,0.1,0.9038440315908517,0.3333333333333333
419,updated,7,understand,0.11298495809013792,create,0.05,create,0.75,0.26249999999999996,0.4178205549612793,0.17212748125705726,0.02,0.0,0.6894630781281985,0.5
419,updated,7,understand,0.11298495809013792,explore,0.05,explore,0.75,0.26249999999999996,0.4178205549612793,0.15806623532037878,0.02,0.0,0.6754018321915201,0.5
419,updated,7,understand,0.11298495809013792,finish,0.05,finish,0.75,0.26249999999999996,0.4178205549612793,0.08049079910438561,0.02,0.0,0.597826395975527,0.5
419,updated,7,understand,0.22484006659937444,connect,0.05,connect,0.5,0.175,0.37948480476424445,0.35774344857252743,0.02,0.0,0.6373881867373974,0.4082482904638631
419,updated,8,understand,0.029618328853581125,understand,0.05,understand,0.9,0.315,0.34103673817196045,0.25253682969710534,0.92,0.1,0.9289552390154845,0.31622776601683794
419,updated,8,understand,0.11298495809013792,create,0.05,create,0.75,0.26249999999999996,0.4178205549612793,0.16784738582322697,0.02,0.0,0.6851829826943683,0.5
419,updated,8,understand,0.11298495809013792,explore,0.05,explore,0.75,0.26249999999999996,0.4178205549612793,0.1544625481940655,0.02,0.0,0.6717981450652069,0.5
419,updated,8,understand,0.11298495809013792,finish,0.05,finish,0.75,0.26249999999999996,0.4178205549612793,0.08061883459725233,0.02,0.0,0.5979544314683936,0.5
419,updated,8,understand,0.22484006659937444,connect,0.05,connect,0.5,0.175,0.37948480476424445,0.34453440168834987,0.02,0.0,0.6241791398532199,0.4082482904638631
419,updated,9,explore,0.0236946630828649,understand,0.05,understand,0.9090909090909091,0.3181818181818182,0.33488791479924235,0.2743356189542041,0.92,0.1,0.9537106888523995,0.30151134457776363
419,updated,9,explore,0.11298495809013792,create,0.05,create,0.75,0.26249999999999996,0.4178205549612793,0.16335943856889448,0.02,0.0,0.6806950354400358,0.5
419,updated,9,explore,0.11298495809013792,explore,0.05,explore,0.75,0.26249999999999996,0.4178205549612793,0.15065146459922293,0.02,0.0,0.6679870614703642,0.5
419,updated,9,explore,0.11298495809013792,finish,0.05,finish,0.75,0.26249999999999996,0.4178205549612793,0.08054198578360498,0.02,0.0,0.5978775826547462,0.5
419,updated,9,explore,0.22484006659937444,connect,0.05,connect,0.5,0.175,0.37948480476424445,0.3311114920940735,0.02,0.0,0.6107562302589435,0.4082482904638631
419,frozen,0,connect,0.11298495809013792,understand,0.05,understand,0.75,0.26249999999999996,0.4178205549612793,0.13148227767316825,0.02,0.1,0.7488178745443096,0.5
419,frozen,0,connect,0.11298495809013792,create,0.05,create,0.75,0.26249999999999996,0.4178205549612793,0.17973735185437487,0.02,0.0,0.6970729487255163,0.5
419,frozen,0,connect,0.11298495809013792,explore,0.05,explore,0.75,0.26249999999999996,0.4178205549612793,0.16257996287156284,0.02,0.0,0.6799155597427042,0.5
419,frozen,0,connect,0.11298495809013792,finish,0.05,finish,0.75,0.26249999999999996,0.4178205549612793,0.06792320623257601,0.02,0.0,0.5852588031037174,0.5
419,frozen,0,connect,0.11298495809013792,connect,0.05,connect,0.75,0.26249999999999996,0.4178205549612793,0.458277201368318,0.92,0.0,0.9756127982394593,0.5
419,frozen,1,connect,0.11298495809013792,understand,0.05,understand,0.75,0.26249999999999996,0.4178205549612793,0.13148227767316825,0.02,0.1,0.7488178745443096,0.5
419,frozen,1,connect,0.11298495809013792,create,0.05,create,0.75,0.26249999999999996,0.4178205549612793,0.17973735185437487,0.02,0.0,0.6970729487255163,0.5
419,frozen,1,connect,0.11298495809013792,explore,0.05,explore,0.75,0.26249999999999996,0.4178205549612793,0.16257996287156284,0.02,0.0,0.6799155597427042,0.5
419,frozen,1,connect,0.11298495809013792,finish,0.05,finish,0.75,0.26249999999999996,0.4178205549612793,0.06792320623257601,0.02,0.0,0.5852588031037174,0.5
419,frozen,1,connect,0.11298495809013792,connect,0.05,connect,0.75,0.26249999999999996,0.4178205549612793,0.458277201368318,0.92,0.0,0.9756127982394593,0.5
419,frozen,2,connect,0.11298495809013792,understand,0.05,understand,0.75,0.26249999999999996,0.4178205549612793,0.13148227767316825,0.02,0.1,0.7488178745443096,0.5
419,frozen,2,connect,0.11298495809013792,create,0.05,create,0.75,0.26249999999999996,0.4178205549612793,0.17973735185437487,0.02,0.0,0.6970729487255163,0.5
419,frozen,2,connect,0.11298495809013792,explore,0.05,explore,0.75,0.26249999999999996,0.4178205549612793,0.16257996287156284,0.02,0.0,0.6799155597427042,0.5
419,frozen,2,connect,0.11298495809013792,finish,0.05,finish,0.75,0.26249999999999996,0.4178205549612793,0.06792320623257601,0.02,0.0,0.5852588031037174,0.5
419,frozen,2,connect,0.11298495809013792,connect,0.05,connect,0.75,0.26249999999999996,0.4178205549612793,0.458277201368318,0.92,0.0,0.9756127982394593,0.5
419,frozen,3,connect,0.11298495809013792,understand,0.05,understand,0.75,0.26249999999999996,0.4178205549612793,0.13148227767316825,0.02,0.1,0.7488178745443096,0.5
419,frozen,3,connect,0.11298495809013792,create,0.05,create,0.75,0.26249999999999996,0.4178205549612793,0.17973735185437487,0.02,0.0,0.6970729487255163,0.5
419,frozen,3,connect,0.11298495809013792,explore,0.05,explore,0.75,0.26249999999999996,0.4178205549612793,0.16257996287156284,0.02,0.0,0.6799155597427042,0.5
419,frozen,3,connect,0.11298495809013792,finish,0.05,finish,0.75,0.26249999999999996,0.4178205549612793,0.06792320623257601,0.02,0.0,0.5852588031037174,0.5
419,frozen,3,connect,0.11298495809013792,connect,0.05,connect,0.75,0.26249999999999996,0.4178205549612793,0.458277201368318,0.92,0.0,0.9756127982394593,0.5
419,frozen,4,connect,0.11298495809013792,understand,0.05,understand,0.75,0.26249999999999996,0.4178205549612793,0.13148227767316825,0.02,0.1,0.7488178745443096,0.5
419,frozen,4,connect,0.11298495809013792,create,0.05,create,0.75,0.26249999999999996,0.4178205549612793,0.17973735185437487,0.02,0.0,0.6970729487255163,0.5
419,frozen,4,connect,0.11298495809013792,explore,0.05,explore,0.75,0.26249999999999996,0.4178205549612793,0.16257996287156284,0.02,0.0,0.6799155597427042,0.5
419,frozen,4,connect,0.11298495809013792,finish,0.05,finish,0.75,0.26249999999999996,0.4178205549612793,0.06792320623257601,0.02,0.0,0.5852588031037174,0.5
419,frozen,4,connect,0.11298495809013792,connect,0.05,connect,0.75,0.26249999999999996,0.4178205549612793,0.458277201368318,0.92,0.0,0.9756127982394593,0.5
419,frozen,5,connect,0.11298495809013792,understand,0.05,understand,0.75,0.26249999999999996,0.4178205549612793,0.13148227767316825,0.02,0.1,0.7488178745443096,0.5
419,frozen,5,connect,0.11298495809013792,create,0.05,create,0.75,0.26249999999999996,0.4178205549612793,0.17973735185437487,0.02,0.0,0.6970729487255163,0.5
419,frozen,5,connect,0.11298495809013792,explore,0.05,explore,0.75,0.26249999999999996,0.4178205549612793,0.16257996287156284,0.02,0.0,0.6799155597427042,0.5
419,frozen,5,connect,0.11298495809013792,finish,0.05,finish,0.75,0.26249999999999996,0.4178205549612793,0.06792320623257601,0.02,0.0,0.5852588031037174,0.5
419,frozen,5,connect,0.11298495809013792,connect,0.05,connect,0.75,0.26249999999999996,0.4178205549612793,0.458277201368318,0.92,0.0,0.9756127982394593,0.5
419,frozen,6,connect,0.11298495809013792,understand,0.05,understand,0.75,0.26249999999999996,0.4178205549612793,0.13148227767316825,0.02,0.1,0.7488178745443096,0.5
419,frozen,6,connect,0.11298495809013792,create,0.05,create,0.75,0.26249999999999996,0.4178205549612793,0.17973735185437487,0.02,0.0,0.6970729487255163,0.5
419,frozen,6,connect,0.11298495809013792,explore,0.05,explore,0.75,0.26249999999999996,0.4178205549612793,0.16257996287156284,0.02,0.0,0.6799155597427042,0.5
419,frozen,6,connect,0.11298495809013792,finish,0.05,finish,0.75,0.26249999999999996,0.4178205549612793,0.06792320623257601,0.02,0.0,0.5852588031037174,0.5
419,frozen,6,connect,0.11298495809013792,connect,0.05,connect,0.75,0.26249999999999996,0.4178205549612793,0.458277201368318,0.92,0.0,0.9756127982394593,0.5
419,frozen,7,connect,0.11298495809013792,understand,0.05,understand,0.75,0.26249999999999996,0.4178205549612793,0.13148227767316825,0.02,0.1,0.7488178745443096,0.5
419,frozen,7,connect,0.11298495809013792,create,0.05,create,0.75,0.26249999999999996,0.4178205549612793,0.17973735185437487,0.02,0.0,0.6970729487255163,0.5
419,frozen,7,connect,0.11298495809013792,explore,0.05,explore,0.75,0.26249999999999996,0.4178205549612793,0.16257996287156284,0.02,0.0,0.6799155597427042,0.5
419,frozen,7,connect,0.11298495809013792,finish,0.05,finish,0.75,0.26249999999999996,0.4178205549612793,0.06792320623257601,0.02,0.0,0.5852588031037174,0.5
419,frozen,7,connect,0.11298495809013792,connect,0.05,connect,0.75,0.26249999999999996,0.4178205549612793,0.458277201368318,0.92,0.0,0.9756127982394593,0.5
419,frozen,8,connect,0.11298495809013792,understand,0.05,understand,0.75,0.26249999999999996,0.4178205549612793,0.13148227767316825,0.02,0.1,0.7488178745443096,0.5
419,frozen,8,connect,0.11298495809013792,create,0.05,create,0.75,0.26249999999999996,0.4178205549612793,0.17973735185437487,0.02,0.0,0.6970729487255163,0.5
419,frozen,8,connect,0.11298495809013792,explore,0.05,explore,0.75,0.26249999999999996,0.4178205549612793,0.16257996287156284,0.02,0.0,0.6799155597427042,0.5
419,frozen,8,connect,0.11298495809013792,finish,0.05,finish,0.75,0.26249999999999996,0.4178205549612793,0.06792320623257601,0.02,0.0,0.5852588031037174,0.5
419,frozen,8,connect,0.11298495809013792,connect,0.05,connect,0.75,0.26249999999999996,0.4178205549612793,0.458277201368318,0.92,0.0,0.9756127982394593,0.5
419,frozen,9,explore,0.11298495809013792,understand,0.05,understand,0.75,0.26249999999999996,0.4178205549612793,0.13148227767316825,0.02,0.1,0.7488178745443096,0.5
419,frozen,9,explore,0.11298495809013792,create,0.05,create,0.75,0.26249999999999996,0.4178205549612793,0.17973735185437487,0.02,0.0,0.6970729487255163,0.5
419,frozen,9,explore,0.11298495809013792,explore,0.05,explore,0.75,0.26249999999999996,0.4178205549612793,0.16257996287156284,0.02,0.0,0.6799155597427042,0.5
419,frozen,9,explore,0.11298495809013792,finish,0.05,finish,0.75,0.26249999999999996,0.4178205549612793,0.06792320623257601,0.02,0.0,0.5852588031037174,0.5
419,frozen,9,explore,0.11298495809013792,connect,0.05,connect,0.75,0.26249999999999996,0.4178205549612793,0.458277201368318,0.92,0.0,0.9756127982394593,0.5
419,neutral,0,understand,0.11298495809013792,understand,0.05,understand,0.75,0.26249999999999996,0.4178205549612793,0.2,0.92,0.1,0.8173355968711412,0.5
419,neutral,0,understand,0.11298495809013792,create,0.05,create,0.75,0.26249999999999996,0.4178205549612793,0.2,0.02,0.0,0.7173355968711412,0.5
419,neutral,0,understand,0.11298495809013792,explore,0.05,explore,0.75,0.26249999999999996,0.4178205549612793,0.2,0.02,0.0,0.7173355968711412,0.5
419,neutral,0,understand,0.11298495809013792,finish,0.05,finish,0.75,0.26249999999999996,0.4178205549612793,0.2,0.02,0.0,0.7173355968711412,0.5
419,neutral,0,understand,0.11298495809013792,connect,0.05,connect,0.75,0.26249999999999996,0.4178205549612793,0.2,0.02,0.0,0.7173355968711412,0.5
419,neutral,1,understand,0.09038796647211034,understand,0.05,understand,0.8,0.27999999999999997,0.3957653101386611,0.2,0.92,0.1,0.8353773436665507,0.4472135954999579
419,neutral,1,understand,0.11298495809013792,create,0.05,create,0.75,0.26249999999999996,0.4178205549612793,0.2,0.02,0.0,0.7173355968711412,0.5
419,neutral,1,understand,0.11298495809013792,explore,0.05,explore,0.75,0.26249999999999996,0.4178205549612793,0.2,0.02,0.0,0.7173355968711412,0.5
419,neutral,1,understand,0.11298495809013792,finish,0.05,finish,0.75,0.26249999999999996,0.4178205549612793,0.2,0.02,0.0,0.7173355968711412,0.5
419,neutral,1,understand,0.11298495809013792,connect,0.05,connect,0.75,0.26249999999999996,0.4178205549612793,0.2,0.02,0.0,0.7173355968711412,0.5
419,neutral,2,understand,0.07231037317768828,understand,0.05,understand,0.8333333333333334,0.2916666666666667,0.37948480476424445,0.2,0.92,0.1,0.8488410982532228,0.4082482904638631
419,neutral,2,understand,0.11298495809013792,create,0.05,create,0.75,0.26249999999999996,0.4178205549612793,0.2,0.02,0.0,0.7173355968711412,0.5
419,neutral,2,understand,0.11298495809013792,explore,0.05,explore,0.75,0.26249999999999996,0.4178205549612793,0.2,0.02,0.0,0.7173355968711412,0.5
419,neutral,2,understand,0.11298495809013792,finish,0.05,finish,0.75,0.26249999999999996,0.4178205549612793,0.2,0.02,0.0,0.7173355968711412,0.5
419,neutral,2,understand,0.11298495809013792,connect,0.05,connect,0.75,0.26249999999999996,0.4178205549612793,0.2,0.02,0.0,0.7173355968711412,0.5
419,neutral,3,understand,0.05784829854215063,understand,0.05,understand,0.8571428571428571,0.3,0.36683160334900244,0.2,0.92,0.1,0.8589833048068517,0.3779644730092272
419,neutral,3,understand,0.11298495809013792,create,0.05,create,0.75,0.26249999999999996,0.4178205549612793,0.2,0.02,0.0,0.7173355968711412,0.5
419,neutral,3,understand,0.11298495809013792,explore,0.05,explore,0.75,0.26249999999999996,0.4178205549612793,0.2,0.02,0.0,0.7173355968711412,0.5
419,neutral,3,understand,0.11298495809013792,finish,0.05,finish,0.75,0.26249999999999996,0.4178205549612793,0.2,0.02,0.0,0.7173355968711412,0.5
419,neutral,3,understand,0.11298495809013792,connect,0.05,connect,0.75,0.26249999999999996,0.4178205549612793,0.2,0.02,0.0,0.7173355968711412,0.5
419,neutral,4,understand,0.0462786388337205,understand,0.05,understand,0.875,0.30624999999999997,0.35663215134676324,0.2,0.92,0.1,0.8666035125130427,0.35355339059327373
419,neutral,4,understand,0.11298495809013792,create,0.05,create,0.75,0.26249999999999996,0.4178205549612793,0.2,0.02,0.0,0.7173355968711412,0.5
419,neutral,4,understand,0.11298495809013792,explore,0.05,explore,0.75,0.26249999999999996,0.4178205549612793,0.2,0.02,0.0,0.7173355968711412,0.5
419,neutral,4,understand,0.11298495809013792,finish,0.05,finish,0.75,0.26249999999999996,0.4178205549612793,0.2,0.02,0.0,0.7173355968711412,0.5
419,neutral,4,understand,0.11298495809013792,connect,0.05,connect,0.75,0.26249999999999996,0.4178205549612793,0.2,0.02,0.0,0.7173355968711412,0.5
419,neutral,5,understand,0.0370229110669764,understand,0.05,understand,0.8888888888888888,0.31111111111111106,0.34818379580106606,0.2,0.92,0.1,0.8722719958452007,0.3333333333333333
419,neutral,5,understand,0.11298495809013792,create,0.05,create,0.75,0.26249999999999996,0.4178205549612793,0.2,0.02,0.0,0.7173355968711412,0.5
419,neutral,5,understand,0.11298495809013792,explore,0.05,explore,0.75,0.26249999999999996,0.4178205549612793,0.2,0.02,0.0,0.7173355968711412,0.5
419,neutral,5,understand,0.11298495809013792,finish,0.05,finish,0.75,0.26249999999999996,0.4178205549612793,0.2,0.02,0.0,0.7173355968711412,0.5
419,neutral,5,understand,0.11298495809013792,connect,0.05,connect,0.75,0.26249999999999996,0.4178205549612793,0.2,0.02,0.0,0.7173355968711412,0.5
419,neutral,6,understand,0.029618328853581125,understand,0.05,understand,0.9,0.315,0.34103673817196045,0.2,0.92,0.1,0.8764184093183792,0.31622776601683794
419,neutral,6,understand,0.11298495809013792,create,0.05,create,0.75,0.26249999999999996,0.4178205549612793,0.2,0.02,0.0,0.7173355968711412,0.5
419,neutral,6,understand,0.11298495809013792,explore,0.05,explore,0.75,0.26249999999999996,0.4178205549612793,0.2,0.02,0.0,0.7173355968711412,0.5
419,neutral,6,understand,0.11298495809013792,finish,0.05,finish,0.75,0.26249999999999996,0.4178205549612793,0.2,0.02,0.0,0.7173355968711412,0.5
419,neutral,6,understand,0.11298495809013792,connect,0.05,connect,0.75,0.26249999999999996,0.4178205549612793,0.2,0.02,0.0,0.7173355968711412,0.5
419,neutral,7,understand,0.0236946630828649,understand,0.05,understand,0.9090909090909091,0.3181818181818182,0.33488791479924235,0.2,0.92,0.1,0.8793750698981956,0.30151134457776363
419,neutral,7,understand,0.11298495809013792,create,0.05,create,0.75,0.26249999999999996,0.4178205549612793,0.2,0.02,0.0,0.7173355968711412,0.5
419,neutral,7,understand,0.11298495809013792,explore,0.05,explore,0.75,0.26249999999999996,0.4178205549612793,0.2,0.02,0.0,0.7173355968711412,0.5
419,neutral,7,understand,0.11298495809013792,finish,0.05,finish,0.75,0.26249999999999996,0.4178205549612793,0.2,0.02,0.0,0.7173355968711412,0.5
419,neutral,7,understand,0.11298495809013792,connect,0.05,connect,0.75,0.26249999999999996,0.4178205549612793,0.2,0.02,0.0,0.7173355968711412,0.5
419,neutral,8,understand,0.018955730466291922,understand,0.05,understand,0.9166666666666666,0.3208333333333333,0.3295246824205664,0.2,0.92,0.1,0.8814022852876077,0.2886751345948129
419,neutral,8,understand,0.11298495809013792,create,0.05,create,0.75,0.26249999999999996,0.4178205549612793,0.2,0.02,0.0,0.7173355968711412,0.5
419,neutral,8,understand,0.11298495809013792,explore,0.05,explore,0.75,0.26249999999999996,0.4178205549612793,0.2,0.02,0.0,0.7173355968711412,0.5
419,neutral,8,understand,0.11298495809013792,finish,0.05,finish,0.75,0.26249999999999996,0.4178205549612793,0.2,0.02,0.0,0.7173355968711412,0.5
419,neutral,8,understand,0.11298495809013792,connect,0.05,connect,0.75,0.26249999999999996,0.4178205549612793,0.2,0.02,0.0,0.7173355968711412,0.5
419,neutral,9,explore,0.015164584373033536,understand,0.05,understand,0.9230769230769231,0.3230769230769231,0.32479284939261754,0.2,0.92,0.1,0.882705188096507,0.2773500981126146
419,neutral,9,explore,0.11298495809013792,create,0.05,create,0.75,0.26249999999999996,0.4178205549612793,0.2,0.02,0.0,0.7173355968711412,0.5
419,neutral,9,explore,0.11298495809013792,explore,0.05,explore,0.75,0.26249999999999996,0.4178205549612793,0.2,0.02,0.0,0.7173355968711412,0.5
419,neutral,9,explore,0.11298495809013792,finish,0.05,finish,0.75,0.26249999999999996,0.4178205549612793,0.2,0.02,0.0,0.7173355968711412,0.5
419,neutral,9,explore,0.11298495809013792,connect,0.05,connect,0.75,0.26249999999999996,0.4178205549612793,0.2,0.02,0.0,0.7173355968711412,0.5
419,no-aversion,0,connect,0.0,understand,0.05,understand,0.75,0.26249999999999996,0.4178205549612793,0.13148227767316825,0.02,0.1,0.8618028326344475,0.5
419,no-aversion,0,connect,0.0,create,0.05,create,0.75,0.26249999999999996,0.4178205549612793,0.17973735185437487,0.02,0.0,0.8100579068156541,0.5
419,no-aversion,0,connect,0.0,explore,0.05,explore,0.75,0.26249999999999996,0.4178205549612793,0.16257996287156284,0.02,0.0,0.7929005178328421,0.5
419,no-aversion,0,connect,0.0,finish,0.05,finish,0.75,0.26249999999999996,0.4178205549612793,0.06792320623257601,0.02,0.0,0.6982437611938552,0.5
419,no-aversion,0,connect,0.0,connect,0.05,connect,0.75,0.26249999999999996,0.4178205549612793,0.458277201368318,0.92,0.0,1.0885977563295972,0.5
419,no-aversion,1,connect,0.0,understand,0.05,understand,0.75,0.26249999999999996,0.4178205549612793,0.13638574099742273,0.02,0.1,0.8667062959587019,0.5
419,no-aversion,1,connect,0.0,create,0.05,create,0.75,0.26249999999999996,0.4178205549612793,0.18497239362785783,0.02,0.0,0.815292948589137,0.5
419,no-aversion,1,connect,0.0,explore,0.05,explore,0.75,0.26249999999999996,0.4178205549612793,0.16769710988416808,0.02,0.0,0.7980176648454473,0.5
419,no-aversion,1,connect,0.0,finish,0.05,finish,0.75,0.26249999999999996,0.4178205549612793,0.07238993168624855,0.02,0.0,0.7027104866475278,0.5
419,no-aversion,1,connect,0.0,connect,0.05,connect,0.6,0.21,0.3957653101386611,0.4385548238043028,0.92,0.0,0.9943201339429637,0.4472135954999579
419,no-aversion,2,connect,0.0,understand,0.05,understand,0.75,0.26249999999999996,0.4178205549612793,0.1411610430533288,0.02,0.1,0.8714815980146079,0.5
419,no-aversion,2,connect,0.0,create,0.05,create,0.75,0.26249999999999996,0.4178205549612793,0.1900238926776614,0.02,0.0,0.8203444476389405,0.5
419,no-aversion,2,connect,0.0,explore,0.05,explore,0.75,0.26249999999999996,0.4178205549612793,0.17265040539080875,0.02,0.0,0.802970960352088,0.5
419,no-aversion,2,connect,0.0,finish,0.05,finish,0.75,0.26249999999999996,0.4178205549612793,0.07680144144124786,0.02,0.0,0.707121996402527,0.5
419,no-aversion,2,connect,0.0,connect,0.05,connect,0.5,0.175,0.37948480476424445,0.41936321743695315,0.92,0.0,0.9238480222011975,0.4082482904638631
419,no-aversion,3,understand,0.0,understand,0.05,understand,0.75,0.26249999999999996,0.4178205549612793,0.14580085612203844,0.92,0.1,0.8761214110833176,0.5
419,no-aversion,3,understand,0.0,create,0.05,create,0.75,0.26249999999999996,0.4178205549612793,0.19488517683419965,0.02,0.0,0.8252057317954788,0.5
419,no-aversion,3,understand,0.0,explore,0.05,explore,0.75,0.26249999999999996,0.4178205549612793,0.17743294413731917,0.02,0.0,0.8077534990985984,0.5
419,no-aversion,3,understand,0.0,finish,0.05,finish,0.75,0.26249999999999996,0.4178205549612793,0.08114954432336728,0.02,0.0,0.7114700992846466,0.5
419,no-aversion,3,understand,0.0,connect,0.05,connect,0.42857142857142855,0.15,0.36683160334900244,0.4007314785830755,0.02,0.0,0.8675630819320779,0.3779644730092272
419,no-aversion,4,understand,0.0,understand,0.05,understand,0.8,0.27999999999999997,0.3957653101386611,0.16216210696194663,0.92,0.1,0.8879274171006076,0.4472135954999579
419,no-aversion,4,understand,0.0,create,0.05,create,0.75,0.26249999999999996,0.4178205549612793,0.19150197101186692,0.02,0.0,0.8218225259731462,0.5
419,no-aversion,4,understand,0.0,explore,0.05,explore,0.75,0.26249999999999996,0.4178205549612793,0.1747109144400949,0.02,0.0,0.805031469401374,0.5
419,no-aversion,4,understand,0.0,finish,0.05,finish,0.75,0.26249999999999996,0.4178205549612793,0.08207520179069913,0.02,0.0,0.7123957567519783,0.5
419,no-aversion,4,understand,0.0,connect,0.05,connect,0.42857142857142855,0.15,0.36683160334900244,0.3895498057953925,0.02,0.0,0.8563814091443949,0.3779644730092272
419,no-aversion,5,understand,0.0,understand,0.05,understand,0.8333333333333334,0.2916666666666667,0.37948480476424445,0.17955097557256158,0.92,0.1,0.9007024470034727,0.4082482904638631
419,no-aversion,5,understand,0.0,create,0.05,create,0.75,0.26249999999999996,0.4178205549612793,0.1878703823693386,0.02,0.0,0.8181909373306178,0.5
419,no-aversion,5,understand,0.0,explore,0.05,explore,0.75,0.26249999999999996,0.4178205549612793,0.17174847001551957,0.02,0.0,0.8020690249767988,0.5
419,no-aversion,5,understand,0.0,finish,0.05,finish,0.75,0.26249999999999996,0.4178205549612793,0.08280440423958514,0.02,0.0,0.7131249592008644,0.5
419,no-aversion,5,understand,0.0,connect,0.05,connect,0.42857142857142855,0.15,0.36683160334900244,0.378025767802995,0.02,0.0,0.8448573711519974,0.3779644730092272
419,no-aversion,6,understand,0.0,understand,0.05,understand,0.8571428571428571,0.3,0.36683160334900244,0.1979542598428445,0.92,0.1,0.9147858631918468,0.3779644730092272
419,no-aversion,6,understand,0.0,create,0.05,create,0.75,0.26249999999999996,0.4178205549612793,0.1839925520859403,0.02,0.0,0.8143131070472195,0.5
419,no-aversion,6,understand,0.0,explore,0.05,explore,0.75,0.26249999999999996,0.4178205549612793,0.16854666800100254,0.02,0.0,0.7988672229622817,0.5
419,no-aversion,6,understand,0.0,finish,0.05,finish,0.75,0.26249999999999996,0.4178205549612793,0.08333222818346285,0.02,0.0,0.7136527831447421,0.5
419,no-aversion,6,understand,0.0,connect,0.05,connect,0.42857142857142855,0.15,0.36683160334900244,0.36617429188674994,0.02,0.0,0.8330058952357523,0.3779644730092272
419,no-aversion,7,understand,0.0,understand,0.05,understand,0.875,0.30624999999999997,0.35663215134676324,0.21734444527650545,0.92,0.1,0.9302265966232687,0.35355339059327373
419,no-aversion,7,understand,0.0,create,0.05,create,0.75,0.26249999999999996,0.4178205549612793,0.17987389973145226,0.02,0.0,0.8101944546927315,0.5
419,no-aversion,7,understand,0.0,explore,0.05,explore,0.75,0.26249999999999996,0.4178205549612793,0.16510956368621318,0.02,0.0,0.7954301186474924,0.5
419,no-aversion,7,understand,0.0,finish,0.05,finish,0.75,0.26249999999999996,0.4178205549612793,0.08365520222302941,0.02,0.0,0.7139757571843086,0.5
419,no-aversion,7,understand,0.0,connect,0.05,connect,0.42857142857142855,0.15,0.36683160334900244,0.3540168890827996,0.02,0.0,0.820848492431802,0.3779644730092272
419,no-aversion,8,understand,0.0,understand,0.05,understand,0.8888888888888888,0.31111111111111106,0.34818379580106606,0.23767866716990863,0.92,0.1,0.9469735740820857,0.3333333333333333
419,no-aversion,8,understand,0.0,create,0.05,create,0.75,0.26249999999999996,0.4178205549612793,0.17552338315205704,0.02,0.0,0.8058439381133362,0.5
419,no-aversion,8,understand,0.0,explore,0.05,explore,0.75,0.26249999999999996,0.4178205549612793,0.16144447080149296,0.02,0.0,0.7917650257627722,0.5
419,no-aversion,8,understand,0.0,finish,0.05,finish,0.75,0.26249999999999996,0.4178205549612793,0.08377156955503806,0.02,0.0,0.7140921245163172,0.5
419,no-aversion,8,understand,0.0,connect,0.05,connect,0.42857142857142855,0.15,0.36683160334900244,0.3415819093215034,0.02,0.0,0.8084135126705058,0.3779644730092272
419,no-aversion,9,explore,0.0,understand,0.05,understand,0.9,0.315,0.34103673817196045,0.25889806214797706,0.92,0.1,0.9649348003199374,0.31622776601683794
419,no-aversion,9,explore,0.0,create,0.05,create,0.75,0.26249999999999996,0.4178205549612793,0.17095367134670822,0.02,0.0,0.8012742263079875,0.5
419,no-aversion,9,explore,0.0,explore,0.05,explore,0.75,0.26249999999999996,0.4178205549612793,0.15756214445562208,0.02,0.0,0.7878826994169013,0.5
419,no-aversion,9,explore,0.0,finish,0.05,finish,0.75,0.26249999999999996,0.4178205549612793,0.08368152641846924,0.02,0.0,0.7140020813797485,0.5
419,no-aversion,9,explore,0.0,connect,0.05,connect,0.42857142857142855,0.15,0.36683160334900244,0.3289045956312233,0.02,0.0,0.7957361989802257,0.3779644730092272
419,no-dream,0,connect,0.11298495809013792,understand,0.05,understand,0.75,0.26249999999999996,0.4178205549612793,0.13148227767316825,0.02,0.1,0.7488178745443096,0.5
419,no-dream,0,connect,0.11298495809013792,create,0.05,create,0.75,0.26249999999999996,0.4178205549612793,0.17973735185437487,0.02,0.0,0.6970729487255163,0.5
419,no-dream,0,connect,0.11298495809013792,explore,0.05,explore,0.75,0.26249999999999996,0.4178205549612793,0.16257996287156284,0.02,0.0,0.6799155597427042,0.5
419,no-dream,0,connect,0.11298495809013792,finish,0.05,finish,0.75,0.26249999999999996,0.4178205549612793,0.06792320623257601,0.02,0.0,0.5852588031037174,0.5
419,no-dream,0,connect,0.11298495809013792,connect,0.05,connect,0.75,0.26249999999999996,0.4178205549612793,0.458277201368318,0.92,0.0,0.9756127982394593,0.5
419,no-dream,1,connect,0.11298495809013792,understand,0.05,understand,0.75,0.26249999999999996,0.4178205549612793,0.13638574099742273,0.02,0.1,0.753721337868564,0.5
419,no-dream,1,connect,0.11298495809013792,create,0.05,create,0.75,0.26249999999999996,0.4178205549612793,0.18497239362785783,0.02,0.0,0.7023079904989991,0.5
419,no-dream,1,connect,0.11298495809013792,explore,0.05,explore,0.75,0.26249999999999996,0.4178205549612793,0.16769710988416808,0.02,0.0,0.6850327067553095,0.5
419,no-dream,1,connect,0.11298495809013792,finish,0.05,finish,0.75,0.26249999999999996,0.4178205549612793,0.07238993168624855,0.02,0.0,0.5897255285573899,0.5
419,no-dream,1,connect,0.17512668503971376,connect,0.05,connect,0.6,0.21,0.3957653101386611,0.4385548238043028,0.92,0.0,0.81919344890325,0.4472135954999579
419,no-dream,2,understand,0.11298495809013792,understand,0.05,understand,0.75,0.26249999999999996,0.4178205549612793,0.1411610430533288,0.92,0.1,0.75849663992447,0.5
419,no-dream,2,understand,0.11298495809013792,create,0.05,create,0.75,0.26249999999999996,0.4178205549612793,0.1900238926776614,0.02,0.0,0.7073594895488027,0.5
419,no-dream,2,understand,0.11298495809013792,explore,0.05,explore,0.75,0.26249999999999996,0.4178205549612793,0.17265040539080875,0.02,0.0,0.6899860022619502,0.5
419,no-dream,2,understand,0.11298495809013792,finish,0.05,finish,0.75,0.26249999999999996,0.4178205549612793,0.07680144144124786,0.02,0.0,0.5941370383123892,0.5
419,no-dream,2,understand,0.22484006659937444,connect,0.05,connect,0.5,0.175,0.37948480476424445,0.41936321743695315,0.02,0.0,0.6990079556018232,0.4082482904638631
419,no-dream,3,understand,0.09038796647211034,understand,0.05,understand,0.8,0.27999999999999997,0.3957653101386611,0.15721790614212472,0.92,0.1,0.7925952498086754,0.4472135954999579
419,no-dream,3,understand,0.11298495809013792,create,0.05,create,0.75,0.26249999999999996,0.4178205549612793,0.18693109622042514,0.02,0.0,0.7042666930915664,0.5
419,no-dream,3,understand,0.11298495809013792,explore,0.05,explore,0.75,0.26249999999999996,0.4178205549612793,0.17020608848707294,0.02,0.0,0.6875416853582144,0.5
419,no-dream,3,understand,0.11298495809013792,finish,0.05,finish,0.75,0.26249999999999996,0.4178205549612793,0.07793476512971075,0.02,0.0,0.5952703620008521,0.5
419,no-dream,3,understand,0.22484006659937444,connect,0.05,connect,0.5,0.175,0.37948480476424445,0.40771014402066647,0.02,0.0,0.6873548821855364,0.4082482904638631
419,no-dream,4,understand,0.07231037317768828,understand,0.05,understand,0.8333333333333334,0.2916666666666667,0.37948480476424445,0.1743037379724712,0.92,0.1,0.8231448362256939,0.4082482904638631
419,no-dream,4,understand,0.11298495809013792,create,0.05,create,0.75,0.26249999999999996,0.4178205549612793,0.1835925791132329,0.02,0.0,0.7009281759843742,0.5
419,no-dream,4,understand,0.11298495809013792,explore,0.05,explore,0.75,0.26249999999999996,0.4178205549612793,0.16752415959795008,0.02,0.0,0.6848597564690915,0.5
419,no-dream,4,understand,0.11298495809013792,finish,0.05,finish,0.75,0.26249999999999996,0.4178205549612793,0.07887521207132078,0.02,0.0,0.596210808942462,0.5
419,no-dream,4,understand,0.22484006659937444,connect,0.05,connect,0.5,0.175,0.37948480476424445,0.395704311245025,0.02,0.0,0.675349049409895,0.4082482904638631
419,no-dream,5,understand,0.05784829854215063,understand,0.05,understand,0.8571428571428571,0.3,0.36683160334900244,0.19240932356811102,0.92,0.1,0.8513926283749628,0.3779644730092272
419,no-dream,5,understand,0.11298495809013792,create,0.05,create,0.75,0.26249999999999996,0.4178205549612793,0.18000924283132314,0.02,0.0,0.6973448397024644,0.5
419,no-dream,5,understand,0.11298495809013792,explore,0.05,explore,0.75,0.26249999999999996,0.4178205549612793,0.1646045333052553,0.02,0.0,0.6819401301763965,0.5
419,no-dream,5,understand,0.11298495809013792,finish,0.05,finish,0.75,0.26249999999999996,0.4178205549612793,0.07961725218899424,0.02,0.0,0.5969528490601355,0.5
419,no-dream,5,understand,0.22484006659937444,connect,0.05,connect,0.5,0.175,0.37948480476424445,0.38335964810631623,0.02,0.0,0.6630043862711863,0.4082482904638631
419,no-dream,6,understand,0.0462786388337205,understand,0.05,understand,0.875,0.30624999999999997,0.35663215134676324,0.21151150275974506,0.92,0.1,0.8781150152727877,0.35355339059327373
419,no-dream,6,understand,0.11298495809013792,create,0.05,create,0.75,0.26249999999999996,0.4178205549612793,0.1761850852693105,0.02,0.0,0.6935206821404518,0.5
419,no-dream,6,understand,0.11298495809013792,explore,0.05,explore,0.75,0.26249999999999996,0.4178205549612793,0.16144994621992054,0.02,0.0,0.6787855430910619,0.5
419,no-dream,6,understand,0.11298495809013792,finish,0.05,finish,0.75,0.26249999999999996,0.4178205549612793,0.08015666363263378,0.02,0.0,0.5974922605037751,0.5
419,no-dream,6,understand,0.22484006659937444,connect,0.05,connect,0.5,0.175,0.37948480476424445,0.3706968021183901,0.02,0.0,0.6503415402832602,0.4082482904638631
419,no-dream,7,understand,0.0370229110669764,understand,0.05,understand,0.8888888888888888,0.31111111111111106,0.34818379580106606,0.231572035745651,0.92,0.1,0.9038440315908517,0.3333333333333333
419,no-dream,7,understand,0.11298495809013792,create,0.05,create,0.75,0.26249999999999996,0.4178205549612793,0.17212748125705726,0.02,0.0,0.6894630781281985,0.5
419,no-dream,7,understand,0.11298495809013792,explore,0.05,explore,0.75,0.26249999999999996,0.4178205549612793,0.15806623532037878,0.02,0.0,0.6754018321915201,0.5
419,no-dream,7,understand,0.11298495809013792,finish,0.05,finish,0.75,0.26249999999999996,0.4178205549612793,0.08049079910438561,0.02,0.0,0.597826395975527,0.5
419,no-dream,7,understand,0.22484006659937444,connect,0.05,connect,0.5,0.175,0.37948480476424445,0.35774344857252743,0.02,0.0,0.6373881867373974,0.4082482904638631
419,no-dream,8,understand,0.029618328853581125,understand,0.05,understand,0.9,0.315,0.34103673817196045,0.25253682969710534,0.92,0.1,0.9289552390154845,0.31622776601683794
419,no-dream,8,understand,0.11298495809013792,create,0.05,create,0.75,0.26249999999999996,0.4178205549612793,0.16784738582322697,0.02,0.0,0.6851829826943683,0.5
419,no-dream,8,understand,0.11298495809013792,explore,0.05,explore,0.75,0.26249999999999996,0.4178205549612793,0.1544625481940655,0.02,0.0,0.6717981450652069,0.5
419,no-dream,8,understand,0.11298495809013792,finish,0.05,finish,0.75,0.26249999999999996,0.4178205549612793,0.08061883459725233,0.02,0.0,0.5979544314683936,0.5
419,no-dream,8,understand,0.22484006659937444,connect,0.05,connect,0.5,0.175,0.37948480476424445,0.34453440168834987,0.02,0.0,0.6241791398532199,0.4082482904638631
419,no-dream,9,explore,0.0236946630828649,understand,0.05,understand,0.9090909090909091,0.3181818181818182,0.33488791479924235,0.2743356189542041,0.92,0.1,0.9537106888523995,0.30151134457776363
419,no-dream,9,explore,0.11298495809013792,create,0.05,create,0.75,0.26249999999999996,0.4178205549612793,0.16335943856889448,0.02,0.0,0.6806950354400358,0.5
419,no-dream,9,explore,0.11298495809013792,explore,0.05,explore,0.75,0.26249999999999996,0.4178205549612793,0.15065146459922293,0.02,0.0,0.6679870614703642,0.5
419,no-dream,9,explore,0.11298495809013792,finish,0.05,finish,0.75,0.26249999999999996,0.4178205549612793,0.08054198578360498,0.02,0.0,0.5978775826547462,0.5
419,no-dream,9,explore,0.22484006659937444,connect,0.05,connect,0.5,0.175,0.37948480476424445,0.3311114920940735,0.02,0.0,0.6107562302589435,0.4082482904638631
419,restarted,0,connect,0.11298495809013792,understand,0.05,understand,0.75,0.26249999999999996,0.4178205549612793,0.13148227767316825,0.02,0.1,0.7488178745443096,0.5
419,restarted,0,connect,0.11298495809013792,create,0.05,create,0.75,0.26249999999999996,0.4178205549612793,0.17973735185437487,0.02,0.0,0.6970729487255163,0.5
419,restarted,0,connect,0.11298495809013792,explore,0.05,explore,0.75,0.26249999999999996,0.4178205549612793,0.16257996287156284,0.02,0.0,0.6799155597427042,0.5
419,restarted,0,connect,0.11298495809013792,finish,0.05,finish,0.75,0.26249999999999996,0.4178205549612793,0.06792320623257601,0.02,0.0,0.5852588031037174,0.5
419,restarted,0,connect,0.11298495809013792,connect,0.05,connect,0.75,0.26249999999999996,0.4178205549612793,0.458277201368318,0.92,0.0,0.9756127982394593,0.5
419,restarted,1,connect,0.11298495809013792,understand,0.05,understand,0.75,0.26249999999999996,0.4178205549612793,0.13638574099742273,0.02,0.1,0.753721337868564,0.5
419,restarted,1,connect,0.11298495809013792,create,0.05,create,0.75,0.26249999999999996,0.4178205549612793,0.18497239362785783,0.02,0.0,0.7023079904989991,0.5
419,restarted,1,connect,0.11298495809013792,explore,0.05,explore,0.75,0.26249999999999996,0.4178205549612793,0.16769710988416808,0.02,0.0,0.6850327067553095,0.5
419,restarted,1,connect,0.11298495809013792,finish,0.05,finish,0.75,0.26249999999999996,0.4178205549612793,0.07238993168624855,0.02,0.0,0.5897255285573899,0.5
419,restarted,1,connect,0.17512668503971376,connect,0.05,connect,0.6,0.21,0.3957653101386611,0.4385548238043028,0.92,0.0,0.81919344890325,0.4472135954999579
419,restarted,2,understand,0.11298495809013792,understand,0.05,understand,0.75,0.26249999999999996,0.4178205549612793,0.1411610430533288,0.92,0.1,0.75849663992447,0.5
419,restarted,2,understand,0.11298495809013792,create,0.05,create,0.75,0.26249999999999996,0.4178205549612793,0.1900238926776614,0.02,0.0,0.7073594895488027,0.5
419,restarted,2,understand,0.11298495809013792,explore,0.05,explore,0.75,0.26249999999999996,0.4178205549612793,0.17265040539080875,0.02,0.0,0.6899860022619502,0.5
419,restarted,2,understand,0.11298495809013792,finish,0.05,finish,0.75,0.26249999999999996,0.4178205549612793,0.07680144144124786,0.02,0.0,0.5941370383123892,0.5
419,restarted,2,understand,0.22484006659937444,connect,0.05,connect,0.5,0.175,0.37948480476424445,0.41936321743695315,0.02,0.0,0.6990079556018232,0.4082482904638631
419,restarted,3,understand,0.09038796647211034,understand,0.05,understand,0.8,0.27999999999999997,0.3957653101386611,0.15721790614212472,0.92,0.1,0.7925952498086754,0.4472135954999579
419,restarted,3,understand,0.11298495809013792,create,0.05,create,0.75,0.26249999999999996,0.4178205549612793,0.18693109622042514,0.02,0.0,0.7042666930915664,0.5
419,restarted,3,understand,0.11298495809013792,explore,0.05,explore,0.75,0.26249999999999996,0.4178205549612793,0.17020608848707294,0.02,0.0,0.6875416853582144,0.5
419,restarted,3,understand,0.11298495809013792,finish,0.05,finish,0.75,0.26249999999999996,0.4178205549612793,0.07793476512971075,0.02,0.0,0.5952703620008521,0.5
419,restarted,3,understand,0.22484006659937444,connect,0.05,connect,0.5,0.175,0.37948480476424445,0.40771014402066647,0.02,0.0,0.6873548821855364,0.4082482904638631
419,restarted,4,understand,0.07231037317768828,understand,0.05,understand,0.8333333333333334,0.2916666666666667,0.37948480476424445,0.1743037379724712,0.92,0.1,0.8231448362256939,0.4082482904638631
419,restarted,4,understand,0.11298495809013792,create,0.05,create,0.75,0.26249999999999996,0.4178205549612793,0.1835925791132329,0.02,0.0,0.7009281759843742,0.5
419,restarted,4,understand,0.11298495809013792,explore,0.05,explore,0.75,0.26249999999999996,0.4178205549612793,0.16752415959795008,0.02,0.0,0.6848597564690915,0.5
419,restarted,4,understand,0.11298495809013792,finish,0.05,finish,0.75,0.26249999999999996,0.4178205549612793,0.07887521207132078,0.02,0.0,0.596210808942462,0.5
419,restarted,4,understand,0.22484006659937444,connect,0.05,connect,0.5,0.175,0.37948480476424445,0.395704311245025,0.02,0.0,0.675349049409895,0.4082482904638631
419,restarted,5,understand,0.05784829854215063,understand,0.05,understand,0.8571428571428571,0.3,0.36683160334900244,0.19240932356811102,0.92,0.1,0.8513926283749628,0.3779644730092272
419,restarted,5,understand,0.11298495809013792,create,0.05,create,0.75,0.26249999999999996,0.4178205549612793,0.18000924283132314,0.02,0.0,0.6973448397024644,0.5
419,restarted,5,understand,0.11298495809013792,explore,0.05,explore,0.75,0.26249999999999996,0.4178205549612793,0.1646045333052553,0.02,0.0,0.6819401301763965,0.5
419,restarted,5,understand,0.11298495809013792,finish,0.05,finish,0.75,0.26249999999999996,0.4178205549612793,0.07961725218899424,0.02,0.0,0.5969528490601355,0.5
419,restarted,5,understand,0.22484006659937444,connect,0.05,connect,0.5,0.175,0.37948480476424445,0.38335964810631623,0.02,0.0,0.6630043862711863,0.4082482904638631
419,restarted,6,understand,0.0462786388337205,understand,0.05,understand,0.875,0.30624999999999997,0.35663215134676324,0.21151150275974506,0.92,0.1,0.8781150152727877,0.35355339059327373
419,restarted,6,understand,0.11298495809013792,create,0.05,create,0.75,0.26249999999999996,0.4178205549612793,0.1761850852693105,0.02,0.0,0.6935206821404518,0.5
419,restarted,6,understand,0.11298495809013792,explore,0.05,explore,0.75,0.26249999999999996,0.4178205549612793,0.16144994621992054,0.02,0.0,0.6787855430910619,0.5
419,restarted,6,understand,0.11298495809013792,finish,0.05,finish,0.75,0.26249999999999996,0.4178205549612793,0.08015666363263378,0.02,0.0,0.5974922605037751,0.5
419,restarted,6,understand,0.22484006659937444,connect,0.05,connect,0.5,0.175,0.37948480476424445,0.3706968021183901,0.02,0.0,0.6503415402832602,0.4082482904638631
419,restarted,7,understand,0.0370229110669764,understand,0.05,understand,0.8888888888888888,0.31111111111111106,0.34818379580106606,0.231572035745651,0.92,0.1,0.9038440315908517,0.3333333333333333
419,restarted,7,understand,0.11298495809013792,create,0.05,create,0.75,0.26249999999999996,0.4178205549612793,0.17212748125705726,0.02,0.0,0.6894630781281985,0.5
419,restarted,7,understand,0.11298495809013792,explore,0.05,explore,0.75,0.26249999999999996,0.4178205549612793,0.15806623532037878,0.02,0.0,0.6754018321915201,0.5
419,restarted,7,understand,0.11298495809013792,finish,0.05,finish,0.75,0.26249999999999996,0.4178205549612793,0.08049079910438561,0.02,0.0,0.597826395975527,0.5
419,restarted,7,understand,0.22484006659937444,connect,0.05,connect,0.5,0.175,0.37948480476424445,0.35774344857252743,0.02,0.0,0.6373881867373974,0.4082482904638631
419,restarted,8,understand,0.029618328853581125,understand,0.05,understand,0.9,0.315,0.34103673817196045,0.25253682969710534,0.92,0.1,0.9289552390154845,0.31622776601683794
419,restarted,8,understand,0.11298495809013792,create,0.05,create,0.75,0.26249999999999996,0.4178205549612793,0.16784738582322697,0.02,0.0,0.6851829826943683,0.5
419,restarted,8,understand,0.11298495809013792,explore,0.05,explore,0.75,0.26249999999999996,0.4178205549612793,0.1544625481940655,0.02,0.0,0.6717981450652069,0.5
419,restarted,8,understand,0.11298495809013792,finish,0.05,finish,0.75,0.26249999999999996,0.4178205549612793,0.08061883459725233,0.02,0.0,0.5979544314683936,0.5
419,restarted,8,understand,0.22484006659937444,connect,0.05,connect,0.5,0.175,0.37948480476424445,0.34453440168834987,0.02,0.0,0.6241791398532199,0.4082482904638631
419,restarted,9,explore,0.0236946630828649,understand,0.05,understand,0.9090909090909091,0.3181818181818182,0.33488791479924235,0.2743356189542041,0.92,0.1,0.9537106888523995,0.30151134457776363
419,restarted,9,explore,0.11298495809013792,create,0.05,create,0.75,0.26249999999999996,0.4178205549612793,0.16335943856889448,0.02,0.0,0.6806950354400358,0.5
419,restarted,9,explore,0.11298495809013792,explore,0.05,explore,0.75,0.26249999999999996,0.4178205549612793,0.15065146459922293,0.02,0.0,0.6679870614703642,0.5
419,restarted,9,explore,0.11298495809013792,finish,0.05,finish,0.75,0.26249999999999996,0.4178205549612793,0.08054198578360498,0.02,0.0,0.5978775826547462,0.5
419,restarted,9,explore,0.22484006659937444,connect,0.05,connect,0.5,0.175,0.37948480476424445,0.3311114920940735,0.02,0.0,0.6107562302589435,0.4082482904638631
